disease,region,window,config,year_seasonality,wet_regressor,MAE,RMSE,MAPE,val_mean_yhat,val_mean_y,months,naive_MAE,skill_pct
Dengue,Bangsamoro (BARMM),last_12m,A,True,False,298.22,337.38,86.45,801.88,503.67,12,,
Dengue,Bangsamoro (BARMM),2025_prospective,A,True,False,590.41,645.21,126.49,1094.5,504.08,12,,
Dengue,Bangsamoro (BARMM),last_12m,B,False,True,300.8,368.85,97.06,757.2,503.67,12,,
Dengue,Bangsamoro (BARMM),2025_prospective,B,False,True,397.44,476.23,104.74,898.47,504.08,12,,
Dengue,Bangsamoro (BARMM),last_12m,C,True,True,279.59,326.78,69.88,699.69,503.67,12,,
Dengue,Bangsamoro (BARMM),2025_prospective,C,True,True,281.86,334.63,65.3,783.04,504.08,12,,
Dengue,Bicol Region,last_12m,A,True,False,134.27,163.24,56.68,155.06,273.5,12,,
Dengue,Bicol Region,2025_prospective,A,True,False,125.17,138.7,62.28,116.35,209.42,12,,
Dengue,Bicol Region,last_12m,B,False,True,154.5,217.92,61.48,146.11,273.5,12,,
Dengue,Bicol Region,2025_prospective,B,False,True,116.07,130.97,62.08,124.69,209.42,12,,
Dengue,Bicol Region,last_12m,C,True,True,82.31,119.95,33.51,191.19,273.5,12,,
Dengue,Bicol Region,2025_prospective,C,True,True,85.25,103.04,39.74,188.11,209.42,12,,
Dengue,CALABARZON,last_12m,A,True,False,1495.87,2179.78,60.3,3623.68,2490.5,12,,
Dengue,CALABARZON,2025_prospective,A,True,False,2972.51,3813.59,74.16,3591.72,3944.83,12,,
Dengue,CALABARZON,last_12m,B,False,True,1424.37,1888.99,78.32,2638.69,2490.5,12,,
Dengue,CALABARZON,2025_prospective,B,False,True,2701.06,3535.44,85.48,3473.01,3944.83,12,,
Dengue,CALABARZON,last_12m,C,True,True,1151.42,1489.55,49.48,1957.55,2490.5,12,,
Dengue,CALABARZON,2025_prospective,C,True,True,2620.12,3644.11,58.5,4033.24,3944.83,12,,
Dengue,Cagayan Valley,last_12m,A,True,False,535.47,676.46,133.27,1214.66,712.17,12,,
Dengue,Cagayan Valley,2025_prospective,A,True,False,414.72,520.35,85.24,1242.95,992.83,12,,
Dengue,Cagayan Valley,last_12m,B,False,True,504.2,685.88,149.4,1163.97,712.17,12,,
Dengue,Cagayan Valley,2025_prospective,B,False,True,442.39,629.81,104.44,1217.14,992.83,12,,
Dengue,Cagayan Valley,last_12m,C,True,True,536.34,677.41,133.2,1213.39,712.17,12,,
Dengue,Cagayan Valley,2025_prospective,C,True,True,414.93,519.43,84.89,1240.39,992.83,12,,
Dengue,Caraga,last_12m,A,True,False,507.87,649.25,220.05,773.59,374.17,12,,
Dengue,Caraga,2025_prospective,A,True,False,1026.17,1416.46,286.7,1523.09,528.25,12,,
Dengue,Caraga,last_12m,B,False,True,521.33,538.54,208.95,683.87,374.17,12,,
Dengue,Caraga,2025_prospective,B,False,True,642.55,735.34,195.42,757.57,528.25,12,,
Dengue,Caraga,last_12m,C,True,True,428.17,505.58,184.49,691.5,374.17,12,,
Dengue,Caraga,2025_prospective,C,True,True,577.66,772.06,188.12,991.99,528.25,12,,
Dengue,Central Luzon,last_12m,A,True,False,2034.95,2659.37,58.2,4586.9,4181.0,12,,
Dengue,Central Luzon,2025_prospective,A,True,False,2406.83,2871.88,41.08,3583.0,5989.83,12,,
Dengue,Central Luzon,last_12m,B,False,True,2273.51,2540.89,90.92,4742.3,4181.0,12,,
Dengue,Central Luzon,2025_prospective,B,False,True,2484.52,3009.45,38.74,4067.88,5989.83,12,,
Dengue,Central Luzon,last_12m,C,True,True,2545.86,3126.8,78.38,5543.04,4181.0,12,,
Dengue,Central Luzon,2025_prospective,C,True,True,2421.27,2788.4,41.65,4059.17,5989.83,12,,
Dengue,Central Visayas,last_12m,A,True,False,861.14,1035.43,103.7,1522.16,1120.5,12,,
Dengue,Central Visayas,2025_prospective,A,True,False,1723.58,2834.2,197.04,2564.57,911.17,12,,
Dengue,Central Visayas,last_12m,B,False,True,873.67,1064.24,100.17,1323.37,1120.5,12,,
Dengue,Central Visayas,2025_prospective,B,False,True,1306.53,1875.46,180.05,1624.05,911.17,12,,
Dengue,Central Visayas,last_12m,C,True,True,946.79,1372.18,90.05,1112.5,1120.5,12,,
Dengue,Central Visayas,2025_prospective,C,True,True,2721.04,4018.81,300.91,3478.24,911.17,12,,
Dengue,Cordillera Administrative Region,last_12m,A,True,False,827.73,1172.33,100.57,581.57,893.17,12,,
Dengue,Cordillera Administrative Region,2025_prospective,A,True,False,2612.99,3796.55,335.54,3191.17,738.67,12,,
Dengue,Cordillera Administrative Region,last_12m,B,False,True,744.07,1043.82,89.59,562.8,893.17,12,,
Dengue,Cordillera Administrative Region,2025_prospective,B,False,True,1296.32,2034.72,154.61,1572.11,738.67,12,,
Dengue,Cordillera Administrative Region,last_12m,C,True,True,866.89,1179.5,101.95,869.2,893.17,12,,
Dengue,Cordillera Administrative Region,2025_prospective,C,True,True,2418.19,3576.94,316.82,2724.85,738.67,12,,
Dengue,Davao Region,last_12m,A,True,False,1003.71,1138.74,146.38,2096.61,1175.92,12,,
Dengue,Davao Region,2025_prospective,A,True,False,1841.5,2203.46,203.81,3001.5,1160.0,12,,
Dengue,Davao Region,last_12m,B,False,True,872.48,1050.66,129.19,1803.56,1175.92,12,,
Dengue,Davao Region,2025_prospective,B,False,True,1198.06,1400.54,151.86,2338.28,1160.0,12,,
Dengue,Davao Region,last_12m,C,True,True,979.79,1130.74,111.9,1305.63,1175.92,12,,
Dengue,Davao Region,2025_prospective,C,True,True,1246.81,1465.29,120.84,2299.4,1160.0,12,,
Dengue,Eastern Visayas,last_12m,A,True,False,154.54,196.5,108.55,66.42,171.33,12,,
Dengue,Eastern Visayas,2025_prospective,A,True,False,399.06,642.46,180.9,393.54,263.5,12,,
Dengue,Eastern Visayas,last_12m,B,False,True,168.54,207.31,174.79,107.88,171.33,12,,
Dengue,Eastern Visayas,2025_prospective,B,False,True,349.12,416.73,226.16,331.36,263.5,12,,
Dengue,Eastern Visayas,last_12m,C,True,True,142.56,189.24,88.49,28.77,171.33,12,,
Dengue,Eastern Visayas,2025_prospective,C,True,True,211.62,331.14,95.87,368.25,263.5,12,,
Dengue,Ilocos Region,last_12m,A,True,False,284.1,436.95,25.09,1340.21,1150.83,12,,
Dengue,Ilocos Region,2025_prospective,A,True,False,423.63,643.13,38.48,1331.47,1265.33,12,,
Dengue,Ilocos Region,last_12m,B,False,True,593.54,753.15,68.45,1240.26,1150.83,12,,
Dengue,Ilocos Region,2025_prospective,B,False,True,679.17,792.48,70.84,1220.02,1265.33,12,,
Dengue,Ilocos Region,last_12m,C,True,True,185.76,256.11,17.76,1152.0,1150.83,12,,
Dengue,Ilocos Region,2025_prospective,C,True,True,375.49,738.55,25.57,1532.07,1265.33,12,,
Dengue,MIMAROPA,last_12m,A,True,False,699.21,860.77,93.79,1518.88,819.67,12,,
Dengue,MIMAROPA,2025_prospective,A,True,False,833.86,1299.51,60.98,1862.06,1230.17,12,,
Dengue,MIMAROPA,last_12m,B,False,True,630.41,752.78,85.62,1450.07,819.67,12,,
Dengue,MIMAROPA,2025_prospective,B,False,True,704.87,857.38,60.93,1608.62,1230.17,12,,
Dengue,MIMAROPA,last_12m,C,True,True,287.76,345.67,32.94,635.41,819.67,12,,
Dengue,MIMAROPA,2025_prospective,C,True,True,681.51,982.97,50.3,1596.9,1230.17,12,,
Dengue,National,last_12m,A,True,False,8562.69,10884.17,48.48,28352.73,19823.42,12,,
Dengue,National,2025_prospective,A,True,False,14474.01,22033.45,53.49,29933.93,25758.08,12,,
Dengue,National,last_12m,B,False,True,11164.48,15041.68,63.39,27468.32,19823.42,12,,
Dengue,National,2025_prospective,B,False,True,16430.42,19918.85,70.08,30144.74,25758.08,12,,
Dengue,National,last_12m,C,True,True,6861.63,9088.38,35.13,16156.88,19823.42,12,,
Dengue,National,2025_prospective,C,True,True,12598.59,20803.92,45.42,35924.5,25758.08,12,,
Dengue,National Capital Region,last_12m,A,True,False,1180.86,1701.01,130.36,3230.28,2239.92,12,,
Dengue,National Capital Region,2025_prospective,A,True,False,2158.55,3011.92,135.95,2658.11,3440.67,12,,
Dengue,National Capital Region,last_12m,B,False,True,1664.44,1912.49,160.78,3165.57,2239.92,12,,
Dengue,National Capital Region,2025_prospective,B,False,True,2053.26,2674.25,124.95,3090.05,3440.67,12,,
Dengue,National Capital Region,last_12m,C,True,True,1295.86,1822.85,131.94,3102.21,2239.92,12,,
Dengue,National Capital Region,2025_prospective,C,True,True,2476.93,3121.41,150.6,3594.31,3440.67,12,,
Dengue,Negros Island Region,last_12m,A,True,False,353.12,483.77,83.95,821.09,505.25,12,,
Dengue,Negros Island Region,2025_prospective,A,True,False,1053.46,1655.83,144.06,1394.2,727.0,12,,
Dengue,Negros Island Region,last_12m,B,False,True,647.95,779.34,141.99,427.07,505.25,12,,
Dengue,Negros Island Region,2025_prospective,B,False,True,921.26,1057.12,145.31,1113.24,727.0,12,,
Dengue,Negros Island Region,last_12m,C,True,True,368.87,515.34,72.45,161.28,505.25,12,,
Dengue,Negros Island Region,2025_prospective,C,True,True,735.01,1309.4,83.04,1416.63,727.0,12,,
Dengue,Northern Mindanao,last_12m,A,True,False,519.51,554.64,97.51,1173.01,653.5,12,,
Dengue,Northern Mindanao,2025_prospective,A,True,False,964.6,1481.78,115.37,1958.3,1015.67,12,,
Dengue,Northern Mindanao,last_12m,B,False,True,685.83,851.97,132.2,1339.33,653.5,12,,
Dengue,Northern Mindanao,2025_prospective,B,False,True,961.05,1163.25,128.7,1742.22,1015.67,12,,
Dengue,Northern Mindanao,last_12m,C,True,True,525.66,603.17,85.78,899.18,653.5,12,,
Dengue,Northern Mindanao,2025_prospective,C,True,True,540.24,750.44,59.29,1468.95,1015.67,12,,
Dengue,SOCCSKSARGEN,last_12m,A,True,False,443.2,509.73,141.75,1238.78,836.67,12,,
Dengue,SOCCSKSARGEN,2025_prospective,A,True,False,767.76,866.83,122.37,1692.06,959.67,12,,
Dengue,SOCCSKSARGEN,last_12m,B,False,True,595.1,685.03,206.1,1231.67,836.67,12,,
Dengue,SOCCSKSARGEN,2025_prospective,B,False,True,534.65,708.78,159.21,1451.58,959.67,12,,
Dengue,SOCCSKSARGEN,last_12m,C,True,True,300.75,380.92,74.19,830.42,836.67,12,,
Dengue,SOCCSKSARGEN,2025_prospective,C,True,True,448.15,526.5,77.76,1279.18,959.67,12,,
Dengue,Western Visayas,last_12m,A,True,False,664.29,862.43,86.78,156.54,820.83,12,,
Dengue,Western Visayas,2025_prospective,A,True,False,1907.3,3392.2,132.04,2412.66,1241.92,12,,
Dengue,Western Visayas,last_12m,B,False,True,746.24,943.0,98.21,532.07,820.83,12,,
Dengue,Western Visayas,2025_prospective,B,False,True,1190.77,1436.88,100.82,1631.59,1241.92,12,,
Dengue,Western Visayas,last_12m,C,True,True,580.11,747.16,79.38,240.72,820.83,12,,
Dengue,Western Visayas,2025_prospective,C,True,True,1309.83,2409.34,79.22,1776.82,1241.92,12,,
Dengue,Zamboanga Peninsula,last_12m,A,True,False,354.56,508.68,48.39,763.87,900.83,12,,
Dengue,Zamboanga Peninsula,2025_prospective,A,True,False,612.29,786.02,101.39,1132.48,635.08,12,,
Dengue,Zamboanga Peninsula,last_12m,B,False,True,468.98,634.71,64.02,663.83,900.83,12,,
Dengue,Zamboanga Peninsula,2025_prospective,B,False,True,611.69,747.7,104.36,860.33,635.08,12,,
Dengue,Zamboanga Peninsula,last_12m,C,True,True,435.07,666.42,47.36,465.77,900.83,12,,
Dengue,Zamboanga Peninsula,2025_prospective,C,True,True,297.47,383.4,49.37,845.82,635.08,12,,
