disease,region,R2_fourier_explains_wet,cond_num_joint
Dengue,Bangsamoro (BARMM),1.0,6.105836147238651e+16
Dengue,Bicol Region,1.0,6.105836147238651e+16
Dengue,CALABARZON,1.0,6.105836147238651e+16
Dengue,Cagayan Valley,1.0,6.105836147238651e+16
Dengue,Caraga,1.0,6.105836147238651e+16
Dengue,Central Luzon,1.0,6.105836147238651e+16
Dengue,Central Visayas,1.0,6.105836147238651e+16
Dengue,Cordillera Administrative Region,1.0,6.105836147238651e+16
Dengue,Davao Region,1.0,6.105836147238651e+16
Dengue,Eastern Visayas,1.0,6.105836147238651e+16
Dengue,Ilocos Region,1.0,6.105836147238651e+16
Dengue,MIMAROPA,1.0,6.105836147238651e+16
Dengue,National,1.0,6.105836147238651e+16
Dengue,National Capital Region,1.0,6.105836147238651e+16
Dengue,Negros Island Region,1.0,6.105836147238651e+16
Dengue,Northern Mindanao,1.0,6.105836147238651e+16
Dengue,SOCCSKSARGEN,1.0,6.105836147238651e+16
Dengue,Western Visayas,1.0,6.105836147238651e+16
Dengue,Zamboanga Peninsula,1.0,6.105836147238651e+16
