source,date,cases,p50,p75,risk_level
line-list-2019,2019-01-01,34534,14876.5,23923.25,High
line-list-2019,2019-02-01,19631,12440.0,17625.0,High
line-list-2019,2019-03-01,12285,10478.5,12088.5,High
line-list-2019,2019-04-01,9009,8772.0,10442.25,Moderate
line-list-2019,2019-05-01,15811,13395.0,15737.5,High
line-list-2019,2019-06-01,30153,22077.5,28189.75,High
line-list-2019,2019-07-01,68915,32788.0,46783.0,High
line-list-2019,2019-08-01,101741,33302.5,78867.0,High
line-list-2019,2019-09-01,58345,30074.0,48578.0,High
line-list-2019,2019-10-01,46675,21639.5,40954.25,High
line-list-2019,2019-11-01,23597,20653.5,25745.0,Moderate
line-list-2019,2019-12-01,16393,15705.0,16270.5,High
