date,disease,cases,region
2016-01-10,Dengue,5048,National
2016-01-17,Dengue,3928,National
2016-01-24,Dengue,4209,National
2016-01-31,Dengue,3867,National
2016-02-07,Dengue,3484,National
2016-02-14,Dengue,3293,National
2016-02-21,Dengue,2998,National
2016-02-28,Dengue,2611,National
2016-03-06,Dengue,2577,National
2016-03-13,Dengue,2510,National
2016-03-20,Dengue,2227,National
2016-03-27,Dengue,1986,National
2016-04-03,Dengue,1963,National
2016-04-10,Dengue,1935,National
2016-04-17,Dengue,1761,National
2016-04-24,Dengue,1610,National
2016-05-01,Dengue,1596,National
2016-05-08,Dengue,1484,National
2016-05-15,Dengue,1720,National
2016-05-22,Dengue,1621,National
2016-05-29,Dengue,1671,National
2016-06-05,Dengue,2020,National
2016-06-12,Dengue,2391,National
2016-06-19,Dengue,2885,National
2016-06-26,Dengue,3535,National
2016-07-03,Dengue,4044,National
2016-07-10,Dengue,4602,National
2016-07-17,Dengue,5658,National
2016-07-24,Dengue,6951,National
2016-07-31,Dengue,8489,National
2016-08-07,Dengue,9121,National
2016-08-14,Dengue,9244,National
2016-08-21,Dengue,8906,National
2016-08-28,Dengue,8924,National
2016-09-04,Dengue,8423,National
2016-09-11,Dengue,8076,National
2016-09-18,Dengue,7000,National
2016-09-25,Dengue,6744,National
2016-10-02,Dengue,5640,National
2016-10-09,Dengue,5705,National
2016-10-16,Dengue,5016,National
2016-10-23,Dengue,4580,National
2016-10-30,Dengue,4812,National
2016-11-06,Dengue,4416,National
2016-11-13,Dengue,4777,National
2016-11-20,Dengue,4115,National
2016-11-27,Dengue,3993,National
2016-12-04,Dengue,3766,National
2016-12-11,Dengue,3699,National
2016-12-18,Dengue,2993,National
2016-12-25,Dengue,2528,National
2017-01-01,Dengue,2620,National
2017-01-08,Dengue,3721,National
2017-01-15,Dengue,3101,National
2017-01-22,Dengue,2908,National
2017-01-29,Dengue,2624,National
2017-02-05,Dengue,2519,National
2017-02-12,Dengue,2359,National
2017-02-19,Dengue,2149,National
2017-02-26,Dengue,1955,National
2017-03-05,Dengue,2092,National
2017-03-12,Dengue,1715,National
2017-03-19,Dengue,1613,National
2017-03-26,Dengue,1442,National
2017-04-02,Dengue,1299,National
2017-04-09,Dengue,1214,National
2017-04-16,Dengue,1127,National
2017-04-23,Dengue,1092,National
2017-04-30,Dengue,1008,National
2017-05-07,Dengue,1107,National
2017-05-14,Dengue,1109,National
2017-05-21,Dengue,1259,National
2017-05-28,Dengue,1225,National
2017-06-04,Dengue,1484,National
2017-06-11,Dengue,1761,National
2017-06-18,Dengue,2054,National
2017-06-25,Dengue,2307,National
2017-07-02,Dengue,2808,National
2017-07-09,Dengue,3044,National
2017-07-16,Dengue,3587,National
2017-07-23,Dengue,4336,National
2017-07-30,Dengue,4320,National
2017-08-06,Dengue,5340,National
2017-08-13,Dengue,5966,National
2017-08-20,Dengue,5489,National
2017-08-27,Dengue,5002,National
2017-09-03,Dengue,4384,National
2017-09-10,Dengue,4124,National
2017-09-17,Dengue,3780,National
2017-09-24,Dengue,3634,National
2017-10-01,Dengue,3223,National
2017-10-08,Dengue,3408,National
2017-10-15,Dengue,3122,National
2017-10-22,Dengue,3263,National
2017-10-29,Dengue,3236,National
2017-11-05,Dengue,3085,National
2017-11-12,Dengue,3229,National
2017-11-19,Dengue,3201,National
2017-11-26,Dengue,3121,National
2017-12-03,Dengue,2950,National
2017-12-10,Dengue,2883,National
2017-12-17,Dengue,2487,National
2017-12-24,Dengue,1764,National
2017-12-31,Dengue,2241,National
2018-01-07,Dengue,2987,National
2018-01-14,Dengue,3130,National
2018-01-21,Dengue,3116,National
2018-01-28,Dengue,2977,National
2018-02-04,Dengue,2801,National
2018-02-11,Dengue,2421,National
2018-02-18,Dengue,2193,National
2018-02-25,Dengue,2255,National
2018-03-04,Dengue,2329,National
2018-03-11,Dengue,2045,National
2018-03-18,Dengue,1634,National
2018-03-25,Dengue,1451,National
2018-04-01,Dengue,1251,National
2018-04-08,Dengue,1286,National
2018-04-15,Dengue,1297,National
2018-04-22,Dengue,1294,National
2018-04-29,Dengue,1280,National
2018-05-06,Dengue,1384,National
2018-05-13,Dengue,1512,National
2018-05-20,Dengue,1763,National
2018-05-27,Dengue,1996,National
2018-06-03,Dengue,2315,National
2018-06-10,Dengue,2798,National
2018-06-17,Dengue,3072,National
2018-06-24,Dengue,3776,National
2018-07-01,Dengue,4347,National
2018-07-08,Dengue,5247,National
2018-07-15,Dengue,6223,National
2018-07-22,Dengue,6670,National
2018-07-29,Dengue,7651,National
2018-08-05,Dengue,8464,National
2018-08-12,Dengue,8489,National
2018-08-19,Dengue,7870,National
2018-08-26,Dengue,7973,National
2018-09-02,Dengue,7646,National
2018-09-09,Dengue,7119,National
2018-09-16,Dengue,6687,National
2018-09-23,Dengue,6668,National
2018-09-30,Dengue,6715,National
2018-10-07,Dengue,7640,National
2018-10-14,Dengue,7525,National
2018-10-21,Dengue,7068,National
2018-10-28,Dengue,6672,National
2018-11-04,Dengue,6715,National
2018-11-11,Dengue,7384,National
2018-11-18,Dengue,6755,National
2018-11-25,Dengue,6287,National
2018-12-02,Dengue,6321,National
2018-12-09,Dengue,6279,National
2018-12-16,Dengue,5745,National
2018-12-23,Dengue,4607,National
2018-12-30,Dengue,5917,National
2019-01-06,Dengue,8792,National
2019-01-13,Dengue,7359,National
2019-01-20,Dengue,6671,National
2019-01-27,Dengue,6353,National
2019-02-03,Dengue,5926,National
2019-02-10,Dengue,5158,National
2019-02-17,Dengue,4577,National
2019-02-24,Dengue,3925,National
2019-03-03,Dengue,3972,National
2019-03-10,Dengue,3425,National
2019-03-17,Dengue,2922,National
2019-03-24,Dengue,2520,National
2019-03-31,Dengue,2335,National
2019-04-07,Dengue,2024,National
2019-04-14,Dengue,2030,National
2019-04-21,Dengue,2264,National
2019-04-28,Dengue,2260,National
2019-05-05,Dengue,2756,National
2019-05-12,Dengue,2667,National
2019-05-19,Dengue,3021,National
2019-05-26,Dengue,3450,National
2019-06-02,Dengue,4442,National
2019-06-09,Dengue,5513,National
2019-06-16,Dengue,7067,National
2019-06-23,Dengue,8871,National
2019-06-30,Dengue,10701,National
2019-07-07,Dengue,13301,National
2019-07-14,Dengue,15789,National
2019-07-21,Dengue,18820,National
2019-07-28,Dengue,20266,National
2019-08-04,Dengue,19969,National
2019-08-11,Dengue,19231,National
2019-08-18,Dengue,19981,National
2019-08-25,Dengue,19093,National
2019-09-01,Dengue,18601,National
2019-09-08,Dengue,15137,National
2019-09-15,Dengue,13112,National
2019-09-22,Dengue,12530,National
2019-09-29,Dengue,11497,National
2019-10-06,Dengue,11068,National
2019-10-13,Dengue,9603,National
2019-10-20,Dengue,7792,National
2019-10-27,Dengue,6975,National
2019-11-03,Dengue,6816,National
2019-11-10,Dengue,6365,National
2019-11-17,Dengue,5406,National
2019-11-24,Dengue,5107,National
2019-12-01,Dengue,4794,National
2019-12-08,Dengue,4398,National
2019-12-15,Dengue,3470,National
2019-12-22,Dengue,2429,National
2019-12-29,Dengue,3294,National
2022-01-09,Dengue,1587,National
2022-01-16,Dengue,1235,National
2022-01-23,Dengue,1203,National
2022-01-30,Dengue,1067,National
2022-02-06,Dengue,1400,National
2022-02-13,Dengue,1346,National
2022-02-20,Dengue,1460,National
2022-02-27,Dengue,1442,National
2022-03-06,Dengue,1563,National
2022-03-13,Dengue,1636,National
2022-03-20,Dengue,1769,National
2022-03-27,Dengue,2010,National
2022-04-03,Dengue,2135,National
2022-04-10,Dengue,2444,National
2022-04-17,Dengue,2488,National
2022-04-24,Dengue,2832,National
2022-05-01,Dengue,2789,National
2022-05-08,Dengue,3445,National
2022-05-15,Dengue,3980,National
2022-05-22,Dengue,4835,National
2022-05-29,Dengue,5284,National
2022-06-05,Dengue,5727,National
2022-06-12,Dengue,6910,National
2022-06-19,Dengue,7933,National
2022-06-26,Dengue,9092,National
2022-07-03,Dengue,9072,National
2022-07-10,Dengue,10227,National
2022-07-17,Dengue,11135,National
2022-07-24,Dengue,10924,National
2022-07-31,Dengue,10752,National
2022-08-07,Dengue,11347,National
2022-08-14,Dengue,9696,National
2022-08-21,Dengue,8902,National
2022-08-28,Dengue,8150,National
2022-09-04,Dengue,7989,National
2022-09-11,Dengue,8023,National
2022-09-18,Dengue,7371,National
2022-09-25,Dengue,6397,National
2022-10-02,Dengue,5840,National
2022-10-09,Dengue,5414,National
2022-10-16,Dengue,5012,National
2022-10-23,Dengue,4657,National
2022-10-30,Dengue,4010,National
2022-11-06,Dengue,4156,National
2022-11-13,Dengue,4569,National
2022-11-20,Dengue,4214,National
2022-11-27,Dengue,4232,National
2022-12-04,Dengue,4312,National
2022-12-11,Dengue,3695,National
2022-12-18,Dengue,3311,National
2022-12-25,Dengue,2512,National
2023-01-01,Dengue,1448,National
2023-01-08,Dengue,3156,National
2023-01-15,Dengue,3114,National
2023-01-22,Dengue,3010,National
2023-01-29,Dengue,2833,National
2023-02-05,Dengue,2836,National
2023-02-12,Dengue,2932,National
2023-02-19,Dengue,2730,National
2023-02-26,Dengue,2424,National
2023-03-05,Dengue,2588,National
2023-03-12,Dengue,2582,National
2023-03-19,Dengue,2151,National
2023-03-26,Dengue,2038,National
2023-04-02,Dengue,1944,National
2023-04-09,Dengue,1846,National
2023-04-16,Dengue,2128,National
2023-04-23,Dengue,2196,National
2023-04-30,Dengue,2238,National
2023-05-07,Dengue,2355,National
2023-05-14,Dengue,2637,National
2023-05-21,Dengue,2869,National
2023-05-28,Dengue,3155,National
2023-06-04,Dengue,3551,National
2023-06-11,Dengue,3775,National
2023-06-18,Dengue,4568,National
2023-06-25,Dengue,4871,National
2023-07-02,Dengue,5128,National
2023-07-09,Dengue,5314,National
2023-07-16,Dengue,5109,National
2023-07-23,Dengue,4934,National
2023-07-30,Dengue,4853,National
2023-08-06,Dengue,5096,National
2023-08-13,Dengue,5401,National
2023-08-20,Dengue,5472,National
2023-08-27,Dengue,5152,National
2023-09-03,Dengue,5496,National
2023-09-10,Dengue,5581,National
2023-09-17,Dengue,5858,National
2023-09-24,Dengue,5839,National
2023-10-01,Dengue,5738,National
2023-10-08,Dengue,6172,National
2023-10-15,Dengue,6077,National
2023-10-22,Dengue,6018,National
2023-10-29,Dengue,5249,National
2023-11-05,Dengue,5287,National
2023-11-12,Dengue,5699,National
2023-11-19,Dengue,5288,National
2023-11-26,Dengue,4708,National
2023-12-03,Dengue,4966,National
2023-12-10,Dengue,4366,National
2023-12-17,Dengue,4103,National
2023-12-24,Dengue,3391,National
2023-12-31,Dengue,3755,National
2024-01-07,Dengue,4546,National
2024-01-14,Dengue,4423,National
2024-01-21,Dengue,3967,National
2024-01-28,Dengue,4051,National
2024-02-04,Dengue,3898,National
2024-02-11,Dengue,3854,National
2024-02-18,Dengue,3666,National
2024-02-25,Dengue,3550,National
2024-03-03,Dengue,3637,National
2024-03-10,Dengue,3372,National
2024-03-17,Dengue,3141,National
2024-03-24,Dengue,3081,National
2024-03-31,Dengue,2579,National
2024-04-07,Dengue,2907,National
2024-04-14,Dengue,2726,National
2024-04-21,Dengue,2708,National
2024-04-28,Dengue,2662,National
2024-05-05,Dengue,2848,National
2024-05-12,Dengue,2930,National
2024-05-19,Dengue,2864,National
2024-05-26,Dengue,2981,National
2024-06-02,Dengue,3558,National
2024-06-09,Dengue,4148,National
2024-06-16,Dengue,4578,National
2024-06-23,Dengue,5658,National
2024-06-30,Dengue,6808,National
2024-07-07,Dengue,9122,National
2024-07-14,Dengue,10516,National
2024-07-21,Dengue,12313,National
2024-07-28,Dengue,13470,National
2024-08-04,Dengue,16181,National
2024-08-11,Dengue,18796,National
2024-08-18,Dengue,19612,National
2024-08-25,Dengue,16920,National
2024-09-01,Dengue,15549,National
2024-09-08,Dengue,14415,National
2024-09-15,Dengue,12703,National
2024-09-22,Dengue,12023,National
2024-09-29,Dengue,10808,National
2024-10-06,Dengue,11069,National
2024-10-13,Dengue,10784,National
2024-10-20,Dengue,9781,National
2024-10-27,Dengue,8906,National
2024-11-03,Dengue,9004,National
2024-11-10,Dengue,9483,National
2024-11-17,Dengue,9377,National
2024-11-24,Dengue,10010,National
2024-12-01,Dengue,9216,National
2024-12-08,Dengue,9098,National
2024-12-15,Dengue,7947,National
2024-12-22,Dengue,6358,National
2024-12-29,Dengue,8541,National
2025-01-05,Dengue,5801,National
2025-01-12,Dengue,8731,National
2025-01-19,Dengue,7768,National
2025-01-26,Dengue,8163,National
2025-02-02,Dengue,7972,National
2025-02-09,Dengue,7302,National
2025-02-16,Dengue,7492,National
2025-02-23,Dengue,7856,National
2025-03-02,Dengue,7164,National
2025-03-09,Dengue,6200,National
2025-03-16,Dengue,5786,National
2025-03-23,Dengue,5108,National
2025-03-30,Dengue,4372,National
2025-04-06,Dengue,4254,National
2025-04-13,Dengue,3687,National
2025-04-20,Dengue,3393,National
2025-04-27,Dengue,3455,National
2025-05-04,Dengue,3161,National
2025-05-11,Dengue,2967,National
2025-05-18,Dengue,3127,National
2025-05-25,Dengue,3255,National
2025-06-01,Dengue,3391,National
2025-06-08,Dengue,3720,National
2025-06-15,Dengue,4287,National
2025-06-22,Dengue,5084,National
2025-06-29,Dengue,5589,National
2025-07-06,Dengue,6614,National
2025-07-13,Dengue,7214,National
2025-07-20,Dengue,7522,National
2025-07-27,Dengue,7742,National
2025-08-03,Dengue,9040,National
2025-08-10,Dengue,9235,National
2025-08-17,Dengue,9153,National
2025-08-24,Dengue,8020,National
2025-08-31,Dengue,7712,National
2025-09-07,Dengue,8126,National
2025-09-14,Dengue,7519,National
2025-09-21,Dengue,7226,National
2025-09-28,Dengue,7012,National
2025-10-05,Dengue,7605,National
2025-10-12,Dengue,7552,National
2025-10-19,Dengue,7164,National
2025-10-26,Dengue,7042,National
2025-11-02,Dengue,4880,National
2025-11-09,Dengue,2546,National
2025-11-16,Dengue,2793,National
2025-11-23,Dengue,2978,National
2025-11-30,Dengue,2742,National
2025-12-07,Dengue,3068,National
2025-12-14,Dengue,2558,National
2025-12-21,Dengue,1953,National
2025-12-28,Dengue,1231,National
