date,region,disease,cases,deaths
2018-01-01,National,Acute Bloody Diarrhea,2193.0,4.0
2018-02-01,National,Acute Bloody Diarrhea,1782.0,3.0
2018-03-01,National,Acute Bloody Diarrhea,1677.0,1.0
2018-04-01,National,Acute Bloody Diarrhea,1681.0,0.0
2018-05-01,National,Acute Bloody Diarrhea,1729.0,2.0
2018-06-01,National,Acute Bloody Diarrhea,1754.0,2.0
2018-07-01,National,Acute Bloody Diarrhea,2068.0,1.0
2018-08-01,National,Acute Bloody Diarrhea,1782.0,4.0
2018-09-01,National,Acute Bloody Diarrhea,1353.0,1.0
2018-10-01,National,Acute Bloody Diarrhea,1284.0,1.0
2018-11-01,National,Acute Bloody Diarrhea,1287.0,1.0
2018-12-01,National,Acute Bloody Diarrhea,1033.0,0.0
2019-01-01,National,Acute Bloody Diarrhea,1624.0,3.0
2019-02-01,National,Acute Bloody Diarrhea,1229.0,1.0
2019-03-01,National,Acute Bloody Diarrhea,1562.0,5.0
2019-04-01,National,Acute Bloody Diarrhea,1494.0,1.0
2019-05-01,National,Acute Bloody Diarrhea,1451.0,1.0
2019-06-01,National,Acute Bloody Diarrhea,1455.0,3.0
2019-07-01,National,Acute Bloody Diarrhea,1683.0,1.0
2019-08-01,National,Acute Bloody Diarrhea,1447.0,5.0
2019-09-01,National,Acute Bloody Diarrhea,1134.0,2.0
2019-10-01,National,Acute Bloody Diarrhea,1095.0,3.0
2019-11-01,National,Acute Bloody Diarrhea,977.0,1.0
2019-12-01,National,Acute Bloody Diarrhea,1078.0,0.0
2020-01-01,National,Acute Bloody Diarrhea,1691.0,9.0
2020-02-01,National,Acute Bloody Diarrhea,1176.0,5.0
2020-03-01,National,Acute Bloody Diarrhea,900.0,5.0
2020-04-01,National,Acute Bloody Diarrhea,441.0,3.0
2020-05-01,National,Acute Bloody Diarrhea,604.0,11.0
2020-06-01,National,Acute Bloody Diarrhea,520.0,0.0
2020-07-01,National,Acute Bloody Diarrhea,581.0,0.0
2020-08-01,National,Acute Bloody Diarrhea,521.0,1.0
2020-09-01,National,Acute Bloody Diarrhea,414.0,3.0
2020-10-01,National,Acute Bloody Diarrhea,459.0,5.0
2020-11-01,National,Acute Bloody Diarrhea,438.0,11.0
2020-12-01,National,Acute Bloody Diarrhea,378.0,0.0
2021-01-01,National,Acute Bloody Diarrhea,603.0,9.0
2021-02-01,National,Acute Bloody Diarrhea,620.0,9.0
2021-03-01,National,Acute Bloody Diarrhea,616.0,12.0
2021-04-01,National,Acute Bloody Diarrhea,528.0,8.0
2021-05-01,National,Acute Bloody Diarrhea,597.0,15.0
2021-06-01,National,Acute Bloody Diarrhea,577.0,10.0
2021-07-01,National,Acute Bloody Diarrhea,491.0,10.0
2021-08-01,National,Acute Bloody Diarrhea,321.0,6.0
2021-09-01,National,Acute Bloody Diarrhea,265.0,5.0
2021-10-01,National,Acute Bloody Diarrhea,378.0,9.0
2021-11-01,National,Acute Bloody Diarrhea,473.0,1.0
2021-12-01,National,Acute Bloody Diarrhea,394.0,3.0
2022-01-01,National,Acute Bloody Diarrhea,648.0,17.0
2022-02-01,National,Acute Bloody Diarrhea,517.0,9.0
2022-03-01,National,Acute Bloody Diarrhea,813.0,3.0
2022-04-01,National,Acute Bloody Diarrhea,874.0,12.0
2022-05-01,National,Acute Bloody Diarrhea,1143.0,3.0
2022-06-01,National,Acute Bloody Diarrhea,1086.0,5.0
2022-07-01,National,Acute Bloody Diarrhea,1163.0,3.0
2022-08-01,National,Acute Bloody Diarrhea,1093.0,13.0
2022-09-01,National,Acute Bloody Diarrhea,1053.0,10.0
2022-10-01,National,Acute Bloody Diarrhea,1089.0,6.0
2022-11-01,National,Acute Bloody Diarrhea,1301.0,9.0
2022-12-01,National,Acute Bloody Diarrhea,1009.0,1.0
2023-01-01,National,Acute Bloody Diarrhea,1555.0,4.0
2023-02-01,National,Acute Bloody Diarrhea,1153.0,3.0
2023-03-01,National,Acute Bloody Diarrhea,1387.0,7.0
2023-04-01,National,Acute Bloody Diarrhea,1149.0,5.0
2023-05-01,National,Acute Bloody Diarrhea,1295.0,1.0
2023-06-01,National,Acute Bloody Diarrhea,900.0,1.0
2023-07-01,National,Acute Bloody Diarrhea,844.0,1.0
2023-08-01,National,Acute Bloody Diarrhea,704.0,1.0
2023-09-01,National,Acute Bloody Diarrhea,711.0,2.0
2023-10-01,National,Acute Bloody Diarrhea,561.0,0.0
2023-11-01,National,Acute Bloody Diarrhea,549.0,1.0
2023-12-01,National,Acute Bloody Diarrhea,358.0,0.0
2024-01-01,National,Acute Bloody Diarrhea,561.0,1.0
2024-02-01,National,Acute Bloody Diarrhea,573.0,0.0
2024-03-01,National,Acute Bloody Diarrhea,863.0,1.0
2024-04-01,National,Acute Bloody Diarrhea,994.0,1.0
2024-05-01,National,Acute Bloody Diarrhea,998.0,3.0
2024-06-01,National,Acute Bloody Diarrhea,969.0,1.0
2024-07-01,National,Acute Bloody Diarrhea,1158.0,4.0
2024-08-01,National,Acute Bloody Diarrhea,996.0,2.0
2024-09-01,National,Acute Bloody Diarrhea,761.0,2.0
2024-10-01,National,Acute Bloody Diarrhea,793.0,1.0
2024-11-01,National,Acute Bloody Diarrhea,774.0,1.0
2024-12-01,National,Acute Bloody Diarrhea,745.0,1.0
2025-01-01,National,Acute Bloody Diarrhea,1294.0,1.0
2025-02-01,National,Acute Bloody Diarrhea,1153.0,2.0
2025-03-01,National,Acute Bloody Diarrhea,1179.0,1.0
2025-04-01,National,Acute Bloody Diarrhea,1129.0,4.0
2025-05-01,National,Acute Bloody Diarrhea,1294.0,3.0
2025-06-01,National,Acute Bloody Diarrhea,1298.0,0.0
2025-07-01,National,Acute Bloody Diarrhea,1417.0,3.0
2025-08-01,National,Acute Bloody Diarrhea,1029.0,2.0
2025-09-01,National,Acute Bloody Diarrhea,936.0,1.0
2025-10-01,National,Acute Bloody Diarrhea,812.0,0.0
2025-11-01,National,Acute Bloody Diarrhea,373.0,0.0
2025-12-01,National,Acute Bloody Diarrhea,404.0,0.0
2026-01-01,National,Acute Bloody Diarrhea,843.0,0.0
2026-02-01,National,Acute Bloody Diarrhea,830.0,0.0
2026-03-01,National,Acute Bloody Diarrhea,862.0,0.0
2026-04-01,National,Acute Bloody Diarrhea,829.0,1.0
2026-05-01,National,Acute Bloody Diarrhea,785.0,0.0
2026-06-01,National,Acute Bloody Diarrhea,864.0,0.0
2026-07-01,National,Acute Bloody Diarrhea,755.0,4.0
2026-08-01,National,Acute Bloody Diarrhea,929.0,2.0
2026-09-01,National,Acute Bloody Diarrhea,359.0,0.0
2018-01-01,National,Acute Viral Hepatitis,15.0,0.0
2018-02-01,National,Acute Viral Hepatitis,26.0,0.0
2018-03-01,National,Acute Viral Hepatitis,33.0,0.0
2018-04-01,National,Acute Viral Hepatitis,23.0,0.0
2018-05-01,National,Acute Viral Hepatitis,26.0,0.0
2018-06-01,National,Acute Viral Hepatitis,28.0,0.0
2018-07-01,National,Acute Viral Hepatitis,74.0,0.0
2018-08-01,National,Acute Viral Hepatitis,65.0,0.0
2018-09-01,National,Acute Viral Hepatitis,17.0,0.0
2018-10-01,National,Acute Viral Hepatitis,20.0,0.0
2018-11-01,National,Acute Viral Hepatitis,10.0,0.0
2018-12-01,National,Acute Viral Hepatitis,13.0,0.0
2019-01-01,National,Acute Viral Hepatitis,19.0,0.0
2019-02-01,National,Acute Viral Hepatitis,17.0,0.0
2019-03-01,National,Acute Viral Hepatitis,15.0,1.0
2019-04-01,National,Acute Viral Hepatitis,14.0,0.0
2019-05-01,National,Acute Viral Hepatitis,26.0,0.0
2019-06-01,National,Acute Viral Hepatitis,24.0,0.0
2019-07-01,National,Acute Viral Hepatitis,20.0,0.0
2019-08-01,National,Acute Viral Hepatitis,20.0,1.0
2019-09-01,National,Acute Viral Hepatitis,24.0,0.0
2019-10-01,National,Acute Viral Hepatitis,21.0,0.0
2019-11-01,National,Acute Viral Hepatitis,20.0,0.0
2019-12-01,National,Acute Viral Hepatitis,7.0,0.0
2020-01-01,National,Acute Viral Hepatitis,21.0,0.0
2020-02-01,National,Acute Viral Hepatitis,12.0,0.0
2020-03-01,National,Acute Viral Hepatitis,3.0,0.0
2020-04-01,National,Acute Viral Hepatitis,9.0,0.0
2020-05-01,National,Acute Viral Hepatitis,4.0,0.0
2020-06-01,National,Acute Viral Hepatitis,4.0,0.0
2020-07-01,National,Acute Viral Hepatitis,10.0,0.0
2020-08-01,National,Acute Viral Hepatitis,7.0,0.0
2020-09-01,National,Acute Viral Hepatitis,7.0,0.0
2020-10-01,National,Acute Viral Hepatitis,2.0,0.0
2020-11-01,National,Acute Viral Hepatitis,4.0,0.0
2020-12-01,National,Acute Viral Hepatitis,2.0,0.0
2021-01-01,National,Acute Viral Hepatitis,8.0,0.0
2021-02-01,National,Acute Viral Hepatitis,3.0,1.0
2021-03-01,National,Acute Viral Hepatitis,7.0,1.0
2021-04-01,National,Acute Viral Hepatitis,5.0,0.0
2021-05-01,National,Acute Viral Hepatitis,6.0,0.0
2021-06-01,National,Acute Viral Hepatitis,1.0,0.0
2021-07-01,National,Acute Viral Hepatitis,6.0,0.0
2021-08-01,National,Acute Viral Hepatitis,7.0,0.0
2021-09-01,National,Acute Viral Hepatitis,3.0,0.0
2021-10-01,National,Acute Viral Hepatitis,3.0,1.0
2021-11-01,National,Acute Viral Hepatitis,1.0,0.0
2021-12-01,National,Acute Viral Hepatitis,3.0,0.0
2022-01-01,National,Acute Viral Hepatitis,9.0,0.0
2022-02-01,National,Acute Viral Hepatitis,7.0,0.0
2022-03-01,National,Acute Viral Hepatitis,10.0,0.0
2022-04-01,National,Acute Viral Hepatitis,11.0,0.0
2022-05-01,National,Acute Viral Hepatitis,12.0,0.0
2022-06-01,National,Acute Viral Hepatitis,21.0,1.0
2022-07-01,National,Acute Viral Hepatitis,10.0,0.0
2022-08-01,National,Acute Viral Hepatitis,8.0,0.0
2022-09-01,National,Acute Viral Hepatitis,11.0,0.0
2022-10-01,National,Acute Viral Hepatitis,5.0,0.0
2022-11-01,National,Acute Viral Hepatitis,12.0,1.0
2022-12-01,National,Acute Viral Hepatitis,5.0,0.0
2023-01-01,National,Acute Viral Hepatitis,20.0,0.0
2023-02-01,National,Acute Viral Hepatitis,10.0,0.0
2023-03-01,National,Acute Viral Hepatitis,12.0,0.0
2023-04-01,National,Acute Viral Hepatitis,14.0,0.0
2023-05-01,National,Acute Viral Hepatitis,18.0,0.0
2023-06-01,National,Acute Viral Hepatitis,9.0,0.0
2023-07-01,National,Acute Viral Hepatitis,4.0,1.0
2023-08-01,National,Acute Viral Hepatitis,6.0,0.0
2023-09-01,National,Acute Viral Hepatitis,4.0,0.0
2023-10-01,National,Acute Viral Hepatitis,3.0,0.0
2023-11-01,National,Acute Viral Hepatitis,22.0,0.0
2023-12-01,National,Acute Viral Hepatitis,25.0,0.0
2024-01-01,National,Acute Viral Hepatitis,25.0,0.0
2024-02-01,National,Acute Viral Hepatitis,16.0,0.0
2024-03-01,National,Acute Viral Hepatitis,18.0,0.0
2024-04-01,National,Acute Viral Hepatitis,13.0,0.0
2024-05-01,National,Acute Viral Hepatitis,25.0,0.0
2024-06-01,National,Acute Viral Hepatitis,9.0,0.0
2024-07-01,National,Acute Viral Hepatitis,19.0,1.0
2024-08-01,National,Acute Viral Hepatitis,14.0,0.0
2024-09-01,National,Acute Viral Hepatitis,15.0,0.0
2024-10-01,National,Acute Viral Hepatitis,13.0,0.0
2024-11-01,National,Acute Viral Hepatitis,4.0,0.0
2024-12-01,National,Acute Viral Hepatitis,4.0,0.0
2025-01-01,National,Acute Viral Hepatitis,46.0,0.0
2025-02-01,National,Acute Viral Hepatitis,17.0,0.0
2025-03-01,National,Acute Viral Hepatitis,26.0,0.0
2025-04-01,National,Acute Viral Hepatitis,9.0,1.0
2025-05-01,National,Acute Viral Hepatitis,8.0,0.0
2025-06-01,National,Acute Viral Hepatitis,9.0,0.0
2025-07-01,National,Acute Viral Hepatitis,13.0,1.0
2025-08-01,National,Acute Viral Hepatitis,19.0,0.0
2025-09-01,National,Acute Viral Hepatitis,8.0,0.0
2018-01-01,National,Cholera,236.0,1.0
2018-02-01,National,Cholera,182.0,1.0
2018-03-01,National,Cholera,177.0,1.0
2018-04-01,National,Cholera,145.0,0.0
2018-05-01,National,Cholera,169.0,0.0
2018-06-01,National,Cholera,144.0,0.0
2018-07-01,National,Cholera,174.0,0.0
2018-08-01,National,Cholera,201.0,1.0
2018-09-01,National,Cholera,157.0,0.0
2018-10-01,National,Cholera,214.0,0.0
2018-11-01,National,Cholera,159.0,0.0
2018-12-01,National,Cholera,174.0,0.0
2019-01-01,National,Cholera,356.0,0.0
2019-02-01,National,Cholera,381.0,0.0
2019-03-01,National,Cholera,397.0,1.0
2019-04-01,National,Cholera,365.0,1.0
2019-05-01,National,Cholera,448.0,1.0
2019-06-01,National,Cholera,291.0,0.0
2019-07-01,National,Cholera,299.0,0.0
2019-08-01,National,Cholera,293.0,0.0
2019-09-01,National,Cholera,249.0,0.0
2019-10-01,National,Cholera,295.0,0.0
2019-11-01,National,Cholera,232.0,0.0
2019-12-01,National,Cholera,173.0,0.0
2020-01-01,National,Cholera,377.0,0.0
2020-02-01,National,Cholera,241.0,0.0
2020-03-01,National,Cholera,254.0,0.0
2020-04-01,National,Cholera,128.0,1.0
2020-05-01,National,Cholera,142.0,0.0
2020-06-01,National,Cholera,146.0,0.0
2020-07-01,National,Cholera,144.0,1.0
2020-08-01,National,Cholera,119.0,0.0
2020-09-01,National,Cholera,105.0,0.0
2020-10-01,National,Cholera,134.0,1.0
2020-11-01,National,Cholera,84.0,1.0
2020-12-01,National,Cholera,68.0,0.0
2021-01-01,National,Cholera,118.0,0.0
2021-02-01,National,Cholera,78.0,0.0
2021-03-01,National,Cholera,102.0,0.0
2021-04-01,National,Cholera,81.0,1.0
2021-05-01,National,Cholera,133.0,2.0
2021-06-01,National,Cholera,126.0,0.0
2021-07-01,National,Cholera,142.0,0.0
2021-08-01,National,Cholera,76.0,0.0
2021-09-01,National,Cholera,62.0,1.0
2021-10-01,National,Cholera,263.0,6.0
2021-11-01,National,Cholera,200.0,0.0
2021-12-01,National,Cholera,255.0,0.0
2022-01-01,National,Cholera,513.0,5.0
2022-02-01,National,Cholera,368.0,3.0
2022-03-01,National,Cholera,501.0,5.0
2022-04-01,National,Cholera,455.0,5.0
2022-05-01,National,Cholera,409.0,2.0
2022-06-01,National,Cholera,512.0,2.0
2022-07-01,National,Cholera,876.0,12.0
2022-08-01,National,Cholera,703.0,11.0
2022-09-01,National,Cholera,527.0,10.0
2022-10-01,National,Cholera,1417.0,22.0
2022-11-01,National,Cholera,1385.0,13.0
2022-12-01,National,Cholera,431.0,8.0
2023-01-01,National,Cholera,440.0,4.0
2023-02-01,National,Cholera,441.0,4.0
2023-03-01,National,Cholera,403.0,2.0
2023-04-01,National,Cholera,390.0,1.0
2023-05-01,National,Cholera,316.0,0.0
2023-06-01,National,Cholera,238.0,2.0
2023-07-01,National,Cholera,336.0,2.0
2023-08-01,National,Cholera,351.0,1.0
2023-09-01,National,Cholera,281.0,0.0
2023-10-01,National,Cholera,293.0,2.0
2023-11-01,National,Cholera,289.0,0.0
2023-12-01,National,Cholera,212.0,0.0
2024-01-01,National,Cholera,432.0,1.0
2024-02-01,National,Cholera,292.0,0.0
2024-03-01,National,Cholera,189.0,1.0
2024-04-01,National,Cholera,107.0,1.0
2024-05-01,National,Cholera,117.0,2.0
2024-06-01,National,Cholera,146.0,6.0
2024-07-01,National,Cholera,162.0,3.0
2024-08-01,National,Cholera,137.0,1.0
2024-09-01,National,Cholera,78.0,2.0
2024-10-01,National,Cholera,88.0,3.0
2024-11-01,National,Cholera,110.0,1.0
2024-12-01,National,Cholera,97.0,1.0
2025-01-01,National,Cholera,170.0,1.0
2025-02-01,National,Cholera,160.0,1.0
2025-03-01,National,Cholera,143.0,1.0
2025-04-01,National,Cholera,243.0,5.0
2025-05-01,National,Cholera,254.0,2.0
2025-06-01,National,Cholera,157.0,2.0
2025-07-01,National,Cholera,123.0,3.0
2025-08-01,National,Cholera,62.0,6.0
2025-09-01,National,Cholera,69.0,3.0
2025-10-01,National,Cholera,61.0,2.0
2025-11-01,National,Cholera,25.0,2.0
2025-12-01,National,Cholera,22.0,1.0
2026-01-01,National,Cholera,35.0,1.0
2026-02-01,National,Cholera,45.0,1.0
2026-03-01,National,Cholera,40.0,0.0
2026-04-01,National,Cholera,53.0,1.0
2026-05-01,National,Cholera,93.0,0.0
2026-06-01,National,Cholera,76.0,3.0
2026-07-01,National,Cholera,47.0,2.0
2026-08-01,National,Cholera,56.0,3.0
2026-09-01,National,Cholera,15.0,0.0
2018-01-01,National,Typhoid Fever,2023.0,3.0
2018-02-01,National,Typhoid Fever,1725.0,5.0
2018-03-01,National,Typhoid Fever,1756.0,2.0
2018-04-01,National,Typhoid Fever,1586.0,5.0
2018-05-01,National,Typhoid Fever,1748.0,1.0
2018-06-01,National,Typhoid Fever,2158.0,3.0
2018-07-01,National,Typhoid Fever,2708.0,5.0
2018-08-01,National,Typhoid Fever,2714.0,2.0
2018-09-01,National,Typhoid Fever,2433.0,3.0
2018-10-01,National,Typhoid Fever,2385.0,1.0
2018-11-01,National,Typhoid Fever,2043.0,1.0
2018-12-01,National,Typhoid Fever,1665.0,0.0
2019-01-01,National,Typhoid Fever,2768.0,5.0
2019-02-01,National,Typhoid Fever,2222.0,4.0
2019-03-01,National,Typhoid Fever,1901.0,6.0
2019-04-01,National,Typhoid Fever,1534.0,6.0
2019-05-01,National,Typhoid Fever,1723.0,1.0
2019-06-01,National,Typhoid Fever,2034.0,6.0
2019-07-01,National,Typhoid Fever,2983.0,2.0
2019-08-01,National,Typhoid Fever,2884.0,2.0
2019-09-01,National,Typhoid Fever,2708.0,3.0
2019-10-01,National,Typhoid Fever,2759.0,2.0
2019-11-01,National,Typhoid Fever,2046.0,0.0
2019-12-01,National,Typhoid Fever,1210.0,2.0
2020-01-01,National,Typhoid Fever,1759.0,3.0
2020-02-01,National,Typhoid Fever,1383.0,5.0
2020-03-01,National,Typhoid Fever,693.0,1.0
2020-04-01,National,Typhoid Fever,321.0,3.0
2020-05-01,National,Typhoid Fever,422.0,2.0
2020-06-01,National,Typhoid Fever,500.0,1.0
2020-07-01,National,Typhoid Fever,607.0,1.0
2020-08-01,National,Typhoid Fever,629.0,2.0
2020-09-01,National,Typhoid Fever,533.0,0.0
2020-10-01,National,Typhoid Fever,523.0,0.0
2020-11-01,National,Typhoid Fever,498.0,3.0
2020-12-01,National,Typhoid Fever,428.0,0.0
2021-01-01,National,Typhoid Fever,555.0,1.0
2021-02-01,National,Typhoid Fever,494.0,1.0
2021-03-01,National,Typhoid Fever,574.0,2.0
2021-04-01,National,Typhoid Fever,402.0,1.0
2021-05-01,National,Typhoid Fever,403.0,4.0
2021-06-01,National,Typhoid Fever,400.0,2.0
2021-07-01,National,Typhoid Fever,713.0,1.0
2021-08-01,National,Typhoid Fever,630.0,0.0
2021-09-01,National,Typhoid Fever,472.0,5.0
2021-10-01,National,Typhoid Fever,463.0,4.0
2021-11-01,National,Typhoid Fever,469.0,2.0
2021-12-01,National,Typhoid Fever,483.0,1.0
2022-01-01,National,Typhoid Fever,612.0,4.0
2022-02-01,National,Typhoid Fever,582.0,7.0
2022-03-01,National,Typhoid Fever,879.0,4.0
2022-04-01,National,Typhoid Fever,1062.0,3.0
2022-05-01,National,Typhoid Fever,1514.0,8.0
2022-06-01,National,Typhoid Fever,1912.0,8.0
2022-07-01,National,Typhoid Fever,1897.0,7.0
2022-08-01,National,Typhoid Fever,2170.0,9.0
2022-09-01,National,Typhoid Fever,2065.0,6.0
2022-10-01,National,Typhoid Fever,1587.0,5.0
2022-11-01,National,Typhoid Fever,1459.0,2.0
2022-12-01,National,Typhoid Fever,849.0,0.0
2023-01-01,National,Typhoid Fever,1721.0,8.0
2023-02-01,National,Typhoid Fever,1352.0,5.0
2023-03-01,National,Typhoid Fever,1478.0,3.0
2023-04-01,National,Typhoid Fever,1608.0,8.0
2023-05-01,National,Typhoid Fever,2260.0,5.0
2023-06-01,National,Typhoid Fever,2538.0,5.0
2023-07-01,National,Typhoid Fever,2655.0,17.0
2023-08-01,National,Typhoid Fever,2517.0,6.0
2023-09-01,National,Typhoid Fever,2737.0,9.0
2023-10-01,National,Typhoid Fever,2735.0,12.0
2023-11-01,National,Typhoid Fever,2249.0,10.0
2023-12-01,National,Typhoid Fever,1768.0,4.0
2024-01-01,National,Typhoid Fever,2242.0,9.0
2024-02-01,National,Typhoid Fever,1865.0,6.0
2024-03-01,National,Typhoid Fever,1845.0,6.0
2024-04-01,National,Typhoid Fever,2132.0,6.0
2024-05-01,National,Typhoid Fever,2045.0,4.0
2024-06-01,National,Typhoid Fever,2444.0,8.0
2024-07-01,National,Typhoid Fever,3223.0,8.0
2024-08-01,National,Typhoid Fever,3969.0,13.0
2024-09-01,National,Typhoid Fever,3075.0,9.0
2024-10-01,National,Typhoid Fever,2596.0,6.0
2024-11-01,National,Typhoid Fever,2314.0,5.0
2024-12-01,National,Typhoid Fever,1499.0,8.0
2025-01-01,National,Typhoid Fever,2840.0,18.0
2025-02-01,National,Typhoid Fever,2358.0,10.0
2025-03-01,National,Typhoid Fever,2197.0,10.0
2025-04-01,National,Typhoid Fever,1950.0,8.0
2025-05-01,National,Typhoid Fever,2080.0,10.0
2025-06-01,National,Typhoid Fever,2324.0,6.0
2025-07-01,National,Typhoid Fever,2550.0,6.0
2025-08-01,National,Typhoid Fever,2287.0,7.0
2025-09-01,National,Typhoid Fever,2351.0,6.0
2025-10-01,National,Typhoid Fever,2228.0,5.0
2025-11-01,National,Typhoid Fever,706.0,0.0
2025-12-01,National,Typhoid Fever,776.0,4.0
2026-01-01,National,Typhoid Fever,1165.0,5.0
2026-02-01,National,Typhoid Fever,1072.0,5.0
2026-03-01,National,Typhoid Fever,1134.0,2.0
2026-04-01,National,Typhoid Fever,1180.0,4.0
2026-05-01,National,Typhoid Fever,1397.0,6.0
2026-06-01,National,Typhoid Fever,2185.0,3.0
2026-07-01,National,Typhoid Fever,1630.0,3.0
2026-08-01,National,Typhoid Fever,1572.0,4.0
2026-09-01,National,Typhoid Fever,839.0,0.0
