disease,region,season,outbreak,trigger,consecutive_high_n,season_avg,season_p75,n_forecast_months
Acute Bloody Diarrhea,Bangsamoro (BARMM),dry,False,none,0,23.7,31.0,3
Acute Viral Hepatitis,Bangsamoro (BARMM),dry,False,none,1,0.5,1.0,3
Cholera,Bangsamoro (BARMM),dry,False,none,0,0.0,1.0,3
Dengue,Bangsamoro (BARMM),dry,True,both,3,642.8,465.0,3
Typhoid Fever,Bangsamoro (BARMM),dry,False,none,1,160.4,179.0,3
Acute Bloody Diarrhea,Bangsamoro (BARMM),wet,False,none,1,24.3,29.0,3
Acute Viral Hepatitis,Bangsamoro (BARMM),wet,False,none,1,0.7,1.0,3
Cholera,Bangsamoro (BARMM),wet,True,both,3,7.9,1.5,3
Dengue,Bangsamoro (BARMM),wet,True,both,3,1522.2,936.0,3
Typhoid Fever,Bangsamoro (BARMM),wet,False,none,1,192.1,203.5,3
Acute Bloody Diarrhea,Bicol Region,dry,False,none,1,9.0,15.0,3
Acute Viral Hepatitis,Bicol Region,dry,True,season_p75,2,0.1,0.0,3
Cholera,Bicol Region,dry,False,none,0,1.4,41.0,3
Dengue,Bicol Region,dry,False,none,0,15.7,189.0,3
Typhoid Fever,Bicol Region,dry,False,none,0,10.6,30.0,3
Acute Bloody Diarrhea,Bicol Region,wet,False,none,0,7.0,12.0,3
Acute Viral Hepatitis,Bicol Region,wet,True,both,3,0.0,0.0,3
Cholera,Bicol Region,wet,False,none,0,0.0,35.0,3
Dengue,Bicol Region,wet,False,none,0,199.8,320.0,3
Typhoid Fever,Bicol Region,wet,False,none,0,11.5,31.5,3
Acute Bloody Diarrhea,CALABARZON,dry,False,none,0,20.8,54.0,3
Acute Viral Hepatitis,CALABARZON,dry,False,none,0,0.0,1.5,3
Cholera,CALABARZON,dry,False,none,0,0.0,1.0,3
Dengue,CALABARZON,dry,False,none,0,504.7,1809.0,3
Typhoid Fever,CALABARZON,dry,False,none,0,70.1,93.0,3
Acute Bloody Diarrhea,CALABARZON,wet,False,none,0,27.8,69.0,3
Acute Viral Hepatitis,CALABARZON,wet,False,none,0,0.0,2.0,3
Cholera,CALABARZON,wet,False,none,0,0.0,1.0,3
Dengue,CALABARZON,wet,True,both,3,8324.3,4815.0,3
Typhoid Fever,CALABARZON,wet,False,none,0,121.2,144.0,3
Acute Bloody Diarrhea,Cagayan Valley,dry,False,none,1,110.0,126.0,3
Acute Viral Hepatitis,Cagayan Valley,dry,False,none,0,0.0,0.0,3
Cholera,Cagayan Valley,dry,False,none,1,0.7,1.0,3
Dengue,Cagayan Valley,dry,True,season_p75,2,628.8,612.0,3
Typhoid Fever,Cagayan Valley,dry,True,both,3,112.9,93.0,3
Acute Bloody Diarrhea,Cagayan Valley,wet,False,none,1,104.4,132.5,3
Acute Viral Hepatitis,Cagayan Valley,wet,False,none,0,0.0,0.0,3
Cholera,Cagayan Valley,wet,False,none,1,0.6,1.0,3
Dengue,Cagayan Valley,wet,False,none,0,1886.0,1939.0,3
Typhoid Fever,Cagayan Valley,wet,True,both,3,233.6,113.0,3
Acute Bloody Diarrhea,Caraga,dry,False,none,0,36.3,125.0,3
Acute Viral Hepatitis,Caraga,dry,False,none,0,0.0,1.0,3
Cholera,Caraga,dry,False,none,0,0.0,83.5,3
Dengue,Caraga,dry,False,none,0,0.0,755.5,3
Typhoid Fever,Caraga,dry,False,none,0,46.6,51.0,3
Acute Bloody Diarrhea,Caraga,wet,False,none,0,37.7,100.5,3
Acute Viral Hepatitis,Caraga,wet,False,none,0,0.0,1.0,3
Cholera,Caraga,wet,False,none,0,0.0,67.0,3
Dengue,Caraga,wet,True,both,3,2610.8,849.0,3
Typhoid Fever,Caraga,wet,False,none,0,70.9,72.0,3
Acute Bloody Diarrhea,Central Luzon,dry,False,none,2,45.5,51.0,3
Acute Viral Hepatitis,Central Luzon,dry,False,none,1,0.5,1.0,3
Cholera,Central Luzon,dry,False,none,0,0.0,1.0,3
Dengue,Central Luzon,dry,False,none,1,1932.3,2553.0,3
Typhoid Fever,Central Luzon,dry,True,season_p75,2,90.3,73.0,3
Acute Bloody Diarrhea,Central Luzon,wet,False,none,1,40.2,44.0,3
Acute Viral Hepatitis,Central Luzon,wet,False,none,1,0.4,1.0,3
Cholera,Central Luzon,wet,False,none,0,0.0,1.0,3
Dengue,Central Luzon,wet,False,none,0,4992.2,6188.0,3
Typhoid Fever,Central Luzon,wet,True,both,3,186.6,123.0,3
Acute Bloody Diarrhea,Central Visayas,dry,False,none,0,35.0,321.0,3
Acute Viral Hepatitis,Central Visayas,dry,False,none,0,0.6,4.0,3
Cholera,Central Visayas,dry,True,season_p75,2,1.4,1.0,3
Dengue,Central Visayas,dry,False,none,0,412.3,1234.0,3
Typhoid Fever,Central Visayas,dry,True,both,3,135.7,95.0,3
Acute Bloody Diarrhea,Central Visayas,wet,False,none,0,3.8,253.0,3
Acute Viral Hepatitis,Central Visayas,wet,False,none,0,0.2,3.0,3
Cholera,Central Visayas,wet,False,none,1,1.4,2.0,3
Dengue,Central Visayas,wet,True,both,3,6163.5,2326.0,3
Typhoid Fever,Central Visayas,wet,True,both,3,231.3,128.5,3
Acute Bloody Diarrhea,Cordillera Administrative Region,dry,False,none,0,46.7,96.0,3
Acute Viral Hepatitis,Cordillera Administrative Region,dry,False,none,0,0.0,0.0,3
Cholera,Cordillera Administrative Region,dry,True,season_p75,2,1.3,1.0,3
Dengue,Cordillera Administrative Region,dry,False,none,1,322.1,455.5,3
Typhoid Fever,Cordillera Administrative Region,dry,False,none,1,217.1,239.0,3
Acute Bloody Diarrhea,Cordillera Administrative Region,wet,False,none,0,43.0,110.5,3
Acute Viral Hepatitis,Cordillera Administrative Region,wet,False,none,0,0.0,0.0,3
Cholera,Cordillera Administrative Region,wet,True,season_p75,2,1.5,1.0,3
Dengue,Cordillera Administrative Region,wet,True,both,3,6534.1,1740.0,3
Typhoid Fever,Cordillera Administrative Region,wet,False,none,1,371.8,391.0,3
Acute Bloody Diarrhea,Davao Region,dry,True,season_p75,2,39.3,33.0,3
Acute Viral Hepatitis,Davao Region,dry,True,both,3,0.4,0.0,3
Cholera,Davao Region,dry,True,both,3,30.4,4.0,3
Dengue,Davao Region,dry,True,both,3,1886.5,1243.0,3
Typhoid Fever,Davao Region,dry,True,both,3,76.8,47.0,3
Acute Bloody Diarrhea,Davao Region,wet,False,none,2,37.5,37.5,3
Acute Viral Hepatitis,Davao Region,wet,True,season_p75,2,0.3,0.0,3
Cholera,Davao Region,wet,True,both,3,15.2,1.0,3
Dengue,Davao Region,wet,True,both,3,3803.0,1965.0,3
Typhoid Fever,Davao Region,wet,True,both,3,108.9,76.5,3
Acute Bloody Diarrhea,Eastern Visayas,dry,False,none,0,28.8,41.0,3
Acute Viral Hepatitis,Eastern Visayas,dry,True,season_p75,2,0.8,0.0,3
Cholera,Eastern Visayas,dry,True,both,3,263.0,203.0,3
Dengue,Eastern Visayas,dry,False,none,0,67.5,509.0,3
Typhoid Fever,Eastern Visayas,dry,False,none,0,29.8,35.0,3
Acute Bloody Diarrhea,Eastern Visayas,wet,False,none,0,22.2,37.0,3
Acute Viral Hepatitis,Eastern Visayas,wet,True,season_p75,2,0.3,0.0,3
Cholera,Eastern Visayas,wet,True,both,3,304.6,169.0,3
Dengue,Eastern Visayas,wet,True,season_p75,1,1004.0,765.0,3
Typhoid Fever,Eastern Visayas,wet,False,none,0,28.3,35.5,3
Acute Bloody Diarrhea,Ilocos Region,dry,False,none,2,5.2,6.0,3
Acute Viral Hepatitis,Ilocos Region,dry,False,none,0,0.0,0.0,3
Cholera,Ilocos Region,dry,False,none,0,0.0,0.0,3
Dengue,Ilocos Region,dry,False,none,0,153.9,536.0,3
Typhoid Fever,Ilocos Region,dry,False,none,0,68.9,85.0,3
Acute Bloody Diarrhea,Ilocos Region,wet,True,season_p75,2,17.4,10.5,3
Acute Viral Hepatitis,Ilocos Region,wet,False,none,0,0.0,0.0,3
Cholera,Ilocos Region,wet,False,none,0,0.0,0.0,3
Dengue,Ilocos Region,wet,True,season_p75,1,2266.3,1888.0,3
Typhoid Fever,Ilocos Region,wet,False,none,0,128.4,148.0,3
Acute Bloody Diarrhea,MIMAROPA,dry,False,none,1,12.9,14.0,3
Acute Viral Hepatitis,MIMAROPA,dry,False,none,0,0.0,0.0,3
Cholera,MIMAROPA,dry,True,both,3,1.6,0.0,3
Dengue,MIMAROPA,dry,False,none,1,678.5,757.5,3
Typhoid Fever,MIMAROPA,dry,True,both,3,158.9,131.0,3
Acute Bloody Diarrhea,MIMAROPA,wet,False,none,0,17.5,18.0,3
Acute Viral Hepatitis,MIMAROPA,wet,False,none,0,0.0,0.0,3
Cholera,MIMAROPA,wet,True,both,3,0.2,0.0,3
Dengue,MIMAROPA,wet,True,both,3,2822.5,1533.0,3
Typhoid Fever,MIMAROPA,wet,True,both,3,268.0,153.0,3
Acute Bloody Diarrhea,National,dry,False,none,0,792.8,1294.0,3
Acute Viral Hepatitis,National,dry,False,none,0,8.7,19.5,3
Cholera,National,dry,False,none,0,329.4,377.0,3
Dengue,National,dry,False,none,0,8041.9,16497.5,3
Typhoid Fever,National,dry,True,season_p75,2,2124.0,1865.0,3
Acute Bloody Diarrhea,National,wet,False,none,0,769.5,1160.5,3
Acute Viral Hepatitis,National,wet,False,none,0,13.2,19.8,3
Cholera,National,wet,True,both,3,363.2,290.0,3
Dengue,National,wet,True,both,3,57349.5,39531.0,3
Typhoid Fever,National,wet,True,both,3,3603.1,2573.0,3
Acute Bloody Diarrhea,National Capital Region,dry,False,none,1,22.2,25.0,3
Acute Viral Hepatitis,National Capital Region,dry,False,none,0,0.1,2.0,3
Cholera,National Capital Region,dry,False,none,1,0.0,1.0,3
Dengue,National Capital Region,dry,False,none,0,876.7,1826.5,3
Typhoid Fever,National Capital Region,dry,False,none,0,28.3,39.0,3
Acute Bloody Diarrhea,National Capital Region,wet,True,season_p75,1,34.3,26.0,3
Acute Viral Hepatitis,National Capital Region,wet,False,none,0,0.0,1.0,3
Cholera,National Capital Region,wet,False,none,0,0.0,2.0,3
Dengue,National Capital Region,wet,True,season_p75,2,5698.4,4556.0,3
Typhoid Fever,National Capital Region,wet,True,season_p75,2,50.3,44.5,3
Acute Bloody Diarrhea,Negros Island Region,dry,False,none,0,39.0,68.0,3
Cholera,Negros Island Region,dry,False,none,0,0.4,10.0,3
Dengue,Negros Island Region,dry,False,none,0,153.5,553.5,3
Typhoid Fever,Negros Island Region,dry,True,season_p75,2,147.2,140.0,3
Acute Bloody Diarrhea,Negros Island Region,wet,False,none,0,41.3,79.0,3
Cholera,Negros Island Region,wet,True,both,3,23.0,9.5,3
Dengue,Negros Island Region,wet,True,both,3,3640.7,1488.0,3
Typhoid Fever,Negros Island Region,wet,True,both,3,289.2,198.5,3
Acute Bloody Diarrhea,Northern Mindanao,dry,False,none,0,53.1,103.0,3
Acute Viral Hepatitis,Northern Mindanao,dry,False,none,0,0.0,1.0,3
Cholera,Northern Mindanao,dry,False,none,0,0.0,4.0,3
Dengue,Northern Mindanao,dry,False,none,0,915.3,1248.5,3
Typhoid Fever,Northern Mindanao,dry,False,none,0,205.6,258.0,3
Acute Bloody Diarrhea,Northern Mindanao,wet,False,none,0,40.1,96.0,3
Acute Viral Hepatitis,Northern Mindanao,wet,False,none,0,0.0,2.0,3
Cholera,Northern Mindanao,wet,False,none,0,0.0,2.0,3
Dengue,Northern Mindanao,wet,True,both,3,3079.4,1834.0,3
Typhoid Fever,Northern Mindanao,wet,True,season_p75,1,344.5,332.5,3
Acute Bloody Diarrhea,SOCCSKSARGEN,dry,False,none,0,8.9,19.0,3
Acute Viral Hepatitis,SOCCSKSARGEN,dry,False,none,0,0.0,0.0,3
Cholera,SOCCSKSARGEN,dry,False,none,1,1.0,3.8,3
Dengue,SOCCSKSARGEN,dry,True,season_p75,1,1150.7,1120.5,3
Typhoid Fever,SOCCSKSARGEN,dry,False,none,0,87.9,143.0,3
Acute Bloody Diarrhea,SOCCSKSARGEN,wet,False,none,0,7.7,18.0,3
Acute Viral Hepatitis,SOCCSKSARGEN,wet,False,none,0,0.0,0.0,3
Cholera,SOCCSKSARGEN,wet,True,both,3,6.4,3.0,3
Dengue,SOCCSKSARGEN,wet,False,none,1,1645.2,1673.0,3
Typhoid Fever,SOCCSKSARGEN,wet,False,none,0,91.9,175.0,3
Acute Bloody Diarrhea,Western Visayas,dry,False,none,0,0.0,1.0,3
Acute Viral Hepatitis,Western Visayas,dry,False,none,0,0.1,1.0,3
Cholera,Western Visayas,dry,False,none,0,0.0,1.0,3
Dengue,Western Visayas,dry,False,none,0,177.8,743.0,3
Typhoid Fever,Western Visayas,dry,False,none,0,94.2,96.0,3
Acute Bloody Diarrhea,Western Visayas,wet,False,none,0,0.0,1.0,3
Acute Viral Hepatitis,Western Visayas,wet,False,none,0,1.4,2.0,3
Cholera,Western Visayas,wet,False,none,0,0.0,5.5,3
Dengue,Western Visayas,wet,True,both,3,5621.0,1981.0,3
Typhoid Fever,Western Visayas,wet,True,both,3,208.9,142.0,3
Acute Bloody Diarrhea,Zamboanga Peninsula,dry,False,none,0,125.2,226.0,3
Acute Viral Hepatitis,Zamboanga Peninsula,dry,True,both,3,6.4,3.0,3
Cholera,Zamboanga Peninsula,dry,True,season_p75,1,10.5,9.0,3
Dengue,Zamboanga Peninsula,dry,False,none,0,334.8,922.0,3
Typhoid Fever,Zamboanga Peninsula,dry,True,season_p75,2,137.0,124.0,3
Acute Bloody Diarrhea,Zamboanga Peninsula,wet,False,none,0,110.8,207.5,3
Acute Viral Hepatitis,Zamboanga Peninsula,wet,True,both,3,5.6,3.0,3
Cholera,Zamboanga Peninsula,wet,True,both,3,8.9,6.0,3
Dengue,Zamboanga Peninsula,wet,True,season_p75,2,2354.5,1736.0,3
Typhoid Fever,Zamboanga Peninsula,wet,True,both,3,225.7,154.5,3
