disease,region,month,p50,p75
Dengue,Bangsamoro (BARMM),1,385.0,518.5
Dengue,Bangsamoro (BARMM),2,333.0,417.5
Dengue,Bangsamoro (BARMM),3,321.0,409.0
Dengue,Bangsamoro (BARMM),4,363.0,430.0
Dengue,Bangsamoro (BARMM),5,476.0,603.5
Dengue,Bangsamoro (BARMM),6,696.5,818.25
Dengue,Bangsamoro (BARMM),7,820.0,1071.75
Dengue,Bangsamoro (BARMM),8,842.5,1177.0
Dengue,Bangsamoro (BARMM),9,609.0,836.0
Dengue,Bangsamoro (BARMM),10,464.0,696.5
Dengue,Bangsamoro (BARMM),11,310.0,555.5
Dengue,Bangsamoro (BARMM),12,238.0,406.0
Dengue,Bicol Region,1,152.0,301.5
Dengue,Bicol Region,2,115.0,267.25
Dengue,Bicol Region,3,117.0,162.0
Dengue,Bicol Region,4,109.5,133.25
Dengue,Bicol Region,5,96.0,164.75
Dengue,Bicol Region,6,128.0,282.5
Dengue,Bicol Region,7,265.5,449.5
Dengue,Bicol Region,8,313.0,511.0
Dengue,Bicol Region,9,179.0,236.5
Dengue,Bicol Region,10,129.0,234.0
Dengue,Bicol Region,11,145.0,173.0
Dengue,Bicol Region,12,117.0,127.0
Dengue,CALABARZON,1,2373.5,3965.75
Dengue,CALABARZON,2,1559.5,1938.75
Dengue,CALABARZON,3,1015.0,1177.0
Dengue,CALABARZON,4,872.0,1003.5
Dengue,CALABARZON,5,1033.5,1393.0
Dengue,CALABARZON,6,1799.0,2694.75
Dengue,CALABARZON,7,3280.5,4915.75
Dengue,CALABARZON,8,4153.5,5739.5
Dengue,CALABARZON,9,4478.0,5216.5
Dengue,CALABARZON,10,2832.0,7347.5
Dengue,CALABARZON,11,2063.0,3745.5
Dengue,CALABARZON,12,1611.0,2526.5
Dengue,Cagayan Valley,1,543.0,738.0
Dengue,Cagayan Valley,2,355.0,569.25
Dengue,Cagayan Valley,3,322.0,523.0
Dengue,Cagayan Valley,4,283.0,405.5
Dengue,Cagayan Valley,5,379.0,552.25
Dengue,Cagayan Valley,6,634.0,860.5
Dengue,Cagayan Valley,7,1104.5,2012.25
Dengue,Cagayan Valley,8,1590.5,2875.25
Dengue,Cagayan Valley,9,1311.0,2302.0
Dengue,Cagayan Valley,10,1407.0,1677.5
Dengue,Cagayan Valley,11,671.0,1288.0
Dengue,Cagayan Valley,12,392.0,815.0
Dengue,Caraga,1,788.5,1450.25
Dengue,Caraga,2,632.0,969.0
Dengue,Caraga,3,439.0,538.25
Dengue,Caraga,4,300.0,431.25
Dengue,Caraga,5,377.0,484.0
Dengue,Caraga,6,410.5,536.75
Dengue,Caraga,7,544.5,1054.0
Dengue,Caraga,8,581.5,1088.0
Dengue,Caraga,9,494.0,829.5
Dengue,Caraga,10,462.0,816.5
Dengue,Caraga,11,536.0,754.5
Dengue,Caraga,12,605.0,909.5
Dengue,Central Luzon,1,3089.5,4632.0
Dengue,Central Luzon,2,1559.0,2570.0
Dengue,Central Luzon,3,958.5,1600.5
Dengue,Central Luzon,4,823.5,1132.25
Dengue,Central Luzon,5,853.0,1189.75
Dengue,Central Luzon,6,1665.5,2671.75
Dengue,Central Luzon,7,3687.0,5780.5
Dengue,Central Luzon,8,6527.0,9704.75
Dengue,Central Luzon,9,4875.0,7023.0
Dengue,Central Luzon,10,4112.0,5624.5
Dengue,Central Luzon,11,3044.0,4433.5
Dengue,Central Luzon,12,2455.0,3887.0
Dengue,Central Visayas,1,1078.0,2414.5
Dengue,Central Visayas,2,1078.0,1557.0
Dengue,Central Visayas,3,896.0,1046.75
Dengue,Central Visayas,4,510.0,644.25
Dengue,Central Visayas,5,503.0,635.0
Dengue,Central Visayas,6,635.5,815.25
Dengue,Central Visayas,7,1501.5,2063.5
Dengue,Central Visayas,8,1216.0,4169.25
Dengue,Central Visayas,9,759.0,2330.5
Dengue,Central Visayas,10,875.0,2055.0
Dengue,Central Visayas,11,879.0,1827.5
Dengue,Central Visayas,12,668.0,1502.5
Dengue,Cordillera Administrative Region,1,410.5,511.75
Dengue,Cordillera Administrative Region,2,318.0,396.25
Dengue,Cordillera Administrative Region,3,240.5,271.75
Dengue,Cordillera Administrative Region,4,254.5,336.5
Dengue,Cordillera Administrative Region,5,392.0,626.75
Dengue,Cordillera Administrative Region,6,865.5,1498.25
Dengue,Cordillera Administrative Region,7,1489.0,2722.75
Dengue,Cordillera Administrative Region,8,1611.5,2231.5
Dengue,Cordillera Administrative Region,9,1054.0,2083.5
Dengue,Cordillera Administrative Region,10,1115.0,1525.0
Dengue,Cordillera Administrative Region,11,590.0,957.0
Dengue,Cordillera Administrative Region,12,381.0,621.5
Dengue,Davao Region,1,942.0,1261.5
Dengue,Davao Region,2,754.5,1178.75
Dengue,Davao Region,3,655.0,1280.25
Dengue,Davao Region,4,729.5,1028.75
Dengue,Davao Region,5,879.5,1303.5
Dengue,Davao Region,6,1176.5,1750.25
Dengue,Davao Region,7,1331.0,2233.0
Dengue,Davao Region,8,1187.0,2613.75
Dengue,Davao Region,9,955.0,1674.0
Dengue,Davao Region,10,819.0,1507.5
Dengue,Davao Region,11,488.0,1552.0
Dengue,Davao Region,12,377.0,1301.0
Dengue,Eastern Visayas,1,408.0,862.5
Dengue,Eastern Visayas,2,373.5,625.0
Dengue,Eastern Visayas,3,341.0,454.25
Dengue,Eastern Visayas,4,252.0,310.25
Dengue,Eastern Visayas,5,211.5,524.0
Dengue,Eastern Visayas,6,279.0,669.25
Dengue,Eastern Visayas,7,501.0,888.75
Dengue,Eastern Visayas,8,414.5,1090.5
Dengue,Eastern Visayas,9,404.0,767.0
Dengue,Eastern Visayas,10,436.0,527.5
Dengue,Eastern Visayas,11,257.0,716.5
Dengue,Eastern Visayas,12,204.0,497.0
Dengue,Ilocos Region,1,699.5,804.0
Dengue,Ilocos Region,2,408.0,483.75
Dengue,Ilocos Region,3,200.5,361.5
Dengue,Ilocos Region,4,190.0,354.75
Dengue,Ilocos Region,5,304.5,433.25
Dengue,Ilocos Region,6,851.5,1004.25
Dengue,Ilocos Region,7,1649.0,2674.5
Dengue,Ilocos Region,8,2235.0,3206.75
Dengue,Ilocos Region,9,1251.0,2196.0
Dengue,Ilocos Region,10,1098.0,1843.5
Dengue,Ilocos Region,11,1032.0,1075.5
Dengue,Ilocos Region,12,401.0,846.5
Dengue,MIMAROPA,1,689.5,844.25
Dengue,MIMAROPA,2,630.5,746.25
Dengue,MIMAROPA,3,467.0,619.25
Dengue,MIMAROPA,4,377.5,582.0
Dengue,MIMAROPA,5,453.0,786.0
Dengue,MIMAROPA,6,1088.0,1475.5
Dengue,MIMAROPA,7,2143.0,2305.0
Dengue,MIMAROPA,8,1433.5,2217.0
Dengue,MIMAROPA,9,1007.0,1245.0
Dengue,MIMAROPA,10,784.0,1273.5
Dengue,MIMAROPA,11,710.0,1057.5
Dengue,MIMAROPA,12,585.0,732.0
Dengue,National,1,18632.5,28281.25
Dengue,National,2,12562.5,19091.0
Dengue,National,3,10478.5,12394.0
Dengue,National,4,9491.5,11039.75
Dengue,National,5,13395.0,16008.75
Dengue,National,6,20723.0,24263.25
Dengue,National,7,36854.0,45519.0
Dengue,National,8,35625.5,52643.0
Dengue,National,9,30456.0,44652.0
Dengue,National,10,23792.0,41134.5
Dengue,National,11,17710.0,25029.0
Dengue,National,12,15507.0,16148.0
Dengue,National Capital Region,1,2460.5,3511.5
Dengue,National Capital Region,2,1550.0,1834.25
Dengue,National Capital Region,3,921.5,1177.0
Dengue,National Capital Region,4,741.5,857.5
Dengue,National Capital Region,5,758.0,966.0
Dengue,National Capital Region,6,959.0,1655.25
Dengue,National Capital Region,7,2067.0,3225.0
Dengue,National Capital Region,8,3796.0,4869.5
Dengue,National Capital Region,9,4724.0,5834.0
Dengue,National Capital Region,10,3369.0,6592.5
Dengue,National Capital Region,11,2464.0,3612.0
Dengue,National Capital Region,12,1861.0,2102.5
Dengue,Negros Island Region,1,413.5,1168.5
Dengue,Negros Island Region,2,434.0,681.75
Dengue,Negros Island Region,3,277.5,437.0
Dengue,Negros Island Region,4,300.5,374.75
Dengue,Negros Island Region,5,309.0,568.25
Dengue,Negros Island Region,6,473.0,1093.25
Dengue,Negros Island Region,7,1300.0,1883.75
Dengue,Negros Island Region,8,1077.5,2361.5
Dengue,Negros Island Region,9,599.0,1845.5
Dengue,Negros Island Region,10,483.0,1358.0
Dengue,Negros Island Region,11,446.0,845.5
Dengue,Negros Island Region,12,313.0,584.5
Dengue,Northern Mindanao,1,1241.0,1504.75
Dengue,Northern Mindanao,2,943.5,1448.0
Dengue,Northern Mindanao,3,894.5,1197.25
Dengue,Northern Mindanao,4,743.5,976.25
Dengue,Northern Mindanao,5,1041.5,1341.75
Dengue,Northern Mindanao,6,1314.0,1744.5
Dengue,Northern Mindanao,7,1432.5,2037.0
Dengue,Northern Mindanao,8,1198.5,2977.75
Dengue,Northern Mindanao,9,1325.0,2058.5
Dengue,Northern Mindanao,10,973.0,1799.0
Dengue,Northern Mindanao,11,887.0,1521.0
Dengue,Northern Mindanao,12,776.0,1034.0
Dengue,SOCCSKSARGEN,1,694.5,1321.75
Dengue,SOCCSKSARGEN,2,639.0,1186.5
Dengue,SOCCSKSARGEN,3,747.5,1043.25
Dengue,SOCCSKSARGEN,4,805.0,903.0
Dengue,SOCCSKSARGEN,5,1141.0,1505.25
Dengue,SOCCSKSARGEN,6,1494.0,1937.0
Dengue,SOCCSKSARGEN,7,1497.0,2170.5
Dengue,SOCCSKSARGEN,8,1318.5,2227.5
Dengue,SOCCSKSARGEN,9,811.0,1352.5
Dengue,SOCCSKSARGEN,10,961.0,1167.5
Dengue,SOCCSKSARGEN,11,534.0,861.5
Dengue,SOCCSKSARGEN,12,213.0,735.5
Dengue,Western Visayas,1,499.5,752.5
Dengue,Western Visayas,2,398.5,830.0
Dengue,Western Visayas,3,347.5,639.25
Dengue,Western Visayas,4,327.5,506.75
Dengue,Western Visayas,5,454.0,889.25
Dengue,Western Visayas,6,834.5,1942.0
Dengue,Western Visayas,7,2130.0,3187.0
Dengue,Western Visayas,8,1346.5,3978.25
Dengue,Western Visayas,9,980.0,2229.5
Dengue,Western Visayas,10,473.0,1701.0
Dengue,Western Visayas,11,559.0,659.0
Dengue,Western Visayas,12,257.0,320.0
Dengue,Zamboanga Peninsula,1,775.5,929.5
Dengue,Zamboanga Peninsula,2,633.0,830.5
Dengue,Zamboanga Peninsula,3,775.0,856.5
Dengue,Zamboanga Peninsula,4,687.0,965.5
Dengue,Zamboanga Peninsula,5,979.0,1510.75
Dengue,Zamboanga Peninsula,6,1668.0,1869.25
Dengue,Zamboanga Peninsula,7,1228.5,2582.25
Dengue,Zamboanga Peninsula,8,1242.0,2120.25
Dengue,Zamboanga Peninsula,9,1048.0,1390.5
Dengue,Zamboanga Peninsula,10,536.0,1388.0
Dengue,Zamboanga Peninsula,11,769.0,1062.5
Dengue,Zamboanga Peninsula,12,585.0,674.0
