disease,region,season,probe_anchor,season_start,season_end,history_status,target_date,yhat,yhat_lower,yhat_upper
Acute Bloody Diarrhea,Bangsamoro (BARMM),dry,2025-01-01,2025-01-01,2025-03-01,observed,2025-01-01,24.36512339926296,9.990689058895144,39.70865037134242
Acute Bloody Diarrhea,Bangsamoro (BARMM),dry,2025-01-01,2025-01-01,2025-03-01,observed,2025-02-01,24.54488264052066,9.104273533763063,39.98397982010422
Acute Bloody Diarrhea,Bangsamoro (BARMM),dry,2025-01-01,2025-01-01,2025-03-01,observed,2025-03-01,24.70724582617278,9.337769358721651,41.11963802791518
Acute Bloody Diarrhea,Bangsamoro (BARMM),wet,2025-07-01,2025-07-01,2025-09-01,observed,2025-07-01,25.87190323592568,11.572972582449783,42.01004331093626
Acute Bloody Diarrhea,Bangsamoro (BARMM),wet,2025-07-01,2025-07-01,2025-09-01,observed,2025-08-01,26.05489639986138,12.420057862789244,42.327898853028984
Acute Bloody Diarrhea,Bangsamoro (BARMM),wet,2025-07-01,2025-07-01,2025-09-01,observed,2025-09-01,26.237889563797083,10.511105090885902,41.12655715079192
Acute Bloody Diarrhea,Bicol Region,dry,2025-01-01,2025-01-01,2025-03-01,observed,2025-01-01,5.356328229559971,0.0,13.111569925239571
Acute Bloody Diarrhea,Bicol Region,dry,2025-01-01,2025-01-01,2025-03-01,observed,2025-02-01,5.196485376789046,0.0,12.652818136980613
Acute Bloody Diarrhea,Bicol Region,dry,2025-01-01,2025-01-01,2025-03-01,observed,2025-03-01,5.052111187189499,0.0,11.800240523835706
Acute Bloody Diarrhea,Bicol Region,wet,2025-07-01,2025-07-01,2025-09-01,observed,2025-07-01,3.704676619152049,0.0,11.21362198412558
Acute Bloody Diarrhea,Bicol Region,wet,2025-07-01,2025-07-01,2025-09-01,observed,2025-08-01,3.5707948447159072,0.0,11.95401918190905
Acute Bloody Diarrhea,Bicol Region,wet,2025-07-01,2025-07-01,2025-09-01,observed,2025-09-01,3.436913070279767,0.0,10.26331741267815
Acute Bloody Diarrhea,CALABARZON,dry,2025-01-01,2025-01-01,2025-03-01,observed,2025-01-01,19.169689884308845,0.0,42.313557945633065
Acute Bloody Diarrhea,CALABARZON,dry,2025-01-01,2025-01-01,2025-03-01,observed,2025-02-01,18.925179406955944,0.0,41.418515068481895
Acute Bloody Diarrhea,CALABARZON,dry,2025-01-01,2025-01-01,2025-03-01,observed,2025-03-01,18.704331233862995,0.0,43.17544464325339
Acute Bloody Diarrhea,CALABARZON,wet,2025-07-01,2025-07-01,2025-09-01,observed,2025-07-01,17.300586707381598,0.0,40.812091536670806
Acute Bloody Diarrhea,CALABARZON,wet,2025-07-01,2025-07-01,2025-09-01,observed,2025-08-01,17.062160407709676,0.0,42.447049267220514
Acute Bloody Diarrhea,CALABARZON,wet,2025-07-01,2025-07-01,2025-09-01,observed,2025-09-01,16.82373410803775,0.0,40.0982215252316
Acute Bloody Diarrhea,Cagayan Valley,dry,2025-01-01,2025-01-01,2025-03-01,observed,2025-01-01,134.9911680368008,58.22566377377527,208.81060279374344
Acute Bloody Diarrhea,Cagayan Valley,dry,2025-01-01,2025-01-01,2025-03-01,observed,2025-02-01,136.24948902066006,61.929010588900226,205.6521599111611
Acute Bloody Diarrhea,Cagayan Valley,dry,2025-01-01,2025-01-01,2025-03-01,observed,2025-03-01,137.38603700608132,67.4697202034146,209.51937074244086
Acute Bloody Diarrhea,Cagayan Valley,wet,2025-07-01,2025-07-01,2025-09-01,observed,2025-07-01,125.7068682622201,50.30185407342424,202.6846596705441
Acute Bloody Diarrhea,Cagayan Valley,wet,2025-07-01,2025-07-01,2025-09-01,observed,2025-08-01,126.81816275661711,52.18284180847967,204.4261632690531
Acute Bloody Diarrhea,Cagayan Valley,wet,2025-07-01,2025-07-01,2025-09-01,observed,2025-09-01,127.92945725101411,55.72450229636192,195.48329062237502
Acute Bloody Diarrhea,Caraga,dry,2025-01-01,2025-01-01,2025-03-01,observed,2025-01-01,19.641483165776148,0.0,86.60964562267598
Acute Bloody Diarrhea,Caraga,dry,2025-01-01,2025-01-01,2025-03-01,observed,2025-02-01,17.91258049821899,0.0,80.77932301804577
Acute Bloody Diarrhea,Caraga,dry,2025-01-01,2025-01-01,2025-03-01,observed,2025-03-01,16.350990992038334,0.0,78.53570155523235
Acute Bloody Diarrhea,Caraga,wet,2025-07-01,2025-07-01,2025-09-01,observed,2025-07-01,8.735297921969403,0.0,72.11030754618147
Acute Bloody Diarrhea,Caraga,wet,2025-07-01,2025-07-01,2025-09-01,observed,2025-08-01,7.153376628391032,0.0,68.88135870164216
Acute Bloody Diarrhea,Caraga,wet,2025-07-01,2025-07-01,2025-09-01,observed,2025-09-01,5.571455334812688,0.0,63.34449248973131
Acute Bloody Diarrhea,Central Luzon,dry,2025-01-01,2025-01-01,2025-03-01,observed,2025-01-01,57.691407778294334,32.23552615101058,82.76413671994256
Acute Bloody Diarrhea,Central Luzon,dry,2025-01-01,2025-01-01,2025-03-01,observed,2025-02-01,58.24358297768466,32.870195298549305,85.24580454317476
Acute Bloody Diarrhea,Central Luzon,dry,2025-01-01,2025-01-01,2025-03-01,observed,2025-03-01,58.74232186745658,34.498122898011204,83.82288296490248
Acute Bloody Diarrhea,Central Luzon,wet,2025-07-01,2025-07-01,2025-09-01,observed,2025-07-01,49.984255081775686,24.997228873885277,76.29404186087314
Acute Bloody Diarrhea,Central Luzon,wet,2025-07-01,2025-07-01,2025-09-01,observed,2025-08-01,50.43734357359458,25.31265884103941,75.50269811519092
Acute Bloody Diarrhea,Central Luzon,wet,2025-07-01,2025-07-01,2025-09-01,observed,2025-09-01,50.89043206541348,25.497029077365067,78.715842990686
Acute Bloody Diarrhea,Central Visayas,dry,2025-01-01,2025-01-01,2025-03-01,observed,2025-01-01,69.36955532912442,0.0,202.9851717560818
Acute Bloody Diarrhea,Central Visayas,dry,2025-01-01,2025-01-01,2025-03-01,observed,2025-02-01,65.05554168039598,0.0,179.4991001076388
Acute Bloody Diarrhea,Central Visayas,dry,2025-01-01,2025-01-01,2025-03-01,observed,2025-03-01,61.15901322347998,0.0,190.03566747027335
Acute Bloody Diarrhea,Central Visayas,wet,2025-07-01,2025-07-01,2025-09-01,observed,2025-07-01,33.96494733394027,0.0,151.0882951415736
Acute Bloody Diarrhea,Central Visayas,wet,2025-07-01,2025-07-01,2025-09-01,observed,2025-08-01,30.64849205137905,0.0,157.84829161772228
Acute Bloody Diarrhea,Central Visayas,wet,2025-07-01,2025-07-01,2025-09-01,observed,2025-09-01,27.332036768817797,0.0,149.4374863728237
Acute Bloody Diarrhea,Cordillera Administrative Region,dry,2025-01-01,2025-01-01,2025-03-01,observed,2025-01-01,56.43439567643155,12.540926397012498,101.66011539012564
Acute Bloody Diarrhea,Cordillera Administrative Region,dry,2025-01-01,2025-01-01,2025-03-01,observed,2025-02-01,55.86060556687343,10.701999590142515,103.15987767322702
Acute Bloody Diarrhea,Cordillera Administrative Region,dry,2025-01-01,2025-01-01,2025-03-01,observed,2025-03-01,55.34234353243383,14.427050704525204,100.81707980923618
Acute Bloody Diarrhea,Cordillera Administrative Region,wet,2025-07-01,2025-07-01,2025-09-01,observed,2025-07-01,54.44394318274667,11.75983023945639,99.59138638394361
Acute Bloody Diarrhea,Cordillera Administrative Region,wet,2025-07-01,2025-07-01,2025-09-01,observed,2025-08-01,53.85545555256888,9.255847084164985,99.17608182214362
Acute Bloody Diarrhea,Cordillera Administrative Region,wet,2025-07-01,2025-07-01,2025-09-01,observed,2025-09-01,53.266967922391075,6.770134752875118,97.3074643319351
Acute Bloody Diarrhea,Davao Region,dry,2025-01-01,2025-01-01,2025-03-01,observed,2025-01-01,38.837783295690215,16.941440747434825,59.00382652389513
Acute Bloody Diarrhea,Davao Region,dry,2025-01-01,2025-01-01,2025-03-01,observed,2025-02-01,39.142362852046,18.601011006261874,59.39468513574551
Acute Bloody Diarrhea,Davao Region,dry,2025-01-01,2025-01-01,2025-03-01,observed,2025-03-01,39.41746696746412,17.719845508651392,60.32959097714555
Acute Bloody Diarrhea,Davao Region,wet,2025-07-01,2025-07-01,2025-09-01,observed,2025-07-01,37.08628608377726,15.786654626807469,58.297650768607944
Acute Bloody Diarrhea,Davao Region,wet,2025-07-01,2025-07-01,2025-09-01,observed,2025-08-01,37.36439537680548,16.848807269229262,58.21014959234674
Acute Bloody Diarrhea,Davao Region,wet,2025-07-01,2025-07-01,2025-09-01,observed,2025-09-01,37.64250466983371,16.883512689102325,58.6463268173072
Acute Bloody Diarrhea,Eastern Visayas,dry,2025-01-01,2025-01-01,2025-03-01,observed,2025-01-01,30.475650665421096,10.734943361926117,50.80719611598519
Acute Bloody Diarrhea,Eastern Visayas,dry,2025-01-01,2025-01-01,2025-03-01,observed,2025-02-01,30.513335912397004,9.926541359566535,50.604011329460704
Acute Bloody Diarrhea,Eastern Visayas,dry,2025-01-01,2025-01-01,2025-03-01,observed,2025-03-01,30.547374199988145,9.361454925983459,50.26519998120303
Acute Bloody Diarrhea,Eastern Visayas,wet,2025-07-01,2025-07-01,2025-09-01,observed,2025-07-01,23.57182097159386,3.508739695358156,43.64405412349458
Acute Bloody Diarrhea,Eastern Visayas,wet,2025-07-01,2025-07-01,2025-09-01,observed,2025-08-01,23.600760215899726,2.9292510775933067,43.50100524979335
Acute Bloody Diarrhea,Eastern Visayas,wet,2025-07-01,2025-07-01,2025-09-01,observed,2025-09-01,23.629699460205593,3.683428860604494,44.41189230960264
Acute Bloody Diarrhea,Ilocos Region,dry,2025-01-01,2025-01-01,2025-03-01,observed,2025-01-01,6.366282336211499,0.0,16.135180651985134
Acute Bloody Diarrhea,Ilocos Region,dry,2025-01-01,2025-01-01,2025-03-01,observed,2025-02-01,6.456968234015747,0.0,16.253695320158545
Acute Bloody Diarrhea,Ilocos Region,dry,2025-01-01,2025-01-01,2025-03-01,observed,2025-03-01,6.538878077193777,0.0,16.145971270987143
Acute Bloody Diarrhea,Ilocos Region,wet,2025-07-01,2025-07-01,2025-09-01,observed,2025-07-01,16.59116908683104,7.04377961158907,26.21725926341502
Acute Bloody Diarrhea,Ilocos Region,wet,2025-07-01,2025-07-01,2025-09-01,observed,2025-08-01,16.80935862239229,6.0421513748600875,26.064781272347574
Acute Bloody Diarrhea,Ilocos Region,wet,2025-07-01,2025-07-01,2025-09-01,observed,2025-09-01,17.027548157953536,6.8520716421510075,26.601914405965434
Acute Bloody Diarrhea,MIMAROPA,dry,2025-01-01,2025-01-01,2025-03-01,observed,2025-01-01,14.949448827723115,7.346024537797489,22.1412188950499
Acute Bloody Diarrhea,MIMAROPA,dry,2025-01-01,2025-01-01,2025-03-01,observed,2025-02-01,15.119079391852416,7.687367062639684,22.6683185948503
Acute Bloody Diarrhea,MIMAROPA,dry,2025-01-01,2025-01-01,2025-03-01,observed,2025-03-01,15.272294094936948,8.10747106036622,22.999907027631174
Acute Bloody Diarrhea,MIMAROPA,wet,2025-07-01,2025-07-01,2025-09-01,observed,2025-07-01,18.351282488823866,10.854967910405799,26.166100957961152
Acute Bloody Diarrhea,MIMAROPA,wet,2025-07-01,2025-07-01,2025-09-01,observed,2025-08-01,18.546575042888776,10.967539667345806,26.22660834967066
Acute Bloody Diarrhea,MIMAROPA,wet,2025-07-01,2025-07-01,2025-09-01,observed,2025-09-01,18.74186759695368,10.92906137429842,25.893857399860558
Acute Bloody Diarrhea,National,dry,2025-01-01,2025-01-01,2025-03-01,observed,2025-01-01,785.2149404377552,294.59336230747186,1254.9596200095154
Acute Bloody Diarrhea,National,dry,2025-01-01,2025-01-01,2025-03-01,observed,2025-02-01,781.2144593615964,317.72226575657083,1256.032194554251
Acute Bloody Diarrhea,National,dry,2025-01-01,2025-01-01,2025-03-01,observed,2025-03-01,777.6011216153883,291.8776954925238,1246.0290702660332
Acute Bloody Diarrhea,National,wet,2025-07-01,2025-07-01,2025-09-01,observed,2025-07-01,680.4805651084162,221.15699289238276,1128.1398224393884
Acute Bloody Diarrhea,National,wet,2025-07-01,2025-07-01,2025-09-01,observed,2025-08-01,676.9073898577384,185.36906641533847,1158.811803875
Acute Bloody Diarrhea,National,wet,2025-07-01,2025-07-01,2025-09-01,observed,2025-09-01,673.3342146070606,193.18114142397343,1129.667769912047
Acute Bloody Diarrhea,National Capital Region,dry,2025-01-01,2025-01-01,2025-03-01,observed,2025-01-01,21.615841668382,12.251283983486845,30.648574207915974
Acute Bloody Diarrhea,National Capital Region,dry,2025-01-01,2025-01-01,2025-03-01,observed,2025-02-01,21.926807989145995,12.377124404535964,31.757842477231858
Acute Bloody Diarrhea,National Capital Region,dry,2025-01-01,2025-01-01,2025-03-01,observed,2025-03-01,22.20768079499735,12.326191562578215,32.24831963425887
Acute Bloody Diarrhea,National Capital Region,wet,2025-07-01,2025-07-01,2025-09-01,observed,2025-07-01,31.32621816799666,21.93555111313952,40.660596313875544
Acute Bloody Diarrhea,National Capital Region,wet,2025-07-01,2025-07-01,2025-09-01,observed,2025-08-01,31.741957901656527,22.542414318787426,41.13020220698289
Acute Bloody Diarrhea,National Capital Region,wet,2025-07-01,2025-07-01,2025-09-01,observed,2025-09-01,32.1576976353164,22.891698699126383,41.726692096162026
Acute Bloody Diarrhea,Negros Island Region,dry,2025-01-01,2025-01-01,2025-03-01,observed,2025-01-01,47.33621487309183,6.99313169466231,87.2831406692945
Acute Bloody Diarrhea,Negros Island Region,dry,2025-01-01,2025-01-01,2025-03-01,observed,2025-02-01,47.09457510359317,10.500026043133474,83.93459977423352
Acute Bloody Diarrhea,Negros Island Region,dry,2025-01-01,2025-01-01,2025-03-01,observed,2025-03-01,46.87631982791695,7.182626861155372,84.56432003308045
Acute Bloody Diarrhea,Negros Island Region,wet,2025-07-01,2025-07-01,2025-09-01,observed,2025-07-01,47.48192894620919,8.850889292706395,86.63945010170129
Acute Bloody Diarrhea,Negros Island Region,wet,2025-07-01,2025-07-01,2025-09-01,observed,2025-08-01,47.232099118829176,10.715470005075325,85.45467297559932
Acute Bloody Diarrhea,Negros Island Region,wet,2025-07-01,2025-07-01,2025-09-01,observed,2025-09-01,46.982269291449164,8.19098429568646,86.66638270816098
Acute Bloody Diarrhea,Northern Mindanao,dry,2025-01-01,2025-01-01,2025-03-01,observed,2025-01-01,67.66659052009393,24.802991456727135,109.84206408675804
Acute Bloody Diarrhea,Northern Mindanao,dry,2025-01-01,2025-01-01,2025-03-01,observed,2025-02-01,67.50380032106125,26.054843294716886,108.74319015944296
Acute Bloody Diarrhea,Northern Mindanao,dry,2025-01-01,2025-01-01,2025-03-01,observed,2025-03-01,67.35676401225751,23.248826796407243,109.59449273963529
Acute Bloody Diarrhea,Northern Mindanao,wet,2025-07-01,2025-07-01,2025-09-01,observed,2025-07-01,53.959725518841054,11.999821689757386,95.7818030987929
Acute Bloody Diarrhea,Northern Mindanao,wet,2025-07-01,2025-07-01,2025-09-01,observed,2025-08-01,53.82806144237309,9.932641044181002,98.29189027955728
Acute Bloody Diarrhea,Northern Mindanao,wet,2025-07-01,2025-07-01,2025-09-01,observed,2025-09-01,53.69639736590513,13.284781661094469,98.55392061746954
Acute Bloody Diarrhea,SOCCSKSARGEN,dry,2025-01-01,2025-01-01,2025-03-01,observed,2025-01-01,10.41699762712614,2.2922210183824214,19.28300306335365
Acute Bloody Diarrhea,SOCCSKSARGEN,dry,2025-01-01,2025-01-01,2025-03-01,observed,2025-02-01,10.40891898858951,1.5812796260412136,18.5856218127408
Acute Bloody Diarrhea,SOCCSKSARGEN,dry,2025-01-01,2025-01-01,2025-03-01,observed,2025-03-01,10.401622153782231,2.3282379907819886,18.75896741309382
Acute Bloody Diarrhea,SOCCSKSARGEN,wet,2025-07-01,2025-07-01,2025-09-01,observed,2025-07-01,9.503712878318042,0.4187510043807638,17.921886457354404
Acute Bloody Diarrhea,SOCCSKSARGEN,wet,2025-07-01,2025-07-01,2025-09-01,observed,2025-08-01,9.496308989346977,1.1424480918620623,18.26593591003244
Acute Bloody Diarrhea,SOCCSKSARGEN,wet,2025-07-01,2025-07-01,2025-09-01,observed,2025-09-01,9.488905100375915,1.3187597484087876,17.198137547075373
Acute Bloody Diarrhea,Western Visayas,dry,2025-01-01,2025-01-01,2025-03-01,observed,2025-01-01,0.0,0.0,0.711958061938972
Acute Bloody Diarrhea,Western Visayas,dry,2025-01-01,2025-01-01,2025-03-01,observed,2025-02-01,0.0,0.0,0.7668136065578817
Acute Bloody Diarrhea,Western Visayas,dry,2025-01-01,2025-01-01,2025-03-01,observed,2025-03-01,0.0,0.0,0.7495535962118682
Acute Bloody Diarrhea,Western Visayas,wet,2025-07-01,2025-07-01,2025-09-01,observed,2025-07-01,0.0,0.0,0.6489797152068177
Acute Bloody Diarrhea,Western Visayas,wet,2025-07-01,2025-07-01,2025-09-01,observed,2025-08-01,0.0,0.0,0.5282101183397752
Acute Bloody Diarrhea,Western Visayas,wet,2025-07-01,2025-07-01,2025-09-01,observed,2025-09-01,0.0,0.0,0.5055010657818506
Acute Bloody Diarrhea,Zamboanga Peninsula,dry,2025-01-01,2025-01-01,2025-03-01,observed,2025-01-01,147.9115989736908,50.36130748109765,238.34751236528018
Acute Bloody Diarrhea,Zamboanga Peninsula,dry,2025-01-01,2025-01-01,2025-03-01,observed,2025-02-01,148.1122316372585,50.14163999764456,244.50649865454207
Acute Bloody Diarrhea,Zamboanga Peninsula,dry,2025-01-01,2025-01-01,2025-03-01,observed,2025-03-01,148.29344823661,54.2755501689074,244.6961324223678
Acute Bloody Diarrhea,Zamboanga Peninsula,wet,2025-07-01,2025-07-01,2025-09-01,observed,2025-07-01,136.8868055064748,45.02345919515234,233.3130496518878
Acute Bloody Diarrhea,Zamboanga Peninsula,wet,2025-07-01,2025-07-01,2025-09-01,observed,2025-08-01,137.07102475331283,39.30086075539065,235.3899694934778
Acute Bloody Diarrhea,Zamboanga Peninsula,wet,2025-07-01,2025-07-01,2025-09-01,observed,2025-09-01,137.25524400015087,41.72743967479988,234.01740301319123
Acute Viral Hepatitis,Bangsamoro (BARMM),dry,2025-01-01,2025-01-01,2025-03-01,observed,2025-01-01,0.6127438814225733,0.0,1.6541482937850476
Acute Viral Hepatitis,Bangsamoro (BARMM),dry,2025-01-01,2025-01-01,2025-03-01,observed,2025-02-01,0.6111781894509687,0.0,1.7434718651180219
Acute Viral Hepatitis,Bangsamoro (BARMM),dry,2025-01-01,2025-01-01,2025-03-01,observed,2025-03-01,0.609764016057261,0.0,1.6990294278729594
Acute Viral Hepatitis,Bangsamoro (BARMM),wet,2025-07-01,2025-07-01,2025-09-01,observed,2025-07-01,0.48461003036526457,0.0,1.4925252604421768
Acute Viral Hepatitis,Bangsamoro (BARMM),wet,2025-07-01,2025-07-01,2025-09-01,observed,2025-08-01,0.4833529939300415,0.0,1.5885363287912677
Acute Viral Hepatitis,Bangsamoro (BARMM),wet,2025-07-01,2025-07-01,2025-09-01,observed,2025-09-01,0.4820959574948185,0.0,1.579441359858326
Acute Viral Hepatitis,Bicol Region,dry,2025-01-01,2025-01-01,2025-03-01,observed,2025-01-01,0.2035203475485775,0.0,0.6101493550396192
Acute Viral Hepatitis,Bicol Region,dry,2025-01-01,2025-01-01,2025-03-01,observed,2025-02-01,0.20472396646057373,0.0,0.6232958215873441
Acute Viral Hepatitis,Bicol Region,dry,2025-01-01,2025-01-01,2025-03-01,observed,2025-03-01,0.2058111061230219,0.0,0.6113154650469294
Acute Viral Hepatitis,Bicol Region,wet,2025-07-01,2025-07-01,2025-09-01,observed,2025-07-01,0.00026680423007090665,0.0,0.41448443335135365
Acute Viral Hepatitis,Bicol Region,wet,2025-07-01,2025-07-01,2025-09-01,observed,2025-08-01,0.0002683294439199991,0.0,0.3798248282444842
Acute Viral Hepatitis,Bicol Region,wet,2025-07-01,2025-07-01,2025-09-01,observed,2025-09-01,0.00026985465776909156,0.0,0.42981144309589864
Acute Viral Hepatitis,CALABARZON,dry,2025-01-01,2025-01-01,2025-03-01,observed,2025-01-01,0.3167141348691477,0.0,1.7938571101879257
Acute Viral Hepatitis,CALABARZON,dry,2025-01-01,2025-01-01,2025-03-01,observed,2025-02-01,0.30625857010476265,0.0,1.8175436660930155
Acute Viral Hepatitis,CALABARZON,dry,2025-01-01,2025-01-01,2025-03-01,observed,2025-03-01,0.29681483418854376,0.0,1.8135541785659957
Acute Viral Hepatitis,CALABARZON,wet,2025-07-01,2025-07-01,2025-09-01,observed,2025-07-01,0.27498708641801417,0.0,1.6628440104521858
Acute Viral Hepatitis,CALABARZON,wet,2025-07-01,2025-07-01,2025-09-01,observed,2025-08-01,0.2637414275907801,0.0,1.6786849152954773
Acute Viral Hepatitis,CALABARZON,wet,2025-07-01,2025-07-01,2025-09-01,observed,2025-09-01,0.25249576876354624,0.0,1.7704536225921776
Acute Viral Hepatitis,Cagayan Valley,dry,2025-01-01,2025-01-01,2025-03-01,observed,2025-01-01,0.5574598397565006,0.0,1.22102409514035
Acute Viral Hepatitis,Cagayan Valley,dry,2025-01-01,2025-01-01,2025-03-01,observed,2025-02-01,0.5671232594365435,0.0,1.2202679378464627
Acute Viral Hepatitis,Cagayan Valley,dry,2025-01-01,2025-01-01,2025-03-01,observed,2025-03-01,0.5758515094701309,0.01838891737882827,1.1659577374494987
Acute Viral Hepatitis,Cagayan Valley,wet,2025-07-01,2025-07-01,2025-09-01,observed,2025-07-01,0.09372875962228995,0.0,0.6974468427825239
Acute Viral Hepatitis,Cagayan Valley,wet,2025-07-01,2025-07-01,2025-09-01,observed,2025-08-01,0.09520419092885443,0.0,0.7441115323960028
Acute Viral Hepatitis,Cagayan Valley,wet,2025-07-01,2025-07-01,2025-09-01,observed,2025-09-01,0.09667962223541893,0.0,0.7371605859773647
Acute Viral Hepatitis,Caraga,dry,2025-01-01,2025-01-01,2025-03-01,observed,2025-01-01,0.0,0.0,0.8305487610384749
Acute Viral Hepatitis,Caraga,dry,2025-01-01,2025-01-01,2025-03-01,observed,2025-02-01,0.0,0.0,0.8240390198094473
Acute Viral Hepatitis,Caraga,dry,2025-01-01,2025-01-01,2025-03-01,observed,2025-03-01,0.0,0.0,0.9019029566877553
Acute Viral Hepatitis,Caraga,wet,2025-07-01,2025-07-01,2025-09-01,observed,2025-07-01,0.0,0.0,0.739110271892822
Acute Viral Hepatitis,Caraga,wet,2025-07-01,2025-07-01,2025-09-01,observed,2025-08-01,0.0,0.0,0.7802013792457275
Acute Viral Hepatitis,Caraga,wet,2025-07-01,2025-07-01,2025-09-01,observed,2025-09-01,0.0,0.0,0.7348055099444218
Acute Viral Hepatitis,Central Luzon,dry,2025-01-01,2025-01-01,2025-03-01,observed,2025-01-01,0.6356086067106961,0.0,1.4474135270754693
Acute Viral Hepatitis,Central Luzon,dry,2025-01-01,2025-01-01,2025-03-01,observed,2025-02-01,0.6392892672889308,0.0,1.4716636656195863
Acute Viral Hepatitis,Central Luzon,dry,2025-01-01,2025-01-01,2025-03-01,observed,2025-03-01,0.6426137349079817,0.0,1.4215904062284195
Acute Viral Hepatitis,Central Luzon,wet,2025-07-01,2025-07-01,2025-09-01,observed,2025-07-01,0.46158095975103436,0.0,1.280420615063376
Acute Viral Hepatitis,Central Luzon,wet,2025-07-01,2025-07-01,2025-09-01,observed,2025-08-01,0.46416645000645185,0.0,1.2465161093999761
Acute Viral Hepatitis,Central Luzon,wet,2025-07-01,2025-07-01,2025-09-01,observed,2025-09-01,0.4667519402618692,0.0,1.223140692284628
Acute Viral Hepatitis,Central Visayas,dry,2025-01-01,2025-01-01,2025-03-01,observed,2025-01-01,1.5778676130260472,0.0,3.6913793917047037
Acute Viral Hepatitis,Central Visayas,dry,2025-01-01,2025-01-01,2025-03-01,observed,2025-02-01,1.5659297844045204,0.0,3.7535926319327033
Acute Viral Hepatitis,Central Visayas,dry,2025-01-01,2025-01-01,2025-03-01,observed,2025-03-01,1.5551472295205606,0.0,3.6379727748594557
Acute Viral Hepatitis,Central Visayas,wet,2025-07-01,2025-07-01,2025-09-01,observed,2025-07-01,1.4550082496998111,0.0,3.5604593688200152
Acute Viral Hepatitis,Central Visayas,wet,2025-07-01,2025-07-01,2025-09-01,observed,2025-08-01,1.4434911899036018,0.0,3.6177232178306364
Acute Viral Hepatitis,Central Visayas,wet,2025-07-01,2025-07-01,2025-09-01,observed,2025-09-01,1.431974130107393,0.0,3.449048731926558
Acute Viral Hepatitis,Cordillera Administrative Region,dry,2025-01-01,2025-01-01,2025-03-01,observed,2025-01-01,0.0900007276935571,0.0,0.4436139547219229
Acute Viral Hepatitis,Cordillera Administrative Region,dry,2025-01-01,2025-01-01,2025-03-01,observed,2025-02-01,0.08796585897200909,0.0,0.4852359362719769
Acute Viral Hepatitis,Cordillera Administrative Region,dry,2025-01-01,2025-01-01,2025-03-01,observed,2025-03-01,0.08612791302996575,0.0,0.4993637692731691
Acute Viral Hepatitis,Cordillera Administrative Region,wet,2025-07-01,2025-07-01,2025-09-01,observed,2025-07-01,0.0,0.0,0.3481765418044437
Acute Viral Hepatitis,Cordillera Administrative Region,wet,2025-07-01,2025-07-01,2025-09-01,observed,2025-08-01,0.0,0.0,0.4230863875050905
Acute Viral Hepatitis,Cordillera Administrative Region,wet,2025-07-01,2025-07-01,2025-09-01,observed,2025-09-01,0.0,0.0,0.3778068516378123
Acute Viral Hepatitis,Davao Region,dry,2025-01-01,2025-01-01,2025-03-01,observed,2025-01-01,0.40688108142079515,0.0,1.183286372241572
Acute Viral Hepatitis,Davao Region,dry,2025-01-01,2025-01-01,2025-03-01,observed,2025-02-01,0.4107891047782678,0.0,1.1911587911297294
Acute Viral Hepatitis,Davao Region,dry,2025-01-01,2025-01-01,2025-03-01,observed,2025-03-01,0.4143189323269528,0.0,1.254523944262807
Acute Viral Hepatitis,Davao Region,wet,2025-07-01,2025-07-01,2025-09-01,observed,2025-07-01,0.3160331301253407,0.0,1.1465587485276478
Acute Viral Hepatitis,Davao Region,wet,2025-07-01,2025-07-01,2025-09-01,observed,2025-08-01,0.31890738665243606,0.0,1.0735809224856965
Acute Viral Hepatitis,Davao Region,wet,2025-07-01,2025-07-01,2025-09-01,observed,2025-09-01,0.3217816431795315,0.0,1.0157871162046987
Acute Viral Hepatitis,Eastern Visayas,dry,2025-01-01,2025-01-01,2025-03-01,observed,2025-01-01,0.7834606768647719,0.0,1.7591960743895854
Acute Viral Hepatitis,Eastern Visayas,dry,2025-01-01,2025-01-01,2025-03-01,observed,2025-02-01,0.7945251694101676,0.0,1.8673468685450498
Acute Viral Hepatitis,Eastern Visayas,dry,2025-01-01,2025-01-01,2025-03-01,observed,2025-03-01,0.8045189046124606,0.0,1.8930293454674625
Acute Viral Hepatitis,Eastern Visayas,wet,2025-07-01,2025-07-01,2025-09-01,observed,2025-07-01,0.2828438637976701,0.0,1.423961786614885
Acute Viral Hepatitis,Eastern Visayas,wet,2025-07-01,2025-07-01,2025-09-01,observed,2025-08-01,0.28653406569017903,0.0,1.3098479849615865
Acute Viral Hepatitis,Eastern Visayas,wet,2025-07-01,2025-07-01,2025-09-01,observed,2025-09-01,0.2902242675826881,0.0,1.4471586734716446
Acute Viral Hepatitis,Ilocos Region,dry,2025-01-01,2025-01-01,2025-03-01,observed,2025-01-01,0.0,0.0,0.5356090460186504
Acute Viral Hepatitis,Ilocos Region,dry,2025-01-01,2025-01-01,2025-03-01,observed,2025-02-01,0.0,0.0,0.5334057949573984
Acute Viral Hepatitis,Ilocos Region,dry,2025-01-01,2025-01-01,2025-03-01,observed,2025-03-01,0.0,0.0,0.5515930600679557
Acute Viral Hepatitis,Ilocos Region,wet,2025-07-01,2025-07-01,2025-09-01,observed,2025-07-01,0.0,0.0,0.3279579992124559
Acute Viral Hepatitis,Ilocos Region,wet,2025-07-01,2025-07-01,2025-09-01,observed,2025-08-01,0.0,0.0,0.3375579851545044
Acute Viral Hepatitis,Ilocos Region,wet,2025-07-01,2025-07-01,2025-09-01,observed,2025-09-01,0.0,0.0,0.29837283771156536
Acute Viral Hepatitis,MIMAROPA,dry,2025-01-01,2025-01-01,2025-03-01,observed,2025-01-01,0.0,0.0,0.44681069245459343
Acute Viral Hepatitis,MIMAROPA,dry,2025-01-01,2025-01-01,2025-03-01,observed,2025-02-01,0.0,0.0,0.39458132060245377
Acute Viral Hepatitis,MIMAROPA,dry,2025-01-01,2025-01-01,2025-03-01,observed,2025-03-01,0.0,0.0,0.4132381450614894
Acute Viral Hepatitis,MIMAROPA,wet,2025-07-01,2025-07-01,2025-09-01,observed,2025-07-01,0.0,0.0,0.36203183530047034
Acute Viral Hepatitis,MIMAROPA,wet,2025-07-01,2025-07-01,2025-09-01,observed,2025-08-01,0.0,0.0,0.3745432432775798
Acute Viral Hepatitis,MIMAROPA,wet,2025-07-01,2025-07-01,2025-09-01,observed,2025-09-01,0.0,0.0,0.31280692716283304
Acute Viral Hepatitis,National,dry,2025-01-01,2025-01-01,2025-03-01,observed,2025-01-01,11.807906651790667,3.2416918765097997,20.99219089400202
Acute Viral Hepatitis,National,dry,2025-01-01,2025-01-01,2025-03-01,observed,2025-02-01,11.801066835526562,2.4664060820255473,20.476542180650156
Acute Viral Hepatitis,National,dry,2025-01-01,2025-01-01,2025-03-01,observed,2025-03-01,11.794888936965437,2.7248241469331416,20.873042956173947
Acute Viral Hepatitis,National,wet,2025-07-01,2025-07-01,2025-09-01,observed,2025-07-01,10.144277509318199,0.7999706891051801,19.460562163371883
Acute Viral Hepatitis,National,wet,2025-07-01,2025-07-01,2025-09-01,observed,2025-08-01,10.138381421149017,1.3614200522466375,19.28858656613148
Acute Viral Hepatitis,National,wet,2025-07-01,2025-07-01,2025-09-01,observed,2025-09-01,10.132485332979835,0.8228797192936644,19.513183741208252
Acute Viral Hepatitis,National Capital Region,dry,2025-01-01,2025-01-01,2025-03-01,observed,2025-01-01,0.23364491682131866,0.0,2.236425904975485
Acute Viral Hepatitis,National Capital Region,dry,2025-01-01,2025-01-01,2025-03-01,observed,2025-02-01,0.21508134561852604,0.0,2.1352326850314736
Acute Viral Hepatitis,National Capital Region,dry,2025-01-01,2025-01-01,2025-03-01,observed,2025-03-01,0.19831424904826145,0.0,2.2484016624327823
Acute Viral Hepatitis,National Capital Region,wet,2025-07-01,2025-07-01,2025-09-01,observed,2025-07-01,0.11406138500673398,0.0,1.922155291153228
Acute Viral Hepatitis,National Capital Region,wet,2025-07-01,2025-07-01,2025-09-01,observed,2025-08-01,0.09715713005106258,0.0,2.055070192464858
Acute Viral Hepatitis,National Capital Region,wet,2025-07-01,2025-07-01,2025-09-01,observed,2025-09-01,0.08025287509539118,0.0,2.0670861139017194
Acute Viral Hepatitis,Northern Mindanao,dry,2025-01-01,2025-01-01,2025-03-01,observed,2025-01-01,0.0,0.0,0.9472662839815486
Acute Viral Hepatitis,Northern Mindanao,dry,2025-01-01,2025-01-01,2025-03-01,observed,2025-02-01,0.0,0.0,0.9116470662504077
Acute Viral Hepatitis,Northern Mindanao,dry,2025-01-01,2025-01-01,2025-03-01,observed,2025-03-01,0.0,0.0,0.7988727585340099
Acute Viral Hepatitis,Northern Mindanao,wet,2025-07-01,2025-07-01,2025-09-01,observed,2025-07-01,0.0,0.0,0.8677667931716658
Acute Viral Hepatitis,Northern Mindanao,wet,2025-07-01,2025-07-01,2025-09-01,observed,2025-08-01,0.0,0.0,0.771715175425172
Acute Viral Hepatitis,Northern Mindanao,wet,2025-07-01,2025-07-01,2025-09-01,observed,2025-09-01,0.0,0.0,0.8122328963133127
Acute Viral Hepatitis,SOCCSKSARGEN,dry,2025-01-01,2025-01-01,2025-03-01,observed,2025-01-01,0.0,0.0,0.45280994639008976
Acute Viral Hepatitis,SOCCSKSARGEN,dry,2025-01-01,2025-01-01,2025-03-01,observed,2025-02-01,0.0,0.0,0.47975209545319475
Acute Viral Hepatitis,SOCCSKSARGEN,dry,2025-01-01,2025-01-01,2025-03-01,observed,2025-03-01,0.0,0.0,0.5491795567696773
Acute Viral Hepatitis,SOCCSKSARGEN,wet,2025-07-01,2025-07-01,2025-09-01,observed,2025-07-01,0.0,0.0,0.3884963510063677
Acute Viral Hepatitis,SOCCSKSARGEN,wet,2025-07-01,2025-07-01,2025-09-01,observed,2025-08-01,0.0,0.0,0.38062767569966766
Acute Viral Hepatitis,SOCCSKSARGEN,wet,2025-07-01,2025-07-01,2025-09-01,observed,2025-09-01,0.0,0.0,0.39365033472556593
Acute Viral Hepatitis,Western Visayas,dry,2025-01-01,2025-01-01,2025-03-01,observed,2025-01-01,1.0821502584416491,0.0,3.2025961120216038
Acute Viral Hepatitis,Western Visayas,dry,2025-01-01,2025-01-01,2025-03-01,observed,2025-02-01,1.0835338149387403,0.0,3.1781514097865897
Acute Viral Hepatitis,Western Visayas,dry,2025-01-01,2025-01-01,2025-03-01,observed,2025-03-01,1.0847834788715967,0.0,3.4569463607349946
Acute Viral Hepatitis,Western Visayas,wet,2025-07-01,2025-07-01,2025-09-01,observed,2025-07-01,1.2843889600543634,0.0,3.4349702259789647
Acute Viral Hepatitis,Western Visayas,wet,2025-07-01,2025-07-01,2025-09-01,observed,2025-08-01,1.2860189163278761,0.0,3.4966608273233324
Acute Viral Hepatitis,Western Visayas,wet,2025-07-01,2025-07-01,2025-09-01,observed,2025-09-01,1.2876488726013893,0.0,3.5011370082412276
Acute Viral Hepatitis,Zamboanga Peninsula,dry,2025-01-01,2025-01-01,2025-03-01,observed,2025-01-01,6.8580560195431906,1.585611115928776,11.879684764786068
Acute Viral Hepatitis,Zamboanga Peninsula,dry,2025-01-01,2025-01-01,2025-03-01,observed,2025-02-01,6.952062478150799,2.2156327399333735,11.651459877753538
Acute Viral Hepatitis,Zamboanga Peninsula,dry,2025-01-01,2025-01-01,2025-03-01,observed,2025-03-01,7.0369715375383155,1.9040298307202168,12.622666502735632
Acute Viral Hepatitis,Zamboanga Peninsula,wet,2025-07-01,2025-07-01,2025-09-01,observed,2025-07-01,6.036072567527984,0.9582460622192017,11.06256020560846
Acute Viral Hepatitis,Zamboanga Peninsula,wet,2025-07-01,2025-07-01,2025-09-01,observed,2025-08-01,6.112680503489735,0.7228405608833532,11.369689361474943
Acute Viral Hepatitis,Zamboanga Peninsula,wet,2025-07-01,2025-07-01,2025-09-01,observed,2025-09-01,6.189288439451489,1.3234639154387406,11.193847067579075
Cholera,Bangsamoro (BARMM),dry,2025-01-01,2025-01-01,2025-03-01,observed,2025-01-01,2.171034983045862,0.0,5.226004634359081
Cholera,Bangsamoro (BARMM),dry,2025-01-01,2025-01-01,2025-03-01,observed,2025-02-01,2.209263531923326,0.0,5.5054512150100425
Cholera,Bangsamoro (BARMM),dry,2025-01-01,2025-01-01,2025-03-01,observed,2025-03-01,2.2437925438126474,0.0,5.601007365700105
Cholera,Bangsamoro (BARMM),wet,2025-07-01,2025-07-01,2025-09-01,observed,2025-07-01,3.981522991736735,0.7880449469513559,7.101384016221027
Cholera,Bangsamoro (BARMM),wet,2025-07-01,2025-07-01,2025-09-01,observed,2025-08-01,4.045095491592315,0.9505555061454056,7.138163425564417
Cholera,Bangsamoro (BARMM),wet,2025-07-01,2025-07-01,2025-09-01,observed,2025-09-01,4.108667991447896,0.9404716477757943,7.565136423708085
Cholera,Bicol Region,dry,2025-01-01,2025-01-01,2025-03-01,observed,2025-01-01,4.488061243178713,0.0,19.04424375961456
Cholera,Bicol Region,dry,2025-01-01,2025-01-01,2025-03-01,observed,2025-02-01,3.935880854569043,0.0,18.49085930392931
Cholera,Bicol Region,dry,2025-01-01,2025-01-01,2025-03-01,observed,2025-03-01,3.437137277760309,0.0,18.0135346004681
Cholera,Bicol Region,wet,2025-07-01,2025-07-01,2025-09-01,observed,2025-07-01,1.1781462080516767,0.0,15.53014300123366
Cholera,Bicol Region,wet,2025-07-01,2025-07-01,2025-09-01,observed,2025-08-01,0.6634875778957289,0.0,14.429160652258924
Cholera,Bicol Region,wet,2025-07-01,2025-07-01,2025-09-01,observed,2025-09-01,0.14882894773978117,0.0,14.710916881578925
Cholera,CALABARZON,dry,2025-01-01,2025-01-01,2025-03-01,observed,2025-01-01,0.0,0.0,22.96061915427739
Cholera,CALABARZON,dry,2025-01-01,2025-01-01,2025-03-01,observed,2025-02-01,0.0,0.0,23.12126275995729
Cholera,CALABARZON,dry,2025-01-01,2025-01-01,2025-03-01,observed,2025-03-01,0.0,0.0,21.774993764321717
Cholera,CALABARZON,wet,2025-07-01,2025-07-01,2025-09-01,observed,2025-07-01,0.0,0.0,11.533230279443117
Cholera,CALABARZON,wet,2025-07-01,2025-07-01,2025-09-01,observed,2025-08-01,0.0,0.0,10.686109154381503
Cholera,CALABARZON,wet,2025-07-01,2025-07-01,2025-09-01,observed,2025-09-01,0.0,0.0,9.251469361290265
Cholera,Cagayan Valley,dry,2025-01-01,2025-01-01,2025-03-01,observed,2025-01-01,0.7142998566421899,0.0,1.5690397386000283
Cholera,Cagayan Valley,dry,2025-01-01,2025-01-01,2025-03-01,observed,2025-02-01,0.7324205961637044,0.0,1.5922965229267918
Cholera,Cagayan Valley,dry,2025-01-01,2025-01-01,2025-03-01,observed,2025-03-01,0.748787715731524,0.0,1.582025431781586
Cholera,Cagayan Valley,wet,2025-07-01,2025-07-01,2025-09-01,observed,2025-07-01,0.6315000337646889,0.0,1.5023199957096096
Cholera,Cagayan Valley,wet,2025-07-01,2025-07-01,2025-09-01,observed,2025-08-01,0.645453485026719,0.0,1.4917121731887226
Cholera,Cagayan Valley,wet,2025-07-01,2025-07-01,2025-09-01,observed,2025-09-01,0.659406936288749,0.0,1.5562401916316877
Cholera,Caraga,dry,2025-01-01,2025-01-01,2025-03-01,observed,2025-01-01,0.0,0.0,10.1183214170462
Cholera,Caraga,dry,2025-01-01,2025-01-01,2025-03-01,observed,2025-02-01,0.0,0.0,7.7500008732271315
Cholera,Caraga,dry,2025-01-01,2025-01-01,2025-03-01,observed,2025-03-01,0.0,0.0,5.693627469691136
Cholera,Caraga,wet,2025-07-01,2025-07-01,2025-09-01,observed,2025-07-01,0.0,0.0,7.0030879447036
Cholera,Caraga,wet,2025-07-01,2025-07-01,2025-09-01,observed,2025-08-01,0.0,0.0,8.249247879637993
Cholera,Caraga,wet,2025-07-01,2025-07-01,2025-09-01,observed,2025-09-01,0.0,0.0,8.683168941442501
Cholera,Central Luzon,dry,2025-01-01,2025-01-01,2025-03-01,observed,2025-01-01,0.017153643983336346,0.0,19.699386130843415
Cholera,Central Luzon,dry,2025-01-01,2025-01-01,2025-03-01,observed,2025-02-01,0.017044297741689692,0.0,21.60942919900927
Cholera,Central Luzon,dry,2025-01-01,2025-01-01,2025-03-01,observed,2025-03-01,0.016945533394395935,0.0,21.439607110759404
Cholera,Central Luzon,wet,2025-07-01,2025-07-01,2025-09-01,observed,2025-07-01,0.6294658320146207,0.0,21.68228618325482
Cholera,Central Luzon,wet,2025-07-01,2025-07-01,2025-09-01,observed,2025-08-01,0.6252981737136255,0.0,22.69824430397306
Cholera,Central Luzon,wet,2025-07-01,2025-07-01,2025-09-01,observed,2025-09-01,0.6211305154126299,0.0,25.671195552027562
Cholera,Central Visayas,dry,2025-01-01,2025-01-01,2025-03-01,observed,2025-01-01,1.3537100538574185,0.0,3.194447513397925
Cholera,Central Visayas,dry,2025-01-01,2025-01-01,2025-03-01,observed,2025-02-01,1.3696060045245413,0.0,3.2021634985365313
Cholera,Central Visayas,dry,2025-01-01,2025-01-01,2025-03-01,observed,2025-03-01,1.3839636373851685,0.0,3.302698250111326
Cholera,Central Visayas,wet,2025-07-01,2025-07-01,2025-09-01,observed,2025-07-01,1.3860727950384713,0.0,3.293021204549477
Cholera,Central Visayas,wet,2025-07-01,2025-07-01,2025-09-01,observed,2025-08-01,1.4013044654676752,0.0,3.287816213274792
Cholera,Central Visayas,wet,2025-07-01,2025-07-01,2025-09-01,observed,2025-09-01,1.416536135896879,0.0,3.301122426111204
Cholera,Cordillera Administrative Region,dry,2025-01-01,2025-01-01,2025-03-01,observed,2025-01-01,1.3302371088424128,0.257106561251532,2.4835317423422336
Cholera,Cordillera Administrative Region,dry,2025-01-01,2025-01-01,2025-03-01,observed,2025-02-01,1.3538907041516055,0.23183621432832735,2.4697311882206328
Cholera,Cordillera Administrative Region,dry,2025-01-01,2025-01-01,2025-03-01,observed,2025-03-01,1.375255241850231,0.18930529906808152,2.5160329109701833
Cholera,Cordillera Administrative Region,wet,2025-07-01,2025-07-01,2025-09-01,observed,2025-07-01,1.6442406621514207,0.5056773734454462,2.72740869549102
Cholera,Cordillera Administrative Region,wet,2025-07-01,2025-07-01,2025-09-01,observed,2025-08-01,1.6707277892919843,0.5058764077589011,2.812776723036755
Cholera,Cordillera Administrative Region,wet,2025-07-01,2025-07-01,2025-09-01,observed,2025-09-01,1.6972149164325474,0.5780829512588209,2.83211563649992
Cholera,Davao Region,dry,2025-01-01,2025-01-01,2025-03-01,observed,2025-01-01,26.87096080337752,0.0,94.83601678856994
Cholera,Davao Region,dry,2025-01-01,2025-01-01,2025-03-01,observed,2025-02-01,27.04375922058397,0.0,93.9160353013878
Cholera,Davao Region,dry,2025-01-01,2025-01-01,2025-03-01,observed,2025-03-01,27.199835210318824,0.0,99.30381719678887
Cholera,Davao Region,wet,2025-07-01,2025-07-01,2025-09-01,observed,2025-07-01,13.706093059018526,0.0,84.25443010479663
Cholera,Davao Region,wet,2025-07-01,2025-07-01,2025-09-01,observed,2025-08-01,13.791042891521696,0.0,83.71011495479668
Cholera,Davao Region,wet,2025-07-01,2025-07-01,2025-09-01,observed,2025-09-01,13.87599272402487,0.0,81.17350584035765
Cholera,Eastern Visayas,dry,2025-01-01,2025-01-01,2025-03-01,observed,2025-01-01,233.7390460774859,0.806386277361776,470.1516166354281
Cholera,Eastern Visayas,dry,2025-01-01,2025-01-01,2025-03-01,observed,2025-02-01,235.3299333058938,22.756396129770625,448.2426234611971
Cholera,Eastern Visayas,dry,2025-01-01,2025-01-01,2025-03-01,observed,2025-03-01,236.7668637057461,20.661958147283165,457.18595373975137
Cholera,Eastern Visayas,wet,2025-07-01,2025-07-01,2025-09-01,observed,2025-07-01,270.03131014654576,42.57318198044487,499.78833892810724
Cholera,Eastern Visayas,wet,2025-07-01,2025-07-01,2025-09-01,observed,2025-08-01,271.79896556392833,47.86450295586799,488.560164414288
Cholera,Eastern Visayas,wet,2025-07-01,2025-07-01,2025-09-01,observed,2025-09-01,273.5666209813108,45.73877149265914,485.8409319731843
Cholera,Ilocos Region,dry,2025-01-01,2025-01-01,2025-03-01,observed,2025-01-01,0.0,0.0,0.5069518158255034
Cholera,Ilocos Region,dry,2025-01-01,2025-01-01,2025-03-01,observed,2025-02-01,0.0,0.0,0.5822993671862203
Cholera,Ilocos Region,dry,2025-01-01,2025-01-01,2025-03-01,observed,2025-03-01,0.0,0.0,0.5402262808603377
Cholera,Ilocos Region,wet,2025-07-01,2025-07-01,2025-09-01,observed,2025-07-01,0.0,0.0,0.3864763210671608
Cholera,Ilocos Region,wet,2025-07-01,2025-07-01,2025-09-01,observed,2025-08-01,0.0,0.0,0.3380600060605226
Cholera,Ilocos Region,wet,2025-07-01,2025-07-01,2025-09-01,observed,2025-09-01,0.0,0.0,0.331755110021336
Cholera,MIMAROPA,dry,2025-01-01,2025-01-01,2025-03-01,observed,2025-01-01,0.31279437306986646,0.0,1.4931803655814428
Cholera,MIMAROPA,dry,2025-01-01,2025-01-01,2025-03-01,observed,2025-02-01,0.31780482920241526,0.0,1.4262644578917074
Cholera,MIMAROPA,dry,2025-01-01,2025-01-01,2025-03-01,observed,2025-03-01,0.32233040248342715,0.0,1.5028836795245544
Cholera,MIMAROPA,wet,2025-07-01,2025-07-01,2025-09-01,observed,2025-07-01,1.655341791723398,0.49625042064093783,2.802184170566493
Cholera,MIMAROPA,wet,2025-07-01,2025-07-01,2025-09-01,observed,2025-08-01,1.6795898325482577,0.5023199667165675,2.8010246619274577
Cholera,MIMAROPA,wet,2025-07-01,2025-07-01,2025-09-01,observed,2025-09-01,1.703837873373117,0.5539771522466675,2.906702912550306
Cholera,National,dry,2025-01-01,2025-01-01,2025-03-01,observed,2025-01-01,305.1014554213757,0.0,628.3783666199919
Cholera,National,dry,2025-01-01,2025-01-01,2025-03-01,observed,2025-02-01,305.6817586637699,0.0,637.575370767098
Cholera,National,dry,2025-01-01,2025-01-01,2025-03-01,observed,2025-03-01,306.20590352786803,0.0,620.8032567320042
Cholera,National,wet,2025-07-01,2025-07-01,2025-09-01,observed,2025-07-01,336.9847225639176,34.944271679912205,660.7989468592561
Cholera,National,wet,2025-07-01,2025-07-01,2025-09-01,observed,2025-08-01,337.6186281411678,39.7866709780871,667.4266022773078
Cholera,National,wet,2025-07-01,2025-07-01,2025-09-01,observed,2025-09-01,338.25253371841796,51.4681789901347,665.2961714987977
Cholera,National Capital Region,dry,2025-01-01,2025-01-01,2025-03-01,observed,2025-01-01,0.032838640735650924,0.0,2.8449585363883134
Cholera,National Capital Region,dry,2025-01-01,2025-01-01,2025-03-01,observed,2025-02-01,0.02664513557913426,0.0,3.1923796776298095
Cholera,National Capital Region,dry,2025-01-01,2025-01-01,2025-03-01,observed,2025-03-01,0.0210510018893773,0.0,3.131786774292834
Cholera,National Capital Region,wet,2025-07-01,2025-07-01,2025-09-01,observed,2025-07-01,0.0,0.0,2.9169279397110697
Cholera,National Capital Region,wet,2025-07-01,2025-07-01,2025-09-01,observed,2025-08-01,0.0,0.0,2.7811360790326005
Cholera,National Capital Region,wet,2025-07-01,2025-07-01,2025-09-01,observed,2025-09-01,0.0,0.0,2.6180764926124716
Cholera,Negros Island Region,dry,2025-01-01,2025-01-01,2025-03-01,observed,2025-01-01,12.943134254366452,0.0,36.01593870876697
Cholera,Negros Island Region,dry,2025-01-01,2025-01-01,2025-03-01,observed,2025-02-01,13.145878478426335,0.0,36.206614826411034
Cholera,Negros Island Region,dry,2025-01-01,2025-01-01,2025-03-01,observed,2025-03-01,13.329002293706226,0.0,37.43143274498252
Cholera,Negros Island Region,wet,2025-07-01,2025-07-01,2025-09-01,observed,2025-07-01,22.351392003202402,0.0,45.57074215607697
Cholera,Negros Island Region,wet,2025-07-01,2025-07-01,2025-09-01,observed,2025-08-01,22.672171224094093,0.0,48.31075847714189
Cholera,Negros Island Region,wet,2025-07-01,2025-07-01,2025-09-01,observed,2025-09-01,22.99295044498578,0.0,47.42026165882395
Cholera,Northern Mindanao,dry,2025-01-01,2025-01-01,2025-03-01,observed,2025-01-01,1.4959939194318972,0.0,8.93535954469054
Cholera,Northern Mindanao,dry,2025-01-01,2025-01-01,2025-03-01,observed,2025-02-01,1.4784659647847098,0.0,9.410547309701586
Cholera,Northern Mindanao,dry,2025-01-01,2025-01-01,2025-03-01,observed,2025-03-01,1.4626342638130567,0.0,8.88839639131222
Cholera,Northern Mindanao,wet,2025-07-01,2025-07-01,2025-09-01,observed,2025-07-01,1.740186326062858,0.0,9.426440610223523
Cholera,Northern Mindanao,wet,2025-07-01,2025-07-01,2025-09-01,observed,2025-08-01,1.7183000309444452,0.0,9.285059999833372
Cholera,Northern Mindanao,wet,2025-07-01,2025-07-01,2025-09-01,observed,2025-09-01,1.6964137358260325,0.0,9.43026149975819
Cholera,SOCCSKSARGEN,dry,2025-01-01,2025-01-01,2025-03-01,observed,2025-01-01,6.226709582116691,0.0,26.10746154710215
Cholera,SOCCSKSARGEN,dry,2025-01-01,2025-01-01,2025-03-01,observed,2025-02-01,6.306243413493808,0.0,25.27970196242484
Cholera,SOCCSKSARGEN,dry,2025-01-01,2025-01-01,2025-03-01,observed,2025-03-01,6.378080422479592,0.0,27.404093746730776
Cholera,SOCCSKSARGEN,wet,2025-07-01,2025-07-01,2025-09-01,observed,2025-07-01,13.888792560843132,0.0,33.34530551726608
Cholera,SOCCSKSARGEN,wet,2025-07-01,2025-07-01,2025-09-01,observed,2025-08-01,14.053882223080679,0.0,33.69850556155068
Cholera,SOCCSKSARGEN,wet,2025-07-01,2025-07-01,2025-09-01,observed,2025-09-01,14.21897188531823,0.0,33.53180062627626
Cholera,Western Visayas,dry,2025-01-01,2025-01-01,2025-03-01,observed,2025-01-01,0.0,0.0,6.904503555450571
Cholera,Western Visayas,dry,2025-01-01,2025-01-01,2025-03-01,observed,2025-02-01,0.0,0.0,6.4639059441478315
Cholera,Western Visayas,dry,2025-01-01,2025-01-01,2025-03-01,observed,2025-03-01,0.0,0.0,6.793272544835194
Cholera,Western Visayas,wet,2025-07-01,2025-07-01,2025-09-01,observed,2025-07-01,0.0,0.0,2.8088603699638157
Cholera,Western Visayas,wet,2025-07-01,2025-07-01,2025-09-01,observed,2025-08-01,0.0,0.0,2.3300288493332286
Cholera,Western Visayas,wet,2025-07-01,2025-07-01,2025-09-01,observed,2025-09-01,0.0,0.0,2.017061386087417
Cholera,Zamboanga Peninsula,dry,2025-01-01,2025-01-01,2025-03-01,observed,2025-01-01,10.565215707676513,4.39689946352189,17.07675071935559
Cholera,Zamboanga Peninsula,dry,2025-01-01,2025-01-01,2025-03-01,observed,2025-02-01,10.737784902792685,4.041104219192172,17.077414970145558
Cholera,Zamboanga Peninsula,dry,2025-01-01,2025-01-01,2025-03-01,observed,2025-03-01,10.893653853220195,4.5952517463447675,17.165569613669938
Cholera,Zamboanga Peninsula,wet,2025-07-01,2025-07-01,2025-09-01,observed,2025-07-01,8.92701083126854,2.6024759767715975,15.46289251433653
Cholera,Zamboanga Peninsula,wet,2025-07-01,2025-07-01,2025-09-01,observed,2025-08-01,9.060127056816984,2.6883587203507044,15.357773793739938
Cholera,Zamboanga Peninsula,wet,2025-07-01,2025-07-01,2025-09-01,observed,2025-09-01,9.193243282365431,2.844546660320516,15.670887271912072
Dengue,Bangsamoro (BARMM),dry,2025-01-01,2025-01-01,2025-03-01,observed,2025-01-01,630.7055135867763,360.69353854308935,911.584246273427
Dengue,Bangsamoro (BARMM),dry,2025-01-01,2025-01-01,2025-03-01,observed,2025-02-01,643.1671733383295,362.85318427697223,924.2661276473474
Dengue,Bangsamoro (BARMM),dry,2025-01-01,2025-01-01,2025-03-01,observed,2025-03-01,654.4228660171518,353.0086419246893,925.2727243267293
Dengue,Bangsamoro (BARMM),wet,2025-07-01,2025-07-01,2025-09-01,observed,2025-07-01,1495.6707680482916,1210.2970832474111,1790.506467605494
Dengue,Bangsamoro (BARMM),wet,2025-07-01,2025-07-01,2025-09-01,observed,2025-08-01,1522.1660823132472,1237.248718224822,1782.2038854863556
Dengue,Bangsamoro (BARMM),wet,2025-07-01,2025-07-01,2025-09-01,observed,2025-09-01,1548.6613965782028,1251.0314605202698,1826.234426772462
Dengue,Bicol Region,dry,2025-01-01,2025-01-01,2025-03-01,observed,2025-01-01,15.601319149582814,0.0,357.19629841867294
Dengue,Bicol Region,dry,2025-01-01,2025-01-01,2025-03-01,observed,2025-02-01,15.680383686363328,0.0,351.2625548747637
Dengue,Bicol Region,dry,2025-01-01,2025-01-01,2025-03-01,observed,2025-03-01,15.75179681635863,0.0,342.4510305005788
Dengue,Bicol Region,wet,2025-07-01,2025-07-01,2025-09-01,observed,2025-07-01,198.84722724398029,0.0,537.7588876545625
Dengue,Bicol Region,wet,2025-07-01,2025-07-01,2025-09-01,observed,2025-08-01,199.82598643653327,0.0,533.8830229174505
Dengue,Bicol Region,wet,2025-07-01,2025-07-01,2025-09-01,observed,2025-09-01,200.80474562908623,0.0,532.0210981802991
Dengue,CALABARZON,dry,2025-01-01,2025-01-01,2025-03-01,observed,2025-01-01,489.22013049859856,0.0,3721.1079278090433
Dengue,CALABARZON,dry,2025-01-01,2025-01-01,2025-03-01,observed,2025-02-01,505.17922270284714,0.0,3238.5904513559954
Dengue,CALABARZON,dry,2025-01-01,2025-01-01,2025-03-01,observed,2025-03-01,519.5938866292652,0.0,3415.6115118718453
Dengue,CALABARZON,wet,2025-07-01,2025-07-01,2025-09-01,observed,2025-07-01,8102.281361817518,5359.304282231244,11094.25355857214
Dengue,CALABARZON,wet,2025-07-01,2025-07-01,2025-09-01,observed,2025-08-01,8324.302161921945,5521.881047858321,11299.580272371635
Dengue,CALABARZON,wet,2025-07-01,2025-07-01,2025-09-01,observed,2025-09-01,8546.322962026372,5675.016486389968,11397.13169121008
Dengue,Cagayan Valley,dry,2025-01-01,2025-01-01,2025-03-01,observed,2025-01-01,623.9314483775242,0.0,1761.2491085680892
Dengue,Cagayan Valley,dry,2025-01-01,2025-01-01,2025-03-01,observed,2025-02-01,628.9914711964249,0.0,1779.72820113712
Dengue,Cagayan Valley,dry,2025-01-01,2025-01-01,2025-03-01,observed,2025-03-01,633.5618143876899,0.0,1733.3102377294315
Dengue,Cagayan Valley,wet,2025-07-01,2025-07-01,2025-09-01,observed,2025-07-01,1871.4782197691964,712.3493037476252,2948.7964997062036
Dengue,Cagayan Valley,wet,2025-07-01,2025-07-01,2025-09-01,observed,2025-08-01,1885.9695406898916,819.8654499592174,3008.1263492545686
Dengue,Cagayan Valley,wet,2025-07-01,2025-07-01,2025-09-01,observed,2025-09-01,1900.460861610587,808.2399837477122,3039.4863854446917
Dengue,Caraga,dry,2025-01-01,2025-01-01,2025-03-01,observed,2025-01-01,0.0,0.0,674.3801922323801
Dengue,Caraga,dry,2025-01-01,2025-01-01,2025-03-01,observed,2025-02-01,0.0,0.0,732.4251132420168
Dengue,Caraga,dry,2025-01-01,2025-01-01,2025-03-01,observed,2025-03-01,0.0,0.0,734.0406983299491
Dengue,Caraga,wet,2025-07-01,2025-07-01,2025-09-01,observed,2025-07-01,2529.4624574618615,1730.4106359497644,3335.141345321036
Dengue,Caraga,wet,2025-07-01,2025-07-01,2025-09-01,observed,2025-08-01,2610.7978710635257,1761.922761352785,3455.038430832052
Dengue,Caraga,wet,2025-07-01,2025-07-01,2025-09-01,observed,2025-09-01,2692.133284665189,1828.1493679501218,3560.1805084496877
Dengue,Central Luzon,dry,2025-01-01,2025-01-01,2025-03-01,observed,2025-01-01,1921.4979499720248,0.0,4636.590687332217
Dengue,Central Luzon,dry,2025-01-01,2025-01-01,2025-03-01,observed,2025-02-01,1932.6402391931183,0.0,4725.052169780384
Dengue,Central Luzon,dry,2025-01-01,2025-01-01,2025-03-01,observed,2025-03-01,1942.7042423605576,0.0,4744.389389152996
Dengue,Central Luzon,wet,2025-07-01,2025-07-01,2025-09-01,observed,2025-07-01,4964.36344619958,2389.2987352184737,7811.199729788469
Dengue,Central Luzon,wet,2025-07-01,2025-07-01,2025-09-01,observed,2025-08-01,4992.2078230592,2212.251935358279,7817.41448632712
Dengue,Central Luzon,wet,2025-07-01,2025-07-01,2025-09-01,observed,2025-09-01,5020.05219991882,2363.3818955630254,7769.5313338143815
Dengue,Central Visayas,dry,2025-01-01,2025-01-01,2025-03-01,observed,2025-01-01,396.1332735263614,0.0,1859.0962841930668
Dengue,Central Visayas,dry,2025-01-01,2025-01-01,2025-03-01,observed,2025-02-01,412.839354617876,0.0,1985.3818276989543
Dengue,Central Visayas,dry,2025-01-01,2025-01-01,2025-03-01,observed,2025-03-01,427.92871818440557,0.0,1960.9832230291431
Dengue,Central Visayas,wet,2025-07-01,2025-07-01,2025-09-01,observed,2025-07-01,5961.784013427319,4259.214909183079,7481.883434163818
Dengue,Central Visayas,wet,2025-07-01,2025-07-01,2025-09-01,observed,2025-08-01,6163.53212828305,4506.266355669255,7758.907724826586
Dengue,Central Visayas,wet,2025-07-01,2025-07-01,2025-09-01,observed,2025-09-01,6365.280243138778,4788.264310246244,7958.701932825782
Dengue,Cordillera Administrative Region,dry,2025-01-01,2025-01-01,2025-03-01,observed,2025-01-01,310.0216184982049,0.0,1799.0471134433833
Dengue,Cordillera Administrative Region,dry,2025-01-01,2025-01-01,2025-03-01,observed,2025-02-01,322.47988521734817,0.0,1553.1242170063033
Dengue,Cordillera Administrative Region,dry,2025-01-01,2025-01-01,2025-03-01,observed,2025-03-01,333.73251322173564,0.0,1796.8125134823429
Dengue,Cordillera Administrative Region,wet,2025-07-01,2025-07-01,2025-09-01,observed,2025-07-01,6328.172478714731,5043.571960625302,7717.959462048103
Dengue,Cordillera Administrative Region,wet,2025-07-01,2025-07-01,2025-09-01,observed,2025-08-01,6534.144068012324,5005.695671821276,7901.781386008508
Dengue,Cordillera Administrative Region,wet,2025-07-01,2025-07-01,2025-09-01,observed,2025-09-01,6740.115657309916,5213.271822182442,8124.789742133811
Dengue,Davao Region,dry,2025-01-01,2025-01-01,2025-03-01,observed,2025-01-01,1848.3612426944744,1257.5454738101932,2434.1298372656584
Dengue,Davao Region,dry,2025-01-01,2025-01-01,2025-03-01,observed,2025-02-01,1887.8179690690417,1237.523182421668,2492.5932204218607
Dengue,Davao Region,dry,2025-01-01,2025-01-01,2025-03-01,observed,2025-03-01,1923.456302568651,1300.2410863240173,2546.7155699728046
Dengue,Davao Region,wet,2025-07-01,2025-07-01,2025-09-01,observed,2025-07-01,3732.1933235608067,3115.301267700982,4326.382766620099
Dengue,Davao Region,wet,2025-07-01,2025-07-01,2025-09-01,observed,2025-08-01,3803.0344580247042,3186.807243788587,4444.090171076766
Dengue,Davao Region,wet,2025-07-01,2025-07-01,2025-09-01,observed,2025-09-01,3873.875592488601,3249.082841823977,4463.87333965428
Dengue,Eastern Visayas,dry,2025-01-01,2025-01-01,2025-03-01,observed,2025-01-01,66.39966094551556,0.0,1006.4456205631645
Dengue,Eastern Visayas,dry,2025-01-01,2025-01-01,2025-03-01,observed,2025-02-01,67.51527706559133,0.0,1131.6173831764197
Dengue,Eastern Visayas,dry,2025-01-01,2025-01-01,2025-03-01,observed,2025-03-01,68.5229303353372,0.0,1124.4973109528394
Dengue,Eastern Visayas,wet,2025-07-01,2025-07-01,2025-09-01,observed,2025-07-01,988.8433384155925,19.141520486563063,2002.5545654758841
Dengue,Eastern Visayas,wet,2025-07-01,2025-07-01,2025-09-01,observed,2025-08-01,1003.9731948245902,0.0,2005.685760663588
Dengue,Eastern Visayas,wet,2025-07-01,2025-07-01,2025-09-01,observed,2025-09-01,1019.1030512335878,0.0,1942.1103255049889
Dengue,Ilocos Region,dry,2025-01-01,2025-01-01,2025-03-01,observed,2025-01-01,150.96322054805722,0.0,984.3795864115498
Dengue,Ilocos Region,dry,2025-01-01,2025-01-01,2025-03-01,observed,2025-02-01,154.03379475368115,0.0,882.3131101399463
Dengue,Ilocos Region,dry,2025-01-01,2025-01-01,2025-03-01,observed,2025-03-01,156.80721661682531,0.0,993.8275417748793
Dengue,Ilocos Region,wet,2025-07-01,2025-07-01,2025-09-01,observed,2025-07-01,2225.7988057093,1461.3229466465611,3033.1127997412405
Dengue,Ilocos Region,wet,2025-07-01,2025-07-01,2025-09-01,observed,2025-08-01,2266.2655193434416,1495.6413461742757,3108.7117513222993
Dengue,Ilocos Region,wet,2025-07-01,2025-07-01,2025-09-01,observed,2025-09-01,2306.732232977583,1498.9170032859963,3059.862154077486
Dengue,MIMAROPA,dry,2025-01-01,2025-01-01,2025-03-01,observed,2025-01-01,665.9655250093966,0.0,1325.2891090939863
Dengue,MIMAROPA,dry,2025-01-01,2025-01-01,2025-03-01,observed,2025-02-01,678.9417385363499,0.0,1356.4153249157796
Dengue,MIMAROPA,dry,2025-01-01,2025-01-01,2025-03-01,observed,2025-03-01,690.6621894639206,0.0,1400.9404753097797
Dengue,MIMAROPA,wet,2025-07-01,2025-07-01,2025-09-01,observed,2025-07-01,2773.9898239036525,2094.6285783531926,3489.760724982526
Dengue,MIMAROPA,wet,2025-07-01,2025-07-01,2025-09-01,observed,2025-08-01,2822.519464956261,2076.589485893535,3551.3579321364214
Dengue,MIMAROPA,wet,2025-07-01,2025-07-01,2025-09-01,observed,2025-09-01,2871.0491060088693,2186.5203817967154,3573.304061460567
Dengue,National,dry,2025-01-01,2025-01-01,2025-03-01,observed,2025-01-01,7898.888088777591,0.0,25976.530698955426
Dengue,National,dry,2025-01-01,2025-01-01,2025-03-01,observed,2025-02-01,8046.7137556257485,0.0,24771.61017542445
Dengue,National,dry,2025-01-01,2025-01-01,2025-03-01,observed,2025-03-01,8180.2337127789215,0.0,25058.27847329937
Dengue,National,wet,2025-07-01,2025-07-01,2025-09-01,observed,2025-07-01,56397.96096335573,38990.32844603566,73053.71576617222
Dengue,National,wet,2025-07-01,2025-07-01,2025-09-01,observed,2025-08-01,57349.46369230685,40716.78062097988,74541.53357739156
Dengue,National,wet,2025-07-01,2025-07-01,2025-09-01,observed,2025-09-01,58300.966421257974,40773.970680531114,75366.49770032386
Dengue,National Capital Region,dry,2025-01-01,2025-01-01,2025-03-01,observed,2025-01-01,862.6777920545491,0.0,3111.3326066407653
Dengue,National Capital Region,dry,2025-01-01,2025-01-01,2025-03-01,observed,2025-02-01,877.1317536714118,0.0,3214.771215418123
Dengue,National Capital Region,dry,2025-01-01,2025-01-01,2025-03-01,observed,2025-03-01,890.1869448092236,0.0,3313.4957889774214
Dengue,National Capital Region,wet,2025-07-01,2025-07-01,2025-09-01,observed,2025-07-01,5612.739549462244,3300.964637222723,8134.893096446068
Dengue,National Capital Region,wet,2025-07-01,2025-07-01,2025-09-01,observed,2025-08-01,5698.399847256519,3614.8694211747575,8065.375563356351
Dengue,National Capital Region,wet,2025-07-01,2025-07-01,2025-09-01,observed,2025-09-01,5784.060145050793,3392.220149439654,8232.264501092683
Dengue,Negros Island Region,dry,2025-01-01,2025-01-01,2025-03-01,observed,2025-01-01,146.60290829016674,0.0,1033.8560346622355
Dengue,Negros Island Region,dry,2025-01-01,2025-01-01,2025-03-01,observed,2025-02-01,153.7549462841596,0.0,1038.781730433706
Dengue,Negros Island Region,dry,2025-01-01,2025-01-01,2025-03-01,observed,2025-03-01,160.2148515690565,0.0,1038.3816645312381
Dengue,Negros Island Region,wet,2025-07-01,2025-07-01,2025-09-01,observed,2025-07-01,3507.4813902844135,2546.9854455949694,4371.960440742304
Dengue,Negros Island Region,wet,2025-07-01,2025-07-01,2025-09-01,observed,2025-08-01,3640.6595040746315,2740.962502851102,4504.558950685447
Dengue,Negros Island Region,wet,2025-07-01,2025-07-01,2025-09-01,observed,2025-09-01,3773.8376178648496,2926.449145052323,4689.494860575453
Dengue,Northern Mindanao,dry,2025-01-01,2025-01-01,2025-03-01,observed,2025-01-01,899.7427442841906,0.0,1747.1328024643474
Dengue,Northern Mindanao,dry,2025-01-01,2025-01-01,2025-03-01,observed,2025-02-01,915.8379069188761,115.2385828538169,1810.6896824489058
Dengue,Northern Mindanao,dry,2025-01-01,2025-01-01,2025-03-01,observed,2025-03-01,930.3754731695599,75.80720227158258,1750.4526843736733
Dengue,Northern Mindanao,wet,2025-07-01,2025-07-01,2025-09-01,observed,2025-07-01,3030.2710556106026,2221.633496073826,3855.996651260858
Dengue,Northern Mindanao,wet,2025-07-01,2025-07-01,2025-09-01,observed,2025-08-01,3079.3521016514314,2272.2940817405242,3924.3506881830276
Dengue,Northern Mindanao,wet,2025-07-01,2025-07-01,2025-09-01,observed,2025-09-01,3128.4331476922607,2335.308630824634,3948.9069625610528
Dengue,SOCCSKSARGEN,dry,2025-01-01,2025-01-01,2025-03-01,observed,2025-01-01,1142.671332855846,177.71373037816176,2155.969070152253
Dengue,SOCCSKSARGEN,dry,2025-01-01,2025-01-01,2025-03-01,observed,2025-02-01,1150.9745167588844,221.95735416631956,2173.9295393440784
Dengue,SOCCSKSARGEN,dry,2025-01-01,2025-01-01,2025-03-01,observed,2025-03-01,1158.4741667358223,183.62862373592915,2191.935488784069
Dengue,SOCCSKSARGEN,wet,2025-07-01,2025-07-01,2025-09-01,observed,2025-07-01,1633.8219663946365,664.9712636976404,2666.192056077655
Dengue,SOCCSKSARGEN,wet,2025-07-01,2025-07-01,2025-09-01,observed,2025-08-01,1645.2108850331892,632.0232160327342,2571.8220175429565
Dengue,SOCCSKSARGEN,wet,2025-07-01,2025-07-01,2025-09-01,observed,2025-09-01,1656.5998036717422,620.2085403000532,2693.5547472933063
Dengue,Western Visayas,dry,2025-01-01,2025-01-01,2025-03-01,observed,2025-01-01,169.8436679474174,0.0,1990.3802838993424
Dengue,Western Visayas,dry,2025-01-01,2025-01-01,2025-03-01,observed,2025-02-01,178.05351557114216,0.0,2154.709811147108
Dengue,Western Visayas,dry,2025-01-01,2025-01-01,2025-03-01,observed,2025-03-01,185.46886181192576,0.0,2005.9862128027235
Dengue,Western Visayas,wet,2025-07-01,2025-07-01,2025-09-01,observed,2025-07-01,5416.803688795536,3618.2460846225968,7148.547156357254
Dengue,Western Visayas,wet,2025-07-01,2025-07-01,2025-09-01,observed,2025-08-01,5621.007113802572,3778.8908549926855,7462.148842240164
Dengue,Western Visayas,wet,2025-07-01,2025-07-01,2025-09-01,observed,2025-09-01,5825.2105388096115,3910.818988097705,7730.352174046875
Dengue,Zamboanga Peninsula,dry,2025-01-01,2025-01-01,2025-03-01,observed,2025-01-01,328.70186936862314,0.0,1125.0501513217898
Dengue,Zamboanga Peninsula,dry,2025-01-01,2025-01-01,2025-03-01,observed,2025-02-01,335.0326637540193,0.0,1169.130541853788
Dengue,Zamboanga Peninsula,dry,2025-01-01,2025-01-01,2025-03-01,observed,2025-03-01,340.75080061824826,0.0,1159.610508645596
Dengue,Zamboanga Peninsula,wet,2025-07-01,2025-07-01,2025-09-01,observed,2025-07-01,2314.447343743252,1513.4590595140442,3129.097065321876
Dengue,Zamboanga Peninsula,wet,2025-07-01,2025-07-01,2025-09-01,observed,2025-08-01,2354.517540832599,1569.5359651130993,3158.753337879783
Dengue,Zamboanga Peninsula,wet,2025-07-01,2025-07-01,2025-09-01,observed,2025-09-01,2394.587737921946,1655.6920851469372,3225.1576599559635
Typhoid Fever,Bangsamoro (BARMM),dry,2025-01-01,2025-01-01,2025-03-01,observed,2025-01-01,174.43822301654737,90.04902166105202,269.9236723865478
Typhoid Fever,Bangsamoro (BARMM),dry,2025-01-01,2025-01-01,2025-03-01,observed,2025-02-01,175.99938970067592,81.24977184010547,264.1154941495994
Typhoid Fever,Bangsamoro (BARMM),dry,2025-01-01,2025-01-01,2025-03-01,observed,2025-03-01,177.4094757379533,79.40719887724663,266.7879760872429
Typhoid Fever,Bangsamoro (BARMM),wet,2025-07-01,2025-07-01,2025-09-01,observed,2025-07-01,216.1000649143654,122.5165213356509,304.479637925206
Typhoid Fever,Bangsamoro (BARMM),wet,2025-07-01,2025-07-01,2025-09-01,observed,2025-08-01,217.93804874505017,122.4064066505204,310.4404449038756
Typhoid Fever,Bangsamoro (BARMM),wet,2025-07-01,2025-07-01,2025-09-01,observed,2025-09-01,219.77603257573494,127.64419290448545,304.7418773879218
Typhoid Fever,Bicol Region,dry,2025-01-01,2025-01-01,2025-03-01,observed,2025-01-01,12.609007485366531,1.4001861158046738,26.030064231592256
Typhoid Fever,Bicol Region,dry,2025-01-01,2025-01-01,2025-03-01,observed,2025-02-01,12.49684687000725,0.18154243687876406,24.61877362271373
Typhoid Fever,Bicol Region,dry,2025-01-01,2025-01-01,2025-03-01,observed,2025-03-01,12.395540507747251,0.47381628512542995,25.120465788070227
Typhoid Fever,Bicol Region,wet,2025-07-01,2025-07-01,2025-09-01,observed,2025-07-01,14.667793689414964,2.8771232180811284,26.707482348303163
Typhoid Fever,Bicol Region,wet,2025-07-01,2025-07-01,2025-09-01,observed,2025-08-01,14.530171948135068,2.61031625315794,25.490484748344127
Typhoid Fever,Bicol Region,wet,2025-07-01,2025-07-01,2025-09-01,observed,2025-09-01,14.392550206855173,2.2845648022136342,26.412455752542407
Typhoid Fever,CALABARZON,dry,2025-01-01,2025-01-01,2025-03-01,observed,2025-01-01,65.31854869211065,0.0,146.15567642450497
Typhoid Fever,CALABARZON,dry,2025-01-01,2025-01-01,2025-03-01,observed,2025-02-01,65.45211141035323,0.0,145.67915092585667
Typhoid Fever,CALABARZON,dry,2025-01-01,2025-01-01,2025-03-01,observed,2025-03-01,65.57274870424975,0.0,150.03083927518776
Typhoid Fever,CALABARZON,wet,2025-07-01,2025-07-01,2025-09-01,observed,2025-07-01,96.07544273797458,14.046858798918594,174.59230262926354
Typhoid Fever,CALABARZON,wet,2025-07-01,2025-07-01,2025-09-01,observed,2025-08-01,96.26957906594993,14.46931838359732,170.885101788071
Typhoid Fever,CALABARZON,wet,2025-07-01,2025-07-01,2025-09-01,observed,2025-09-01,96.46371539392527,23.70019357134299,174.78988497992805
Typhoid Fever,Cagayan Valley,dry,2025-01-01,2025-01-01,2025-03-01,observed,2025-01-01,117.78389908558533,75.88292762243948,160.3282456681579
Typhoid Fever,Cagayan Valley,dry,2025-01-01,2025-01-01,2025-03-01,observed,2025-02-01,120.3064481697918,80.3933253615678,162.92648029035442
Typhoid Fever,Cagayan Valley,dry,2025-01-01,2025-01-01,2025-03-01,observed,2025-03-01,122.58487960068797,77.26976066401606,165.8616007265402
Typhoid Fever,Cagayan Valley,wet,2025-07-01,2025-07-01,2025-09-01,observed,2025-07-01,232.9569095050486,192.08359861688047,276.4721210698173
Typhoid Fever,Cagayan Valley,wet,2025-07-01,2025-07-01,2025-09-01,observed,2025-08-01,237.39155520954446,195.10281484076884,280.15081915168673
Typhoid Fever,Cagayan Valley,wet,2025-07-01,2025-07-01,2025-09-01,observed,2025-09-01,241.8262009140403,200.39622526929128,284.0526118153525
Typhoid Fever,Caraga,dry,2025-01-01,2025-01-01,2025-03-01,observed,2025-01-01,35.91002726812506,10.231182289603531,60.411996938839316
Typhoid Fever,Caraga,dry,2025-01-01,2025-01-01,2025-03-01,observed,2025-02-01,36.190629949676165,10.750343982023963,61.29852187197417
Typhoid Fever,Caraga,dry,2025-01-01,2025-01-01,2025-03-01,observed,2025-03-01,36.44407753301264,11.067398847241211,61.69328025991783
Typhoid Fever,Caraga,wet,2025-07-01,2025-07-01,2025-09-01,observed,2025-07-01,42.82216778372221,17.791480823440676,69.38770036706283
Typhoid Fever,Caraga,wet,2025-07-01,2025-07-01,2025-09-01,observed,2025-08-01,43.14218195089918,17.939392105300776,69.96773637183868
Typhoid Fever,Caraga,wet,2025-07-01,2025-07-01,2025-09-01,observed,2025-09-01,43.46219611807614,19.999844291521786,68.4017163586269
Typhoid Fever,Central Luzon,dry,2025-01-01,2025-01-01,2025-03-01,observed,2025-01-01,89.72100889678768,47.114180007798275,132.72467728634797
Typhoid Fever,Central Luzon,dry,2025-01-01,2025-01-01,2025-03-01,observed,2025-02-01,91.29064030133088,47.98138066765655,135.32507490199603
Typhoid Fever,Central Luzon,dry,2025-01-01,2025-01-01,2025-03-01,observed,2025-03-01,92.7083718925312,51.856186306664526,133.61560141028002
Typhoid Fever,Central Luzon,wet,2025-07-01,2025-07-01,2025-09-01,observed,2025-07-01,178.22007161060523,133.96041208552845,220.90437219235707
Typhoid Fever,Central Luzon,wet,2025-07-01,2025-07-01,2025-09-01,observed,2025-08-01,181.0489944640087,138.17910522251563,224.31798794685082
Typhoid Fever,Central Luzon,wet,2025-07-01,2025-07-01,2025-09-01,observed,2025-09-01,183.87791731741217,138.99885250770723,234.01816678645628
Typhoid Fever,Central Visayas,dry,2025-01-01,2025-01-01,2025-03-01,observed,2025-01-01,128.5235393851322,64.76467470754038,195.08100510225066
Typhoid Fever,Central Visayas,dry,2025-01-01,2025-01-01,2025-03-01,observed,2025-02-01,130.21309742745478,65.49668601786749,194.2300646165225
Typhoid Fever,Central Visayas,dry,2025-01-01,2025-01-01,2025-03-01,observed,2025-03-01,131.7391498527784,67.8630322498742,194.09860139769492
Typhoid Fever,Central Visayas,wet,2025-07-01,2025-07-01,2025-09-01,observed,2025-07-01,193.2518018039849,127.248021296309,254.2547556432888
Typhoid Fever,Central Visayas,wet,2025-07-01,2025-07-01,2025-09-01,observed,2025-08-01,195.61117720815906,133.36020576518473,261.73830141744503
Typhoid Fever,Central Visayas,wet,2025-07-01,2025-07-01,2025-09-01,observed,2025-09-01,197.97055261233317,132.83327886231166,258.31818676517355
Typhoid Fever,Cordillera Administrative Region,dry,2025-01-01,2025-01-01,2025-03-01,observed,2025-01-01,220.5334847788426,38.17372108249332,410.087605105461
Typhoid Fever,Cordillera Administrative Region,dry,2025-01-01,2025-01-01,2025-03-01,observed,2025-02-01,221.74280729776615,26.99025203562834,404.93496628285453
Typhoid Fever,Cordillera Administrative Region,dry,2025-01-01,2025-01-01,2025-03-01,observed,2025-03-01,222.83509860518095,33.78102410659323,407.61484140764503
Typhoid Fever,Cordillera Administrative Region,wet,2025-07-01,2025-07-01,2025-09-01,observed,2025-07-01,395.2732916701418,207.90556692906262,579.5940633270542
Typhoid Fever,Cordillera Administrative Region,wet,2025-07-01,2025-07-01,2025-09-01,observed,2025-08-01,397.3735760366339,189.8355467298734,570.6487710119824
Typhoid Fever,Cordillera Administrative Region,wet,2025-07-01,2025-07-01,2025-09-01,observed,2025-09-01,399.47386040312597,215.37033069104766,591.3868244797683
Typhoid Fever,Davao Region,dry,2025-01-01,2025-01-01,2025-03-01,observed,2025-01-01,75.23614262129274,52.87261437089637,98.67212912936947
Typhoid Fever,Davao Region,dry,2025-01-01,2025-01-01,2025-03-01,observed,2025-02-01,76.31679727342011,54.54297853788819,100.56089918587202
Typhoid Fever,Davao Region,dry,2025-01-01,2025-01-01,2025-03-01,observed,2025-03-01,77.29287244308355,54.36604123818061,101.29524331806209
Typhoid Fever,Davao Region,wet,2025-07-01,2025-07-01,2025-09-01,observed,2025-07-01,101.81456979229289,77.36403327902892,127.42780109363767
Typhoid Fever,Davao Region,wet,2025-07-01,2025-07-01,2025-09-01,observed,2025-08-01,103.16382906859856,77.59725520859135,126.46504406430047
Typhoid Fever,Davao Region,wet,2025-07-01,2025-07-01,2025-09-01,observed,2025-09-01,104.51308834490425,78.00768499445664,126.97753771256751
Typhoid Fever,Eastern Visayas,dry,2025-01-01,2025-01-01,2025-03-01,observed,2025-01-01,26.775857990029703,7.277556803231826,47.08463675427732
Typhoid Fever,Eastern Visayas,dry,2025-01-01,2025-01-01,2025-03-01,observed,2025-02-01,26.90504674897447,7.486087999823504,45.163247465826565
Typhoid Fever,Eastern Visayas,dry,2025-01-01,2025-01-01,2025-03-01,observed,2025-03-01,27.02173336995685,5.951998931431995,45.48217066098954
Typhoid Fever,Eastern Visayas,wet,2025-07-01,2025-07-01,2025-09-01,observed,2025-07-01,24.868538475083717,5.854009695313942,44.77721958500826
Typhoid Fever,Eastern Visayas,wet,2025-07-01,2025-07-01,2025-09-01,observed,2025-08-01,24.985237265201267,5.199365973735604,42.09115550405345
Typhoid Fever,Eastern Visayas,wet,2025-07-01,2025-07-01,2025-09-01,observed,2025-09-01,25.101936055318827,6.522190215244476,43.99853010111816
Typhoid Fever,Ilocos Region,dry,2025-01-01,2025-01-01,2025-03-01,observed,2025-01-01,64.81970421008091,0.0,136.76396014734013
Typhoid Fever,Ilocos Region,dry,2025-01-01,2025-01-01,2025-03-01,observed,2025-02-01,65.31704469834507,0.0,133.75257220290376
Typhoid Fever,Ilocos Region,dry,2025-01-01,2025-01-01,2025-03-01,observed,2025-03-01,65.76625546193851,0.0,137.12804395612247
Typhoid Fever,Ilocos Region,wet,2025-07-01,2025-07-01,2025-09-01,observed,2025-07-01,160.51814370591785,92.08425267215644,234.76020768737945
Typhoid Fever,Ilocos Region,wet,2025-07-01,2025-07-01,2025-09-01,observed,2025-08-01,161.69693888785037,91.93706048627944,230.7437260187171
Typhoid Fever,Ilocos Region,wet,2025-07-01,2025-07-01,2025-09-01,observed,2025-09-01,162.87573406978288,89.38306619062796,236.44079514509735
Typhoid Fever,MIMAROPA,dry,2025-01-01,2025-01-01,2025-03-01,observed,2025-01-01,159.2882753592769,108.60569058728755,209.65960664432825
Typhoid Fever,MIMAROPA,dry,2025-01-01,2025-01-01,2025-03-01,observed,2025-02-01,162.22993505033563,113.3653879612564,215.56009564202276
Typhoid Fever,MIMAROPA,dry,2025-01-01,2025-01-01,2025-03-01,observed,2025-03-01,164.8869179970984,116.46435771634287,215.84383339620092
Typhoid Fever,MIMAROPA,wet,2025-07-01,2025-07-01,2025-09-01,observed,2025-07-01,264.40506491608886,213.0110498738264,316.32054924376064
Typhoid Fever,MIMAROPA,wet,2025-07-01,2025-07-01,2025-09-01,observed,2025-08-01,268.8127102451642,215.60013441340033,314.65304761443855
Typhoid Fever,MIMAROPA,wet,2025-07-01,2025-07-01,2025-09-01,observed,2025-09-01,273.2203555742395,218.4759178974129,318.78213094089784
Typhoid Fever,National,dry,2025-01-01,2025-01-01,2025-03-01,observed,2025-01-01,2094.5125962398934,1489.906909318976,2656.048919064071
Typhoid Fever,National,dry,2025-01-01,2025-01-01,2025-03-01,observed,2025-02-01,2131.2790607692978,1588.9752092481224,2696.9728881337974
Typhoid Fever,National,dry,2025-01-01,2025-01-01,2025-03-01,observed,2025-03-01,2164.4874803442435,1587.9437937949203,2738.7351084999004
Typhoid Fever,National,wet,2025-07-01,2025-07-01,2025-09-01,observed,2025-07-01,3655.5724929462567,3113.829214457603,4220.966525661549
Typhoid Fever,National,wet,2025-07-01,2025-07-01,2025-09-01,observed,2025-08-01,3713.776011181181,3127.3377387806286,4283.682392775539
Typhoid Fever,National,wet,2025-07-01,2025-07-01,2025-09-01,observed,2025-09-01,3771.979529416106,3184.234428987374,4311.204894202661
Typhoid Fever,National Capital Region,dry,2025-01-01,2025-01-01,2025-03-01,observed,2025-01-01,23.904089206887,3.5823771381725114,48.09606746420312
Typhoid Fever,National Capital Region,dry,2025-01-01,2025-01-01,2025-03-01,observed,2025-02-01,24.037406059807548,1.7910254388716238,46.68987246510366
Typhoid Fever,National Capital Region,dry,2025-01-01,2025-01-01,2025-03-01,observed,2025-03-01,24.157821281800295,2.4129231274939884,45.641553521497
Typhoid Fever,National Capital Region,wet,2025-07-01,2025-07-01,2025-09-01,observed,2025-07-01,31.382968716013703,8.243896418917204,52.44759451390674
Typhoid Fever,National Capital Region,wet,2025-07-01,2025-07-01,2025-09-01,observed,2025-08-01,31.55247669637919,9.951416280997009,52.77031014145366
Typhoid Fever,National Capital Region,wet,2025-07-01,2025-07-01,2025-09-01,observed,2025-09-01,31.72198467674468,9.115453376500366,53.40958816569867
Typhoid Fever,Negros Island Region,dry,2025-01-01,2025-01-01,2025-03-01,observed,2025-01-01,156.05615864002775,92.07058138614968,222.8793171826119
Typhoid Fever,Negros Island Region,dry,2025-01-01,2025-01-01,2025-03-01,observed,2025-02-01,159.02102376841822,97.05061012031241,221.10792539371468
Typhoid Fever,Negros Island Region,dry,2025-01-01,2025-01-01,2025-03-01,observed,2025-03-01,161.69896646502895,97.60113728997324,227.0924034616901
Typhoid Fever,Negros Island Region,wet,2025-07-01,2025-07-01,2025-09-01,observed,2025-07-01,282.9647645929676,218.17859390752494,342.4551431217226
Typhoid Fever,Negros Island Region,wet,2025-07-01,2025-07-01,2025-09-01,observed,2025-08-01,287.80393040708634,222.30599390055087,346.62990289054017
Typhoid Fever,Negros Island Region,wet,2025-07-01,2025-07-01,2025-09-01,observed,2025-09-01,292.64309622120504,228.68574940844036,358.0404401070995
Typhoid Fever,Northern Mindanao,dry,2025-01-01,2025-01-01,2025-03-01,observed,2025-01-01,200.5399234552207,130.8919591165117,265.41521202279966
Typhoid Fever,Northern Mindanao,dry,2025-01-01,2025-01-01,2025-03-01,observed,2025-02-01,203.26476710579126,137.60883125568353,271.13888207353097
Typhoid Fever,Northern Mindanao,dry,2025-01-01,2025-01-01,2025-03-01,observed,2025-03-01,205.72591620953244,143.50174433410558,277.44170371693247
Typhoid Fever,Northern Mindanao,wet,2025-07-01,2025-07-01,2025-09-01,observed,2025-07-01,332.22325328645735,260.00609723989885,399.7047126449174
Typhoid Fever,Northern Mindanao,wet,2025-07-01,2025-07-01,2025-09-01,observed,2025-08-01,336.4055519081345,264.4402514035952,401.6181802541465
Typhoid Fever,Northern Mindanao,wet,2025-07-01,2025-07-01,2025-09-01,observed,2025-09-01,340.58785052981165,274.6814637922087,403.0201494091927
Typhoid Fever,SOCCSKSARGEN,dry,2025-01-01,2025-01-01,2025-03-01,observed,2025-01-01,108.67388859330536,19.962281656521295,201.69438350430306
Typhoid Fever,SOCCSKSARGEN,dry,2025-01-01,2025-01-01,2025-03-01,observed,2025-02-01,109.1367267647607,24.974654518924076,204.9657590223178
Typhoid Fever,SOCCSKSARGEN,dry,2025-01-01,2025-01-01,2025-03-01,observed,2025-03-01,109.55477414543004,16.917691692632516,200.21877701393487
Typhoid Fever,SOCCSKSARGEN,wet,2025-07-01,2025-07-01,2025-09-01,observed,2025-07-01,121.41333983073868,33.21779442169944,204.01107158654045
Typhoid Fever,SOCCSKSARGEN,wet,2025-07-01,2025-07-01,2025-09-01,observed,2025-08-01,121.91788833162067,27.228483080184663,212.80223418394166
Typhoid Fever,SOCCSKSARGEN,wet,2025-07-01,2025-07-01,2025-09-01,observed,2025-09-01,122.42243683250264,36.88941517135387,215.41888720512773
Typhoid Fever,Western Visayas,dry,2025-01-01,2025-01-01,2025-03-01,observed,2025-01-01,97.17356596573477,57.204127710715106,134.29217420794737
Typhoid Fever,Western Visayas,dry,2025-01-01,2025-01-01,2025-03-01,observed,2025-02-01,99.7290499287055,58.74674375200577,138.85053939286715
Typhoid Fever,Western Visayas,dry,2025-01-01,2025-01-01,2025-03-01,observed,2025-03-01,102.03722899203393,62.93585491716243,142.34368525427152
Typhoid Fever,Western Visayas,wet,2025-07-01,2025-07-01,2025-09-01,observed,2025-07-01,211.220864913792,168.98062956778088,251.15542240408038
Typhoid Fever,Western Visayas,wet,2025-07-01,2025-07-01,2025-09-01,observed,2025-08-01,216.03619947976102,178.515099026181,258.7335238060854
Typhoid Fever,Western Visayas,wet,2025-07-01,2025-07-01,2025-09-01,observed,2025-09-01,220.85153404572998,179.5510075278473,259.6402722340257
Typhoid Fever,Zamboanga Peninsula,dry,2025-01-01,2025-01-01,2025-03-01,observed,2025-01-01,134.17442888802228,92.69220744639438,174.41674283304394
Typhoid Fever,Zamboanga Peninsula,dry,2025-01-01,2025-01-01,2025-03-01,observed,2025-02-01,136.83326365810504,94.68089535887425,179.2058088238271
Typhoid Fever,Zamboanga Peninsula,dry,2025-01-01,2025-01-01,2025-03-01,observed,2025-03-01,139.23479183753463,98.1289921072766,177.6020429374025
Typhoid Fever,Zamboanga Peninsula,wet,2025-07-01,2025-07-01,2025-09-01,observed,2025-07-01,240.36964188346442,201.27003844026447,282.08759875631
Typhoid Fever,Zamboanga Peninsula,wet,2025-07-01,2025-07-01,2025-09-01,observed,2025-08-01,244.63890819979963,210.22484069794734,289.7527021409844
Typhoid Fever,Zamboanga Peninsula,wet,2025-07-01,2025-07-01,2025-09-01,observed,2025-09-01,248.90817451613495,207.6963229072499,288.23527670339405
