disease,region,season,p75,n_months
Dengue,Bangsamoro (BARMM),dry,465.0,47
Dengue,Bangsamoro (BARMM),wet,936.0,45
Dengue,Bicol Region,dry,189.0,47
Dengue,Bicol Region,wet,320.0,45
Dengue,CALABARZON,dry,1809.0,47
Dengue,CALABARZON,wet,4815.0,45
Dengue,Cagayan Valley,dry,612.0,47
Dengue,Cagayan Valley,wet,1939.0,45
Dengue,Caraga,dry,755.5,47
Dengue,Caraga,wet,849.0,45
Dengue,Central Luzon,dry,2553.0,47
Dengue,Central Luzon,wet,6188.0,45
Dengue,Central Visayas,dry,1234.0,47
Dengue,Central Visayas,wet,2326.0,45
Dengue,Cordillera Administrative Region,dry,455.5,47
Dengue,Cordillera Administrative Region,wet,1740.0,45
Dengue,Davao Region,dry,1243.0,47
Dengue,Davao Region,wet,1965.0,45
Dengue,Eastern Visayas,dry,509.0,47
Dengue,Eastern Visayas,wet,765.0,45
Dengue,Ilocos Region,dry,536.0,47
Dengue,Ilocos Region,wet,1888.0,45
Dengue,MIMAROPA,dry,757.5,47
Dengue,MIMAROPA,wet,1533.0,45
Dengue,National,dry,16497.5,47
Dengue,National,wet,39531.0,45
Dengue,National Capital Region,dry,1826.5,47
Dengue,National Capital Region,wet,4556.0,45
Dengue,Negros Island Region,dry,553.5,47
Dengue,Negros Island Region,wet,1488.0,45
Dengue,Northern Mindanao,dry,1248.5,47
Dengue,Northern Mindanao,wet,1834.0,45
Dengue,SOCCSKSARGEN,dry,1120.5,47
Dengue,SOCCSKSARGEN,wet,1673.0,45
Dengue,Western Visayas,dry,743.0,47
Dengue,Western Visayas,wet,1981.0,45
Dengue,Zamboanga Peninsula,dry,922.0,47
Dengue,Zamboanga Peninsula,wet,1736.0,45
