disease,region,target_date,yhat,yhat_lower,yhat_upper
Acute Bloody Diarrhea,Bangsamoro (BARMM),2026-10-01,31.92707202588215,9.89680822162762,55.198781696884
Acute Bloody Diarrhea,Bangsamoro (BARMM),2026-11-01,32.1927194018803,12.758867939189734,51.92628879443093
Acute Bloody Diarrhea,Bangsamoro (BARMM),2026-12-01,44.965247269643214,25.16796350051245,68.3593442529537
Acute Bloody Diarrhea,Bangsamoro (BARMM),2027-01-01,45.33335125998275,25.570069892345153,65.39378444824344
Acute Bloody Diarrhea,Bangsamoro (BARMM),2027-02-01,45.701455250322276,24.812174032850923,66.80122709392906
Acute Bloody Diarrhea,Bangsamoro (BARMM),2027-03-01,46.03393627385477,26.013572560208853,66.67332240152174
Acute Bloody Diarrhea,Bangsamoro (BARMM),2027-04-01,46.4020402641943,26.401130616193456,66.46319079141338
Acute Bloody Diarrhea,Bangsamoro (BARMM),2027-05-01,46.758269932264824,23.19591266617111,67.85671927629531
Acute Bloody Diarrhea,Bangsamoro (BARMM),2027-06-01,34.00940468289991,13.276008182363723,53.84221987409253
Acute Bloody Diarrhea,Bangsamoro (BARMM),2027-07-01,34.26648278870458,14.340356667135326,54.670426499222295
Acute Bloody Diarrhea,Bangsamoro (BARMM),2027-08-01,34.53213016470273,14.619301026657748,54.485653268867836
Acute Bloody Diarrhea,Bangsamoro (BARMM),2027-09-01,34.79777754070088,14.873698783352536,54.88282455708669
Acute Bloody Diarrhea,Bicol Region,2026-10-01,12.177835345978442,3.5368134466598256,21.33395086219746
Acute Bloody Diarrhea,Bicol Region,2026-11-01,12.218944602401338,3.3312143443627185,21.3147544063011
Acute Bloody Diarrhea,Bicol Region,2026-12-01,13.073705657388892,3.77994056327658,22.263037200033047
Acute Bloody Diarrhea,Bicol Region,2027-01-01,13.11754791647662,4.567819377403742,22.06289614026838
Acute Bloody Diarrhea,Bicol Region,2027-02-01,13.161390175564351,4.248315641920728,21.843107807359193
Acute Bloody Diarrhea,Bicol Region,2027-03-01,13.200989635385529,4.620837579382621,22.189427236810552
Acute Bloody Diarrhea,Bicol Region,2027-04-01,13.244831894473261,4.276446748647546,22.39327376975543
Acute Bloody Diarrhea,Bicol Region,2027-05-01,13.287259887138807,4.046671512468893,22.275234238006156
Acute Bloody Diarrhea,Bicol Region,2027-06-01,12.500078872132134,4.44731364760452,21.724362191680175
Acute Bloody Diarrhea,Bicol Region,2027-07-01,12.539862023509132,3.438553606316612,21.18765812587698
Acute Bloody Diarrhea,Bicol Region,2027-08-01,12.580971279932033,3.4170798803462907,21.31166472777059
Acute Bloody Diarrhea,Bicol Region,2027-09-01,12.622080536354934,3.8324241380126787,21.375765672363926
Acute Bloody Diarrhea,CALABARZON,2026-10-01,68.5310612802953,39.513294764486055,98.54030007229476
Acute Bloody Diarrhea,CALABARZON,2026-11-01,69.31438238393976,41.89477089100483,96.25815554684308
Acute Bloody Diarrhea,CALABARZON,2026-12-01,48.6511755456057,22.641880454406373,77.22803528640394
Acute Bloody Diarrhea,CALABARZON,2027-01-01,49.1950340897921,21.981737187044573,78.10118952970723
Acute Bloody Diarrhea,CALABARZON,2027-02-01,49.7388926339785,21.232854036582005,78.69666729507308
Acute Bloody Diarrhea,CALABARZON,2027-03-01,50.23011970614687,22.291894104757958,80.81280472188737
Acute Bloody Diarrhea,CALABARZON,2027-04-01,50.77397825033327,23.478378169641957,77.65807969885805
Acute Bloody Diarrhea,CALABARZON,2027-05-01,51.30029297051367,25.11199033053815,80.68858290637296
Acute Bloody Diarrhea,CALABARZON,2027-06-01,74.67128799596009,45.425155879340245,104.41159728953451
Acute Bloody Diarrhea,CALABARZON,2027-07-01,75.42934067690635,45.04199804467192,102.30224224499763
Acute Bloody Diarrhea,CALABARZON,2027-08-01,76.21266178055085,48.42132800485528,105.38130533270731
Acute Bloody Diarrhea,CALABARZON,2027-09-01,76.9959828841953,49.79965813938403,103.85781408091968
Acute Bloody Diarrhea,Cagayan Valley,2026-10-01,91.04228135544311,16.49773449511655,174.57529938921718
Acute Bloody Diarrhea,Cagayan Valley,2026-11-01,91.08003441674269,10.445368342006839,168.07746634492685
Acute Bloody Diarrhea,Cagayan Valley,2026-12-01,91.8107720009318,17.228911131354813,171.3634028929761
Acute Bloody Diarrhea,Cagayan Valley,2027-01-01,91.84881269668132,8.311701240169734,169.45352889601648
Acute Bloody Diarrhea,Cagayan Valley,2027-02-01,91.88685339243085,16.258990787694596,166.63500125512493
Acute Bloody Diarrhea,Cagayan Valley,2027-03-01,91.92121273052719,14.155108477852735,177.91777377375965
Acute Bloody Diarrhea,Cagayan Valley,2027-04-01,91.95925342627669,5.291449852939541,165.4632234189186
Acute Bloody Diarrhea,Cagayan Valley,2027-05-01,91.99606700280849,12.564968312157553,171.00438134035244
Acute Bloody Diarrhea,Cagayan Valley,2027-06-01,91.33821664240445,9.527325154505622,166.61985079489398
Acute Bloody Diarrhea,Cagayan Valley,2027-07-01,91.37475186301695,13.130050372358058,163.4443108355114
Acute Bloody Diarrhea,Cagayan Valley,2027-08-01,91.41250492431655,12.176226251039846,171.43117572033216
Acute Bloody Diarrhea,Cagayan Valley,2027-09-01,91.45025798561615,12.809918747318468,167.5252357272054
Acute Bloody Diarrhea,Caraga,2026-10-01,7.20192771487664,1.0,61.513196942914426
Acute Bloody Diarrhea,Caraga,2026-11-01,6.003846395150487,1.0,62.86146788978786
Acute Bloody Diarrhea,Caraga,2026-12-01,4.452217345611875,1.0,60.36922195023052
Acute Bloody Diarrhea,Caraga,2027-01-01,3.3511306737352307,1.0,59.14137929113462
Acute Bloody Diarrhea,Caraga,2027-02-01,2.2500440018586385,1.0,55.12810234267935
Acute Bloody Diarrhea,Caraga,2027-03-01,1.255514104679731,1.0,55.93548404540734
Acute Bloody Diarrhea,Caraga,2027-04-01,1.0,1.0,57.837982942292086
Acute Bloody Diarrhea,Caraga,2027-05-01,1.0,1.0,54.22514878134634
Acute Bloody Diarrhea,Caraga,2027-06-01,1.0,1.0,50.3244849690493
Acute Bloody Diarrhea,Caraga,2027-07-01,1.0,1.0,49.60066743195743
Acute Bloody Diarrhea,Caraga,2027-08-01,1.0,1.0,46.38775590619488
Acute Bloody Diarrhea,Caraga,2027-09-01,1.0,1.0,50.09828897165327
Acute Bloody Diarrhea,Central Luzon,2026-10-01,30.862692910275378,3.301938100101406,56.41701956816023
Acute Bloody Diarrhea,Central Luzon,2026-11-01,30.826783784632383,6.389552096332706,58.40945806449764
Acute Bloody Diarrhea,Central Luzon,2026-12-01,36.23265578255079,8.647841487136045,62.72836409089062
Acute Bloody Diarrhea,Central Luzon,2027-01-01,36.190401898628295,9.086853250126328,62.191156610845866
Acute Bloody Diarrhea,Central Luzon,2027-02-01,36.148148014705804,10.458682479545404,62.05635010766332
Acute Bloody Diarrhea,Central Luzon,2027-03-01,36.10998321632419,10.954469096221091,63.71205181918448
Acute Bloody Diarrhea,Central Luzon,2027-04-01,36.0677293324017,7.427997383219125,63.059970985984144
Acute Bloody Diarrhea,Central Luzon,2027-05-01,36.02683847699283,8.246274390298922,61.40078037731294
Acute Bloody Diarrhea,Central Luzon,2027-06-01,30.58121169958992,2.9932748080871003,56.83102306447539
Acute Bloody Diarrhea,Central Luzon,2027-07-01,30.54646093283863,4.72410928625405,58.07692952987522
Acute Bloody Diarrhea,Central Luzon,2027-08-01,30.510551807195636,2.221814774992528,55.168097299391995
Acute Bloody Diarrhea,Central Luzon,2027-09-01,30.47464268155263,4.248826773003658,56.97195342160939
Acute Bloody Diarrhea,Central Visayas,2026-10-01,78.12222955471006,1.0,200.20866674516114
Acute Bloody Diarrhea,Central Visayas,2026-11-01,76.43103542560605,1.0,191.85137480487143
Acute Bloody Diarrhea,Central Visayas,2026-12-01,87.0770186947038,1.0,213.26388195664848
Acute Bloody Diarrhea,Central Visayas,2027-01-01,85.1080992197337,1.0,206.9076993196378
Acute Bloody Diarrhea,Central Visayas,2027-02-01,83.13917974476364,1.0,202.0522938453753
Acute Bloody Diarrhea,Central Visayas,2027-03-01,81.36080086414545,1.0,206.9321963113111
Acute Bloody Diarrhea,Central Visayas,2027-04-01,79.39188138917538,1.0,206.17659112597028
Acute Bloody Diarrhea,Central Visayas,2027-05-01,77.48647544565594,1.0,192.50993818237944
Acute Bloody Diarrhea,Central Visayas,2027-06-01,64.86544976850759,1.0,187.80416983428321
Acute Bloody Diarrhea,Central Visayas,2027-07-01,63.22881028872946,1.0,181.67782164639962
Acute Bloody Diarrhea,Central Visayas,2027-08-01,61.53761615962543,1.0,172.78093139631292
Acute Bloody Diarrhea,Central Visayas,2027-09-01,59.846422030521424,1.0,186.30167769764438
Acute Bloody Diarrhea,Cordillera Administrative Region,2026-10-01,30.506739899032315,1.0,73.10132583090261
Acute Bloody Diarrhea,Cordillera Administrative Region,2026-11-01,29.584667634563992,1.0,72.83113660000568
Acute Bloody Diarrhea,Cordillera Administrative Region,2026-12-01,28.15216592720346,1.0,67.78056385262143
Acute Bloody Diarrhea,Cordillera Administrative Region,2027-01-01,27.24745297193821,1.0,69.76433260701934
Acute Bloody Diarrhea,Cordillera Administrative Region,2027-02-01,26.342740016672998,1.0,70.1049264517242
Acute Bloody Diarrhea,Cordillera Administrative Region,2027-03-01,25.52557992804632,1.0,64.51793045242164
Acute Bloody Diarrhea,Cordillera Administrative Region,2027-04-01,24.620866972781112,1.0,63.51819911680993
Acute Bloody Diarrhea,Cordillera Administrative Region,2027-05-01,23.745338306395386,1.0,63.66957103570345
Acute Bloody Diarrhea,Cordillera Administrative Region,2027-06-01,23.278883116264392,1.0,65.51991803357541
Acute Bloody Diarrhea,Cordillera Administrative Region,2027-07-01,22.38655511839181,1.0,62.82687885778396
Acute Bloody Diarrhea,Cordillera Administrative Region,2027-08-01,21.464482853923457,1.0,61.33054746956279
Acute Bloody Diarrhea,Cordillera Administrative Region,2027-09-01,20.542410589455145,1.0,61.74453843106875
Acute Bloody Diarrhea,Davao Region,2026-10-01,36.58408853276486,16.11888847237193,58.77580990739238
Acute Bloody Diarrhea,Davao Region,2026-11-01,36.794026059151335,16.107217371536915,57.74538301821531
Acute Bloody Diarrhea,Davao Region,2026-12-01,37.52241056112602,16.55173247576081,58.27698834834682
Acute Bloody Diarrhea,Davao Region,2027-01-01,37.735328400497835,16.65862094342579,60.09472836075609
Acute Bloody Diarrhea,Davao Region,2027-02-01,37.94824623986963,16.739814439808587,57.42987192492148
Acute Bloody Diarrhea,Davao Region,2027-03-01,38.140559127044185,16.890500173176804,58.9769599216766
Acute Bloody Diarrhea,Davao Region,2027-04-01,38.35347696641598,17.853439393756865,60.20415372063471
Acute Bloody Diarrhea,Davao Region,2027-05-01,38.559526488388705,18.031099621886703,58.77014738704216
Acute Bloody Diarrhea,Davao Region,2027-06-01,38.22972785250402,17.49915588577526,59.12515458998314
Acute Bloody Diarrhea,Davao Region,2027-07-01,38.432893200619965,18.544389916138154,59.26518285996883
Acute Bloody Diarrhea,Davao Region,2027-08-01,38.64283072700644,16.77028097355433,59.83773309135695
Acute Bloody Diarrhea,Davao Region,2027-09-01,38.852768253392924,18.610440044833066,59.44197380939308
Acute Bloody Diarrhea,Eastern Visayas,2026-10-01,23.764322870576205,1.921876544767701,44.547103584409065
Acute Bloody Diarrhea,Eastern Visayas,2026-11-01,23.77322920924259,1.378691134991326,45.00246624322464
Acute Bloody Diarrhea,Eastern Visayas,2026-12-01,33.232578876400865,11.521312611555437,56.2218241183589
Acute Bloody Diarrhea,Eastern Visayas,2027-01-01,33.245024528192126,11.845865045392243,54.83441439167767
Acute Bloody Diarrhea,Eastern Visayas,2027-02-01,33.257470179983386,10.374446776910595,55.146514742685284
Acute Bloody Diarrhea,Eastern Visayas,2027-03-01,33.268711413859364,12.52079724466822,54.3277479519737
Acute Bloody Diarrhea,Eastern Visayas,2027-04-01,33.281157065650625,12.988822028800529,56.35475638698475
Acute Bloody Diarrhea,Eastern Visayas,2027-05-01,33.293201244803456,9.283741767324594,54.64446300724507
Acute Bloody Diarrhea,Eastern Visayas,2027-06-01,23.834137073670764,2.7797321127853123,46.323523975267726
Acute Bloody Diarrhea,Eastern Visayas,2027-07-01,23.842756111089844,2.8018885929057396,45.64383007478405
Acute Bloody Diarrhea,Eastern Visayas,2027-08-01,23.851662449756226,2.56162256850664,47.02954178311602
Acute Bloody Diarrhea,Eastern Visayas,2027-09-01,23.86056878842261,1.0,45.64203595976151
Acute Bloody Diarrhea,Ilocos Region,2026-10-01,11.78073720062216,1.0,23.372489238136588
Acute Bloody Diarrhea,Ilocos Region,2026-11-01,11.874804205768532,1.0,23.48569915219516
Acute Bloody Diarrhea,Ilocos Region,2026-12-01,11.49173556463375,1.0,22.846505312471685
Acute Bloody Diarrhea,Ilocos Region,2027-01-01,11.582075518900607,1.0,22.697908091475007
Acute Bloody Diarrhea,Ilocos Region,2027-02-01,11.67241547316746,1.0,23.111010079768405
Acute Bloody Diarrhea,Ilocos Region,2027-03-01,11.754012851214945,1.0,22.604823742235162
Acute Bloody Diarrhea,Ilocos Region,2027-04-01,11.844352805481797,1.0,23.172794560013486
Acute Bloody Diarrhea,Ilocos Region,2027-05-01,11.931778567675531,1.19757587523878,23.628334486238735
Acute Bloody Diarrhea,Ilocos Region,2027-06-01,12.518101144188913,1.0,24.15652705405001
Acute Bloody Diarrhea,Ilocos Region,2027-07-01,12.609133729814438,1.0,23.67818864911397
Acute Bloody Diarrhea,Ilocos Region,2027-08-01,12.703200734960816,1.0,24.728852809543348
Acute Bloody Diarrhea,Ilocos Region,2027-09-01,12.79726774010719,1.2321831449000578,24.851601566181625
Acute Bloody Diarrhea,MIMAROPA,2026-10-01,20.335821040432958,9.24244854026457,31.05368040988579
Acute Bloody Diarrhea,MIMAROPA,2026-11-01,20.499814682199123,9.89236742468776,31.46632765956062
Acute Bloody Diarrhea,MIMAROPA,2026-12-01,20.38899011106967,9.32944089806721,31.35635056323121
Acute Bloody Diarrhea,MIMAROPA,2027-01-01,20.550844156303103,10.259311359765805,31.216316254376068
Acute Bloody Diarrhea,MIMAROPA,2027-02-01,20.712698201536536,9.850563606209782,32.0872920941489
Acute Bloody Diarrhea,MIMAROPA,2027-03-01,20.858888952069965,10.396103969748651,31.5848582224987
Acute Bloody Diarrhea,MIMAROPA,2027-04-01,21.020742997303394,10.174956614016574,31.7154125150249
Acute Bloody Diarrhea,MIMAROPA,2027-05-01,21.177375944303495,10.419133627037139,31.981618254259686
Acute Bloody Diarrhea,MIMAROPA,2027-06-01,21.62131958718069,10.215429149163954,32.320609074908724
Acute Bloody Diarrhea,MIMAROPA,2027-07-01,21.780023111470538,11.008893620235266,33.05799735561848
Acute Bloody Diarrhea,MIMAROPA,2027-08-01,21.94401675323671,10.730318778637656,33.09158924610827
Acute Bloody Diarrhea,MIMAROPA,2027-09-01,22.108010395002875,11.431878023124439,33.379976944835065
Acute Bloody Diarrhea,National,2026-10-01,779.4218839661139,347.50218011920464,1209.8751381238762
Acute Bloody Diarrhea,National,2026-11-01,777.9170319539597,311.96958991356007,1227.7073886365476
Acute Bloody Diarrhea,National,2026-12-01,811.0256963204175,377.5395278604325,1260.151150953603
Acute Bloody Diarrhea,National,2027-01-01,809.4538542246208,392.75602057693374,1256.6206919259191
Acute Bloody Diarrhea,National,2027-02-01,807.882012128824,411.78159659936006,1227.1063567421602
Acute Bloody Diarrhea,National,2027-03-01,806.4622837842334,356.6906187155848,1207.9342521281715
Acute Bloody Diarrhea,National,2027-04-01,804.8904416884367,359.6769116857577,1241.9151149893803
Acute Bloody Diarrhea,National,2027-05-01,803.3693041763752,361.1386453636629,1214.0065116884434
Acute Bloody Diarrhea,National,2027-06-01,767.6257859353552,305.4222369234485,1188.7910077131319
Acute Bloody Diarrhea,National,2027-07-01,766.169477536496,346.62831149616903,1193.1116519139132
Acute Bloody Diarrhea,National,2027-08-01,764.6646255243417,340.95752723541136,1169.3379185136375
Acute Bloody Diarrhea,National,2027-09-01,763.1597735121871,337.65224289161426,1181.7146205642196
Acute Bloody Diarrhea,National Capital Region,2026-10-01,42.90182903515713,31.06798209389384,55.585831379736554
Acute Bloody Diarrhea,National Capital Region,2026-11-01,43.39222377341246,30.727666539098667,55.439115767382056
Acute Bloody Diarrhea,National Capital Region,2026-12-01,35.05247881702363,22.581646833028884,48.308869566497386
Acute Bloody Diarrhea,National Capital Region,2027-01-01,35.4443367013135,21.726236925651815,47.88411110514336
Acute Bloody Diarrhea,National Capital Region,2027-02-01,35.83619458560336,23.42803944083583,47.90607069119142
Acute Bloody Diarrhea,National Capital Region,2027-03-01,36.19013073915551,23.772661361555325,48.861934616419795
Acute Bloody Diarrhea,National Capital Region,2027-04-01,36.58198862344536,24.702253883909187,49.289995752133414
Acute Bloody Diarrhea,National Capital Region,2027-05-01,36.96120593082266,24.062352275561317,50.90404054637005
Acute Bloody Diarrhea,National Capital Region,2027-06-01,46.74589101567474,34.4702769414948,59.197436513954905
Acute Bloody Diarrhea,National Capital Region,2027-07-01,47.220466568825074,34.117518460861646,59.78784520503266
Acute Bloody Diarrhea,National Capital Region,2027-08-01,47.710861307080414,34.94258710556125,60.5351079668634
Acute Bloody Diarrhea,National Capital Region,2027-09-01,48.20125604533575,35.88180768490583,61.06765174839181
Acute Bloody Diarrhea,Negros Island Region,2026-10-01,27.247271854279102,1.0,69.64819004559446
Acute Bloody Diarrhea,Negros Island Region,2026-11-01,26.665190835518025,1.0,68.88539081612407
Acute Bloody Diarrhea,Negros Island Region,2026-12-01,24.30966532361911,1.0,66.43469160631956
Acute Bloody Diarrhea,Negros Island Region,2027-01-01,23.767551454179355,1.0,63.20242897740946
Acute Bloody Diarrhea,Negros Island Region,2027-02-01,23.225437584739616,1.0,67.62440054196814
Acute Bloody Diarrhea,Negros Island Region,2027-03-01,22.73578634782629,1.0,64.40274877721802
Acute Bloody Diarrhea,Negros Island Region,2027-04-01,22.193672478386546,1.0,62.04662358496334
Acute Bloody Diarrhea,Negros Island Region,2027-05-01,21.669046153122267,1.0,63.94890341508243
Acute Bloody Diarrhea,Negros Island Region,2027-06-01,22.684507739474466,1.0,61.345646357790855
Acute Bloody Diarrhea,Negros Island Region,2027-07-01,22.12120352777018,1.0,63.42528284619314
Acute Bloody Diarrhea,Negros Island Region,2027-08-01,21.53912250900909,1.0,60.55309206154603
Acute Bloody Diarrhea,Negros Island Region,2027-09-01,20.957041490248013,1.0,63.61718997981337
Acute Bloody Diarrhea,Northern Mindanao,2026-10-01,52.42886743752724,8.08350949584696,94.41388544877762
Acute Bloody Diarrhea,Northern Mindanao,2026-11-01,52.15563739281688,8.84919551502277,93.22221740451432
Acute Bloody Diarrhea,Northern Mindanao,2026-12-01,61.95479803666837,15.925029565767321,104.21860582874564
Acute Bloody Diarrhea,Northern Mindanao,2027-01-01,61.62857884507055,17.550975622337432,102.70065222463548
Acute Bloody Diarrhea,Northern Mindanao,2027-02-01,61.30235965347275,17.406929329928015,102.28854136082228
Acute Bloody Diarrhea,Northern Mindanao,2027-03-01,61.00771006106182,19.653590200630862,105.82920122021646
Acute Bloody Diarrhea,Northern Mindanao,2027-04-01,60.681490869464014,19.56226973947826,107.83564779622434
Acute Bloody Diarrhea,Northern Mindanao,2027-05-01,60.365794877595164,15.280538237545263,102.5798137010051
Acute Bloody Diarrhea,Northern Mindanao,2027-06-01,50.28709644189444,7.652956356982017,92.09754041170817
Acute Bloody Diarrhea,Northern Mindanao,2027-07-01,50.02268026959408,4.681493289139806,92.98569051694797
Acute Bloody Diarrhea,Northern Mindanao,2027-08-01,49.74945022488373,6.582614612985288,93.92601635285776
Acute Bloody Diarrhea,Northern Mindanao,2027-09-01,49.47622018017337,3.9804039404505156,93.75419063463517
Acute Bloody Diarrhea,SOCCSKSARGEN,2026-10-01,17.417496426678603,8.068243844453777,26.571952069259446
Acute Bloody Diarrhea,SOCCSKSARGEN,2026-11-01,17.529733458477963,8.579090770303905,26.483939914869136
Acute Bloody Diarrhea,SOCCSKSARGEN,2026-12-01,17.38413918759238,8.167059664139797,26.878543793968916
Acute Bloody Diarrhea,SOCCSKSARGEN,2027-01-01,17.494758615676293,8.182147903228909,27.309099464212288
Acute Bloody Diarrhea,SOCCSKSARGEN,2027-02-01,17.605378043760208,8.550700519070416,26.6125940123865
Acute Bloody Diarrhea,SOCCSKSARGEN,2027-03-01,17.705292365900515,8.36313194356981,27.013928322743233
Acute Bloody Diarrhea,SOCCSKSARGEN,2027-04-01,17.815911793984434,8.130941800068962,26.629891597126566
Acute Bloody Diarrhea,SOCCSKSARGEN,2027-05-01,17.92296285342048,9.632112855604282,26.94487797091893
Acute Bloody Diarrhea,SOCCSKSARGEN,2027-06-01,18.297289934009093,9.007176811712734,27.56820044164686
Acute Bloody Diarrhea,SOCCSKSARGEN,2027-07-01,18.405906416395574,9.068694815655016,27.215590358722725
Acute Bloody Diarrhea,SOCCSKSARGEN,2027-08-01,18.518143448194937,8.70362640147565,27.457735207850256
Acute Bloody Diarrhea,SOCCSKSARGEN,2027-09-01,18.630380479994297,9.301519794333778,28.286122220606867
Acute Bloody Diarrhea,Western Visayas,2026-08-01,1.0,1.0,2.199852657484759
Acute Bloody Diarrhea,Western Visayas,2026-09-01,1.0,1.0,2.240549347405034
Acute Bloody Diarrhea,Western Visayas,2026-10-01,1.0,1.0,2.2763877991894375
Acute Bloody Diarrhea,Western Visayas,2026-11-01,1.0,1.0,2.3719719574869034
Acute Bloody Diarrhea,Western Visayas,2026-12-01,1.0,1.0,1.9091602304803552
Acute Bloody Diarrhea,Western Visayas,2027-01-01,1.0,1.0,2.010831815473061
Acute Bloody Diarrhea,Western Visayas,2027-02-01,1.0,1.0,2.059667481032628
Acute Bloody Diarrhea,Western Visayas,2027-03-01,1.0,1.0,2.0473695610568603
Acute Bloody Diarrhea,Western Visayas,2027-04-01,1.0,1.0,2.2239069272852094
Acute Bloody Diarrhea,Western Visayas,2027-05-01,1.0,1.0,2.1993073773072678
Acute Bloody Diarrhea,Western Visayas,2027-06-01,1.0,1.0,2.4198931820231357
Acute Bloody Diarrhea,Western Visayas,2027-07-01,1.0,1.0,2.4707849560940707
Acute Bloody Diarrhea,Zamboanga Peninsula,2026-10-01,175.58444188366695,71.43390864812858,271.9518109854554
Acute Bloody Diarrhea,Zamboanga Peninsula,2026-11-01,176.31398459646908,64.38300180212862,278.576165831289
Acute Bloody Diarrhea,Zamboanga Peninsula,2026-12-01,188.66266380017893,89.73432707952634,291.01832689875465
Acute Bloody Diarrhea,Zamboanga Peninsula,2027-01-01,189.44018880567197,89.73389412648355,292.97595160303587
Acute Bloody Diarrhea,Zamboanga Peninsula,2027-02-01,190.21771381116494,85.40839604080072,292.0954394558769
Acute Bloody Diarrhea,Zamboanga Peninsula,2027-03-01,190.91999446128767,86.7352035589327,289.0525933423349
Acute Bloody Diarrhea,Zamboanga Peninsula,2027-04-01,191.69751946678065,93.46561991537669,296.0734394758266
Acute Bloody Diarrhea,Zamboanga Peninsula,2027-05-01,192.44996302048358,91.00718394132953,289.11818039050604
Acute Bloody Diarrhea,Zamboanga Peninsula,2027-06-01,181.3031154065999,77.21722451571219,278.7801489557937
Acute Bloody Diarrhea,Zamboanga Peninsula,2027-07-01,182.00912448350522,85.46688443593588,284.98663438916526
Acute Bloody Diarrhea,Zamboanga Peninsula,2027-08-01,182.73866719630738,76.79045768417932,279.4687012295476
Acute Bloody Diarrhea,Zamboanga Peninsula,2027-09-01,183.46820990910953,83.91650588743245,283.02290329371766
Acute Viral Hepatitis,Bangsamoro (BARMM),2023-06-01,1.0,1.0,1.628848044910389
Acute Viral Hepatitis,Bangsamoro (BARMM),2023-07-01,1.0,1.0,1.5600755882942867
Acute Viral Hepatitis,Bangsamoro (BARMM),2023-08-01,1.0,1.0,1.561882523807864
Acute Viral Hepatitis,Bangsamoro (BARMM),2023-09-01,1.0,1.0,1.5221375578626826
Acute Viral Hepatitis,Bangsamoro (BARMM),2023-10-01,1.0,1.0,1.55911298709132
Acute Viral Hepatitis,Bangsamoro (BARMM),2023-11-01,1.0,1.0,1.5712151115004207
Acute Viral Hepatitis,Bangsamoro (BARMM),2023-12-01,1.0,1.0,1.8112134867633174
Acute Viral Hepatitis,Bangsamoro (BARMM),2024-01-01,1.0,1.0,1.765163302123012
Acute Viral Hepatitis,Bangsamoro (BARMM),2024-02-01,1.0,1.0,1.7570336268729718
Acute Viral Hepatitis,Bangsamoro (BARMM),2024-03-01,1.0,1.0,1.75076917268785
Acute Viral Hepatitis,Bangsamoro (BARMM),2024-04-01,1.0,1.0,1.8239794327629135
Acute Viral Hepatitis,Bangsamoro (BARMM),2024-05-01,1.0,1.0,1.8166447855839807
Acute Viral Hepatitis,Bicol Region,2024-03-01,1.0,1.0,0.5421374009876967
Acute Viral Hepatitis,Bicol Region,2024-04-01,1.0,1.0,0.5375474371131947
Acute Viral Hepatitis,Bicol Region,2024-05-01,1.0,1.0,0.5612620155966673
Acute Viral Hepatitis,Bicol Region,2024-06-01,1.0,1.0,0.37402640434707485
Acute Viral Hepatitis,Bicol Region,2024-07-01,1.0,1.0,0.4224880658410841
Acute Viral Hepatitis,Bicol Region,2024-08-01,1.0,1.0,0.3974584457856231
Acute Viral Hepatitis,Bicol Region,2024-09-01,1.0,1.0,0.38141429614088757
Acute Viral Hepatitis,Bicol Region,2024-10-01,1.0,1.0,0.37747635952850467
Acute Viral Hepatitis,Bicol Region,2024-11-01,1.0,1.0,0.42129314976550614
Acute Viral Hepatitis,Bicol Region,2024-12-01,1.0,1.0,0.5324102971776365
Acute Viral Hepatitis,Bicol Region,2025-01-01,1.0,1.0,0.5220819278114721
Acute Viral Hepatitis,Bicol Region,2025-02-01,1.0,1.0,0.5206245830889283
Acute Viral Hepatitis,CALABARZON,2025-09-01,1.0,1.0,2.510682505494045
Acute Viral Hepatitis,CALABARZON,2025-10-01,1.0,1.0,2.666509455870809
Acute Viral Hepatitis,CALABARZON,2025-11-01,1.0,1.0,2.485054074670746
Acute Viral Hepatitis,CALABARZON,2025-12-01,1.0,1.0,2.3085552124540376
Acute Viral Hepatitis,CALABARZON,2026-01-01,1.0,1.0,2.357499277329458
Acute Viral Hepatitis,CALABARZON,2026-02-01,1.0,1.0,2.178478482310725
Acute Viral Hepatitis,CALABARZON,2026-03-01,1.0,1.0,2.2775407808027395
Acute Viral Hepatitis,CALABARZON,2026-04-01,1.0,1.0,2.4052038403072045
Acute Viral Hepatitis,CALABARZON,2026-05-01,1.0,1.0,2.4591324297431556
Acute Viral Hepatitis,CALABARZON,2026-06-01,1.0,1.0,2.3009601572352967
Acute Viral Hepatitis,CALABARZON,2026-07-01,1.0,1.0,2.494201458580683
Acute Viral Hepatitis,CALABARZON,2026-08-01,1.0,1.0,2.441734768083669
Acute Viral Hepatitis,Cagayan Valley,2024-02-01,1.0,1.0,0.718675701380486
Acute Viral Hepatitis,Cagayan Valley,2024-03-01,1.0,1.0,0.7838826068360696
Acute Viral Hepatitis,Cagayan Valley,2024-04-01,1.0,1.0,0.7374290968442491
Acute Viral Hepatitis,Cagayan Valley,2024-05-01,1.0,1.0,0.7773143312908278
Acute Viral Hepatitis,Cagayan Valley,2024-06-01,1.0,1.0,0.7138031583802967
Acute Viral Hepatitis,Cagayan Valley,2024-07-01,1.0,1.0,0.7972484440657527
Acute Viral Hepatitis,Cagayan Valley,2024-08-01,1.0,1.0,0.6969882439593307
Acute Viral Hepatitis,Cagayan Valley,2024-09-01,1.0,1.0,0.7139050655307408
Acute Viral Hepatitis,Cagayan Valley,2024-10-01,1.0,1.0,0.7214402952618115
Acute Viral Hepatitis,Cagayan Valley,2024-11-01,1.0,1.0,0.7008695647726833
Acute Viral Hepatitis,Cagayan Valley,2024-12-01,1.0,1.0,0.6361468619738759
Acute Viral Hepatitis,Cagayan Valley,2025-01-01,1.0,1.0,0.6931812742590238
Acute Viral Hepatitis,Caraga,2025-06-01,1.0,1.0,0.6780475899871761
Acute Viral Hepatitis,Caraga,2025-07-01,1.0,1.0,0.7086800729558527
Acute Viral Hepatitis,Caraga,2025-08-01,1.0,1.0,0.6244977965904334
Acute Viral Hepatitis,Caraga,2025-09-01,1.0,1.0,0.5994541668678708
Acute Viral Hepatitis,Caraga,2025-10-01,1.0,1.0,0.5696389866177965
Acute Viral Hepatitis,Caraga,2025-11-01,1.0,1.0,0.5320154733988909
Acute Viral Hepatitis,Caraga,2025-12-01,1.0,1.0,0.7715243495813068
Acute Viral Hepatitis,Caraga,2026-01-01,1.0,1.0,0.7286929138870623
Acute Viral Hepatitis,Caraga,2026-02-01,1.0,1.0,0.7251146597444807
Acute Viral Hepatitis,Caraga,2026-03-01,1.0,1.0,0.6720165300982175
Acute Viral Hepatitis,Caraga,2026-04-01,1.0,1.0,0.7142966738983116
Acute Viral Hepatitis,Caraga,2026-05-01,1.0,1.0,0.702895009339345
Acute Viral Hepatitis,Central Luzon,2025-10-01,1.0,1.0,1.3622875269699304
Acute Viral Hepatitis,Central Luzon,2025-11-01,1.0,1.0,1.3341874666954288
Acute Viral Hepatitis,Central Luzon,2025-12-01,1.0,1.0,1.3208432983303438
Acute Viral Hepatitis,Central Luzon,2026-01-01,1.0,1.0,1.3291138565064042
Acute Viral Hepatitis,Central Luzon,2026-02-01,1.0,1.0,1.388750983787642
Acute Viral Hepatitis,Central Luzon,2026-03-01,1.0,1.0,1.3903919811491872
Acute Viral Hepatitis,Central Luzon,2026-04-01,1.0,1.0,1.4199985806445379
Acute Viral Hepatitis,Central Luzon,2026-05-01,1.0,1.0,1.3205942167979754
Acute Viral Hepatitis,Central Luzon,2026-06-01,1.0,1.0,1.3762155865596617
Acute Viral Hepatitis,Central Luzon,2026-07-01,1.0,1.0,1.3447503372156369
Acute Viral Hepatitis,Central Luzon,2026-08-01,1.0,1.0,1.3500630948097643
Acute Viral Hepatitis,Central Luzon,2026-09-01,1.0,1.0,1.3694605609201145
Acute Viral Hepatitis,Central Visayas,2025-10-01,2.438082487883016,1.0,8.53295491732738
Acute Viral Hepatitis,Central Visayas,2025-11-01,2.4444394860073992,1.0,8.442394205033823
Acute Viral Hepatitis,Central Visayas,2025-12-01,4.784928316669089,1.0,10.6951855312425
Acute Viral Hepatitis,Central Visayas,2026-01-01,4.797340740906823,1.0,10.454981874293694
Acute Viral Hepatitis,Central Visayas,2026-02-01,4.809753165144558,1.0,10.44411383227549
Acute Viral Hepatitis,Central Visayas,2026-03-01,4.820964387036707,1.0,11.184851006911714
Acute Viral Hepatitis,Central Visayas,2026-04-01,4.833376811274442,1.0,10.826699575193922
Acute Viral Hepatitis,Central Visayas,2026-05-01,4.845388834730314,1.0,10.635687082549719
Acute Viral Hepatitis,Central Visayas,2026-06-01,2.487913150599956,1.0,8.216984627932652
Acute Viral Hepatitis,Central Visayas,2026-07-01,2.4940650842687138,1.0,8.155669048593646
Acute Viral Hepatitis,Central Visayas,2026-08-01,2.5004220823930967,1.0,8.224590680647413
Acute Viral Hepatitis,Central Visayas,2026-09-01,2.50677908051748,1.0,8.54449564270349
Acute Viral Hepatitis,Cordillera Administrative Region,2025-10-01,1.0,1.0,0.6525789460798235
Acute Viral Hepatitis,Cordillera Administrative Region,2025-11-01,1.0,1.0,0.6195651144309698
Acute Viral Hepatitis,Cordillera Administrative Region,2025-12-01,1.0,1.0,0.518026097350906
Acute Viral Hepatitis,Cordillera Administrative Region,2026-01-01,1.0,1.0,0.520263786275537
Acute Viral Hepatitis,Cordillera Administrative Region,2026-02-01,1.0,1.0,0.4441069963680401
Acute Viral Hepatitis,Cordillera Administrative Region,2026-03-01,1.0,1.0,0.5106362203227549
Acute Viral Hepatitis,Cordillera Administrative Region,2026-04-01,1.0,1.0,0.4270668954468393
Acute Viral Hepatitis,Cordillera Administrative Region,2026-05-01,1.0,1.0,0.4833209680735502
Acute Viral Hepatitis,Cordillera Administrative Region,2026-06-01,1.0,1.0,0.6485190118657819
Acute Viral Hepatitis,Cordillera Administrative Region,2026-07-01,1.0,1.0,0.6568602815190588
Acute Viral Hepatitis,Cordillera Administrative Region,2026-08-01,1.0,1.0,0.6495561540787332
Acute Viral Hepatitis,Cordillera Administrative Region,2026-09-01,1.0,1.0,0.6902636019912584
Acute Viral Hepatitis,Davao Region,2025-09-01,1.0,1.0,1.3271275046159439
Acute Viral Hepatitis,Davao Region,2025-10-01,1.0,1.0,1.2894833918236648
Acute Viral Hepatitis,Davao Region,2025-11-01,1.0,1.0,1.290157503435685
Acute Viral Hepatitis,Davao Region,2025-12-01,1.0,1.0,1.4656560891303207
Acute Viral Hepatitis,Davao Region,2026-01-01,1.0,1.0,1.4144967552692185
Acute Viral Hepatitis,Davao Region,2026-02-01,1.0,1.0,1.4641157068269322
Acute Viral Hepatitis,Davao Region,2026-03-01,1.0,1.0,1.4359246793697997
Acute Viral Hepatitis,Davao Region,2026-04-01,1.0,1.0,1.4576627314630304
Acute Viral Hepatitis,Davao Region,2026-05-01,1.0,1.0,1.5340379825531723
Acute Viral Hepatitis,Davao Region,2026-06-01,1.0,1.0,1.3383077035854427
Acute Viral Hepatitis,Davao Region,2026-07-01,1.0,1.0,1.3670850189307109
Acute Viral Hepatitis,Davao Region,2026-08-01,1.0,1.0,1.334849946532494
Acute Viral Hepatitis,Eastern Visayas,2025-10-01,1.0,1.0,1.6903853059158653
Acute Viral Hepatitis,Eastern Visayas,2025-11-01,1.0,1.0,1.6155368451733725
Acute Viral Hepatitis,Eastern Visayas,2025-12-01,1.0,1.0,1.8377927257984512
Acute Viral Hepatitis,Eastern Visayas,2026-01-01,1.0,1.0,1.815958971780862
Acute Viral Hepatitis,Eastern Visayas,2026-02-01,1.0,1.0,1.7452838020626282
Acute Viral Hepatitis,Eastern Visayas,2026-03-01,1.0,1.0,1.83786250903499
Acute Viral Hepatitis,Eastern Visayas,2026-04-01,1.0,1.0,1.7592164587623782
Acute Viral Hepatitis,Eastern Visayas,2026-05-01,1.0,1.0,1.7023768076260655
Acute Viral Hepatitis,Eastern Visayas,2026-06-01,1.0,1.0,1.7124536365503589
Acute Viral Hepatitis,Eastern Visayas,2026-07-01,1.0,1.0,1.817524885283017
Acute Viral Hepatitis,Eastern Visayas,2026-08-01,1.0,1.0,1.704923785392137
Acute Viral Hepatitis,Eastern Visayas,2026-09-01,1.0,1.0,1.6888364521326995
Acute Viral Hepatitis,Ilocos Region,2024-03-01,1.0,1.0,0.6832831368871519
Acute Viral Hepatitis,Ilocos Region,2024-04-01,1.0,1.0,0.6988680437651367
Acute Viral Hepatitis,Ilocos Region,2024-05-01,1.0,1.0,0.6521051932032016
Acute Viral Hepatitis,Ilocos Region,2024-06-01,1.0,1.0,0.591192659284259
Acute Viral Hepatitis,Ilocos Region,2024-07-01,1.0,1.0,0.5722573203640257
Acute Viral Hepatitis,Ilocos Region,2024-08-01,1.0,1.0,0.5855612542877894
Acute Viral Hepatitis,Ilocos Region,2024-09-01,1.0,1.0,0.5649689918931502
Acute Viral Hepatitis,Ilocos Region,2024-10-01,1.0,1.0,0.5624379741044455
Acute Viral Hepatitis,Ilocos Region,2024-11-01,1.0,1.0,0.5779994790783982
Acute Viral Hepatitis,Ilocos Region,2024-12-01,1.0,1.0,0.6119742868422409
Acute Viral Hepatitis,Ilocos Region,2025-01-01,1.0,1.0,0.5905624840474746
Acute Viral Hepatitis,Ilocos Region,2025-02-01,1.0,1.0,0.6387470718761614
Acute Viral Hepatitis,MIMAROPA,2023-12-01,1.0,1.0,0.4771202788723066
Acute Viral Hepatitis,MIMAROPA,2024-01-01,1.0,1.0,0.4730885049213583
Acute Viral Hepatitis,MIMAROPA,2024-02-01,1.0,1.0,0.4637282655130519
Acute Viral Hepatitis,MIMAROPA,2024-03-01,1.0,1.0,0.4606351384383015
Acute Viral Hepatitis,MIMAROPA,2024-04-01,1.0,1.0,0.4612546902835426
Acute Viral Hepatitis,MIMAROPA,2024-05-01,1.0,1.0,0.44707593818334185
Acute Viral Hepatitis,MIMAROPA,2024-06-01,1.0,1.0,0.48006332757860815
Acute Viral Hepatitis,MIMAROPA,2024-07-01,1.0,1.0,0.4308705635678265
Acute Viral Hepatitis,MIMAROPA,2024-08-01,1.0,1.0,0.4592672576089806
Acute Viral Hepatitis,MIMAROPA,2024-09-01,1.0,1.0,0.4593722862050691
Acute Viral Hepatitis,MIMAROPA,2024-10-01,1.0,1.0,0.3976725820672259
Acute Viral Hepatitis,MIMAROPA,2024-11-01,1.0,1.0,0.43784672439038896
Acute Viral Hepatitis,National,2025-10-01,14.433158949538925,1.8758416058480254,27.686839051628027
Acute Viral Hepatitis,National,2025-11-01,14.509489878313953,1.4473885323353854,27.404177069085872
Acute Viral Hepatitis,National,2025-12-01,11.413539798405028,1.0,24.023632749386664
Acute Viral Hepatitis,National,2026-01-01,11.473279541639357,1.0,25.91407514543955
Acute Viral Hepatitis,National,2026-02-01,11.533019284873685,1.0,23.937852491162683
Acute Viral Hepatitis,National,2026-03-01,11.586977762633722,1.0,24.207331473699707
Acute Viral Hepatitis,National,2026-04-01,11.64671750586805,1.0,23.629660338582767
Acute Viral Hepatitis,National,2026-05-01,11.704530160610947,1.0,24.27035442906884
Acute Viral Hepatitis,National,2026-06-01,15.031494939614158,2.0165565710245734,27.77773471681075
Acute Viral Hepatitis,National,2026-07-01,15.105363580364184,2.7674233249021816,27.201571530037494
Acute Viral Hepatitis,National,2026-08-01,15.181694509139215,2.47308661516837,27.694040564073205
Acute Viral Hepatitis,National,2026-09-01,15.258025437914247,1.0,28.310619002484536
Acute Viral Hepatitis,National Capital Region,2025-09-01,1.0,1.0,2.1837298687841984
Acute Viral Hepatitis,National Capital Region,2025-10-01,1.0,1.0,2.240233398412052
Acute Viral Hepatitis,National Capital Region,2025-11-01,1.0,1.0,2.157271738150065
Acute Viral Hepatitis,National Capital Region,2025-12-01,1.0,1.0,2.2223664338350964
Acute Viral Hepatitis,National Capital Region,2026-01-01,1.0,1.0,2.1166323857168052
Acute Viral Hepatitis,National Capital Region,2026-02-01,1.0,1.0,2.115029210585088
Acute Viral Hepatitis,National Capital Region,2026-03-01,1.0,1.0,2.0815689776971333
Acute Viral Hepatitis,National Capital Region,2026-04-01,1.0,1.0,1.9343768449828451
Acute Viral Hepatitis,National Capital Region,2026-05-01,1.0,1.0,1.962828747498339
Acute Viral Hepatitis,National Capital Region,2026-06-01,1.0,1.0,1.9561715679770328
Acute Viral Hepatitis,National Capital Region,2026-07-01,1.0,1.0,1.876831254286246
Acute Viral Hepatitis,National Capital Region,2026-08-01,1.0,1.0,2.0184125475630457
Acute Viral Hepatitis,Northern Mindanao,2025-09-01,1.0,1.0,1.4464614649210492
Acute Viral Hepatitis,Northern Mindanao,2025-10-01,1.0,1.0,1.4978423925631414
Acute Viral Hepatitis,Northern Mindanao,2025-11-01,1.0,1.0,1.3887949408483862
Acute Viral Hepatitis,Northern Mindanao,2025-12-01,1.0,1.0,1.4671680496096913
Acute Viral Hepatitis,Northern Mindanao,2026-01-01,1.0,1.0,1.3097791901058855
Acute Viral Hepatitis,Northern Mindanao,2026-02-01,1.0,1.0,1.259666027741032
Acute Viral Hepatitis,Northern Mindanao,2026-03-01,1.0,1.0,1.3155038656595446
Acute Viral Hepatitis,Northern Mindanao,2026-04-01,1.0,1.0,1.3544811238624919
Acute Viral Hepatitis,Northern Mindanao,2026-05-01,1.0,1.0,1.285177423343714
Acute Viral Hepatitis,Northern Mindanao,2026-06-01,1.0,1.0,1.2655453362289064
Acute Viral Hepatitis,Northern Mindanao,2026-07-01,1.0,1.0,1.2950916536443386
Acute Viral Hepatitis,Northern Mindanao,2026-08-01,1.0,1.0,1.279278138270546
Acute Viral Hepatitis,SOCCSKSARGEN,2025-10-01,1.0,1.0,0.5942917055255001
Acute Viral Hepatitis,SOCCSKSARGEN,2025-11-01,1.0,1.0,0.6073169031255792
Acute Viral Hepatitis,SOCCSKSARGEN,2025-12-01,1.0,1.0,0.6913403540956636
Acute Viral Hepatitis,SOCCSKSARGEN,2026-01-01,1.0,1.0,0.5842503379259893
Acute Viral Hepatitis,SOCCSKSARGEN,2026-02-01,1.0,1.0,0.609124065393013
Acute Viral Hepatitis,SOCCSKSARGEN,2026-03-01,1.0,1.0,0.6530379649582075
Acute Viral Hepatitis,SOCCSKSARGEN,2026-04-01,1.0,1.0,0.5984657536906394
Acute Viral Hepatitis,SOCCSKSARGEN,2026-05-01,1.0,1.0,0.624976115927399
Acute Viral Hepatitis,SOCCSKSARGEN,2026-06-01,1.0,1.0,0.5356544010195102
Acute Viral Hepatitis,SOCCSKSARGEN,2026-07-01,1.0,1.0,0.5747849103781953
Acute Viral Hepatitis,SOCCSKSARGEN,2026-08-01,1.0,1.0,0.4944052712040629
Acute Viral Hepatitis,SOCCSKSARGEN,2026-09-01,1.0,1.0,0.5773676045661401
Acute Viral Hepatitis,Western Visayas,2025-09-01,1.7216623812787986,1.0,8.50827034337407
Acute Viral Hepatitis,Western Visayas,2025-10-01,1.737839080973263,1.0,8.37767494143914
Acute Viral Hepatitis,Western Visayas,2025-11-01,1.7545550039908766,1.0,8.980717542743308
Acute Viral Hepatitis,Western Visayas,2025-12-01,1.0,1.0,6.922084271993866
Acute Viral Hepatitis,Western Visayas,2026-01-01,1.0,1.0,6.64887973077839
Acute Viral Hepatitis,Western Visayas,2026-02-01,1.0,1.0,6.843034053290282
Acute Viral Hepatitis,Western Visayas,2026-03-01,1.0,1.0,6.681668497468492
Acute Viral Hepatitis,Western Visayas,2026-04-01,1.0,1.0,6.921394064492898
Acute Viral Hepatitis,Western Visayas,2026-05-01,1.0,1.0,7.075617816221264
Acute Viral Hepatitis,Western Visayas,2026-06-01,1.8688703484984257,1.0,8.996563135140303
Acute Viral Hepatitis,Western Visayas,2026-07-01,1.8850470481928905,1.0,8.45114886354714
Acute Viral Hepatitis,Western Visayas,2026-08-01,1.9017629712105037,1.0,8.825649545384243
Acute Viral Hepatitis,Zamboanga Peninsula,2025-10-01,3.989412960267593,1.0,8.850177261011694
Acute Viral Hepatitis,Zamboanga Peninsula,2025-11-01,4.021252120900859,1.0,8.730587268722868
Acute Viral Hepatitis,Zamboanga Peninsula,2025-12-01,4.5394598921898455,1.0,9.372740126585372
Acute Viral Hepatitis,Zamboanga Peninsula,2026-01-01,4.5751287723308645,1.0,8.972645363365848
Acute Viral Hepatitis,Zamboanga Peninsula,2026-02-01,4.610797652471883,1.0,9.45736683209154
Acute Viral Hepatitis,Zamboanga Peninsula,2026-03-01,4.6430147055024795,1.0,9.536207269006837
Acute Viral Hepatitis,Zamboanga Peninsula,2026-04-01,4.6786835856434985,1.0,9.866476655021268
Acute Viral Hepatitis,Zamboanga Peninsula,2026-05-01,4.71320185674771,1.0,9.713047262977964
Acute Viral Hepatitis,Zamboanga Peninsula,2026-06-01,4.23899089684448,1.0,9.20595271544008
Acute Viral Hepatitis,Zamboanga Peninsula,2026-07-01,4.269802987779897,1.0,8.87957415629076
Acute Viral Hepatitis,Zamboanga Peninsula,2026-08-01,4.301642148413163,1.0,9.240763775349565
Acute Viral Hepatitis,Zamboanga Peninsula,2026-09-01,4.333481309046428,1.0,9.283273285726086
Cholera,Bangsamoro (BARMM),2026-09-01,3.812064311114023,1.0,7.754138373976892
Cholera,Bangsamoro (BARMM),2026-10-01,3.8553720758715153,1.0,7.998187335841887
Cholera,Bangsamoro (BARMM),2026-11-01,3.90012343278759,1.0,8.149501671721568
Cholera,Bangsamoro (BARMM),2026-12-01,4.328510127838411,1.0,8.452058851874066
Cholera,Bangsamoro (BARMM),2027-01-01,4.377631487370771,1.0,8.449433281845607
Cholera,Bangsamoro (BARMM),2027-02-01,4.426752846903133,1.0,8.164094073583568
Cholera,Bangsamoro (BARMM),2027-03-01,4.4711205264807505,1.0,8.178083409762657
Cholera,Bangsamoro (BARMM),2027-04-01,4.520241886013111,1.0,8.537642475455888
Cholera,Bangsamoro (BARMM),2027-05-01,4.567778685560558,1.0,8.792715062982051
Cholera,Bangsamoro (BARMM),2027-06-01,4.206164970407199,1.0,8.242040242505782
Cholera,Bangsamoro (BARMM),2027-07-01,4.249472735164693,1.0,8.157354949270317
Cholera,Bangsamoro (BARMM),2027-08-01,4.294224092080767,1.0,8.381365582705433
Cholera,Bicol Region,2026-10-01,1.3834294911907719,1.0,17.84571053709863
Cholera,Bicol Region,2026-11-01,1.0165218782334557,1.0,16.780465819886526
Cholera,Bicol Region,2026-12-01,1.0,1.0,17.208787459868052
Cholera,Bicol Region,2027-01-01,1.0,1.0,17.337232620967924
Cholera,Bicol Region,2027-02-01,1.0,1.0,17.42828388833684
Cholera,Bicol Region,2027-03-01,1.0,1.0,16.328638628091227
Cholera,Bicol Region,2027-04-01,1.0,1.0,15.3791954631703
Cholera,Bicol Region,2027-05-01,1.0,1.0,15.576474491779464
Cholera,Bicol Region,2027-06-01,1.0,1.0,15.536424815564247
Cholera,Bicol Region,2027-07-01,1.0,1.0,15.402233643251797
Cholera,Bicol Region,2027-08-01,1.0,1.0,14.59777285817311
Cholera,Bicol Region,2027-09-01,1.0,1.0,13.839899161655469
Cholera,CALABARZON,2026-08-01,3.8136057520842592,1.0,25.343730016688806
Cholera,CALABARZON,2026-09-01,3.819547403201144,1.0,25.010397503307907
Cholera,CALABARZON,2026-10-01,3.8252973881529666,1.0,24.88504705407778
Cholera,CALABARZON,2026-11-01,3.831239039269851,1.0,24.71438080646297
Cholera,CALABARZON,2026-12-01,3.8328646058704012,1.0,26.007592532382883
Cholera,CALABARZON,2027-01-01,3.8387998702463406,1.0,25.632414998453495
Cholera,CALABARZON,2027-02-01,3.844735134622281,1.0,23.90238448788814
Cholera,CALABARZON,2027-03-01,3.8500960185747424,1.0,24.714488755159515
Cholera,CALABARZON,2027-04-01,3.8560312829506818,1.0,25.275828624439583
Cholera,CALABARZON,2027-05-01,3.8617750871854626,1.0,26.344082077604686
Cholera,CALABARZON,2027-06-01,3.871872266262734,1.0,25.170641647269072
Cholera,CALABARZON,2027-07-01,3.877622251214557,1.0,24.622401290286323
Cholera,Cagayan Valley,2025-05-01,1.0343875127537323,1.0,1.8901701950513654
Cholera,Cagayan Valley,2025-06-01,1.0,1.0,1.5052618280457617
Cholera,Cagayan Valley,2025-07-01,1.0,1.0,1.5458761019343479
Cholera,Cagayan Valley,2025-08-01,1.0,1.0,1.5575171726860015
Cholera,Cagayan Valley,2025-09-01,1.0,1.0,1.5405290522938888
Cholera,Cagayan Valley,2025-10-01,1.0,1.0,1.6182049883851368
Cholera,Cagayan Valley,2025-11-01,1.0,1.0,1.5914303189878953
Cholera,Cagayan Valley,2025-12-01,1.240767142253954,1.0,2.1303868133500923
Cholera,Cagayan Valley,2026-01-01,1.2706632568077243,1.0,2.1403806798860816
Cholera,Cagayan Valley,2026-02-01,1.3005593713614945,1.0,2.20055095523817
Cholera,Cagayan Valley,2026-03-01,1.3275623135390937,1.0,2.228151842675665
Cholera,Cagayan Valley,2026-04-01,1.3574584280928643,1.0,2.1791322723790145
Cholera,Caraga,2025-09-01,1.0,1.0,10.808255567629176
Cholera,Caraga,2025-10-01,1.0,1.0,12.70443952295307
Cholera,Caraga,2025-11-01,1.0,1.0,9.83543734005634
Cholera,Caraga,2025-12-01,1.0,1.0,6.772347643200519
Cholera,Caraga,2026-01-01,1.0,1.0,6.164650834941071
Cholera,Caraga,2026-02-01,1.0,1.0,2.455077454055146
Cholera,Caraga,2026-03-01,1.0,1.0,0.20610063270709553
Cholera,Caraga,2026-04-01,1.0,1.0,0.7300138535166977
Cholera,Caraga,2026-05-01,1.0,1.0,0.03547745472721447
Cholera,Caraga,2026-06-01,1.0,1.0,2.3564574434058487
Cholera,Caraga,2026-07-01,1.0,1.0,-0.6205329626417664
Cholera,Caraga,2026-08-01,1.0,1.0,-0.6059868079864925
Cholera,Central Luzon,2026-09-01,1.0,1.0,20.152877340677694
Cholera,Central Luzon,2026-10-01,1.0,1.0,20.55351772048014
Cholera,Central Luzon,2026-11-01,1.0,1.0,22.144167246930394
Cholera,Central Luzon,2026-12-01,1.0,1.0,19.411463021400134
Cholera,Central Luzon,2027-01-01,1.0,1.0,18.60004318168712
Cholera,Central Luzon,2027-02-01,1.0,1.0,18.121670774700668
Cholera,Central Luzon,2027-03-01,1.0,1.0,18.823362965887572
Cholera,Central Luzon,2027-04-01,1.0,1.0,18.841244819959194
Cholera,Central Luzon,2027-05-01,1.0,1.0,19.357567156649235
Cholera,Central Luzon,2027-06-01,1.0556223039540198,1.0,72.80453507945964
Cholera,Central Luzon,2027-07-01,1.0717554649248404,1.0,83.50968979258695
Cholera,Central Luzon,2027-08-01,1.0884263979280218,1.0,97.39561136626776
Cholera,Central Visayas,2026-10-01,5.951429316988956,2.106176356719467,9.924898594585835
Cholera,Central Visayas,2026-11-01,6.035019485366151,2.4107597870787814,9.914439590303076
Cholera,Central Visayas,2026-12-01,5.187882164133638,1.385160523820997,9.122650628828204
Cholera,Central Visayas,2027-01-01,5.258788328049608,1.265886925833182,9.086525961170251
Cholera,Central Visayas,2027-02-01,5.3296944919655775,1.216655127070597,9.315120316991047
Cholera,Central Visayas,2027-03-01,5.393738769050971,1.195169556359143,9.514891254320215
Cholera,Central Visayas,2027-04-01,5.464644932966939,1.3537908771698712,9.757199559685304
Cholera,Central Visayas,2027-05-01,5.533263801272717,1.6840228990441866,9.620109029798613
Cholera,Central Visayas,2027-06-01,6.606668378784387,2.9684126444113237,10.585477561565922
Cholera,Central Visayas,2027-07-01,6.687562090117156,2.8152198533986135,10.71715933649815
Cholera,Central Visayas,2027-08-01,6.771152258494352,2.80382271462496,10.736217932554636
Cholera,Central Visayas,2027-09-01,6.854742426871547,2.91927959480857,10.801392301412754
Cholera,Cordillera Administrative Region,2026-10-01,1.6401733416418667,1.0,3.8447360595807507
Cholera,Cordillera Administrative Region,2026-11-01,1.6603172088243867,1.0,3.7915348960758686
Cholera,Cordillera Administrative Region,2026-12-01,2.1444873491603076,1.0,4.359830130616585
Cholera,Cordillera Administrative Region,2027-01-01,2.170203492996714,1.0,4.178739919570011
Cholera,Cordillera Administrative Region,2027-02-01,2.1959196368331204,1.0,4.066175751955104
Cholera,Cordillera Administrative Region,2027-03-01,2.2191471215885845,1.0,4.214706800354805
Cholera,Cordillera Administrative Region,2027-04-01,2.2448632654249914,1.0,4.280672961540949
Cholera,Cordillera Administrative Region,2027-05-01,2.2697498562344167,1.0,4.5079938705003695
Cholera,Cordillera Administrative Region,2027-06-01,1.7980752682661374,1.0,3.9620779434856095
Cholera,Cordillera Administrative Region,2027-07-01,1.8175693332814795,1.0,3.862365427728537
Cholera,Cordillera Administrative Region,2027-08-01,1.8377132004639993,1.0,3.8988624454695056
Cholera,Cordillera Administrative Region,2027-09-01,1.8578570676465194,1.0,4.032197631637131
Cholera,Davao Region,2026-09-01,9.319987746294531,1.0,69.20790663291281
Cholera,Davao Region,2026-10-01,9.2716418608724,1.0,64.52422943016238
Cholera,Davao Region,2026-11-01,9.221684445936198,1.0,65.23825637878763
Cholera,Davao Region,2026-12-01,9.186733824377363,1.0,65.74235192157245
Cholera,Davao Region,2027-01-01,9.136703459691123,1.0,68.18322763753521
Cholera,Davao Region,2027-02-01,9.086673095004882,1.0,65.55106007578102
Cholera,Davao Region,2027-03-01,9.041484378514085,1.0,65.1608670212357
Cholera,Davao Region,2027-04-01,8.991454013827845,1.0,68.68264132808189
Cholera,Davao Region,2027-05-01,8.94303753187342,1.0,68.6994599470076
Cholera,Davao Region,2027-06-01,8.880040188953137,1.0,62.30437700739428
Cholera,Davao Region,2027-07-01,8.831694303531005,1.0,65.6583958550623
Cholera,Davao Region,2027-08-01,8.781736888594802,1.0,67.78546577016948
Cholera,Eastern Visayas,2026-10-01,121.14546627672627,1.0,315.4068484037959
Cholera,Eastern Visayas,2026-11-01,120.43669701382854,1.0,330.6515493330213
Cholera,Eastern Visayas,2026-12-01,119.62816810857787,1.0,337.11397346333115
Cholera,Eastern Visayas,2027-01-01,118.92012461567909,1.0,333.98256340627177
Cholera,Eastern Visayas,2027-02-01,118.21208112278033,1.0,315.5871154203159
Cholera,Eastern Visayas,2027-03-01,117.57255796790402,1.0,328.1021891126887
Cholera,Eastern Visayas,2027-04-01,116.86451447500528,1.0,315.90788447711765
Cholera,Eastern Visayas,2027-05-01,116.17931109478067,1.0,314.8244301610801
Cholera,Eastern Visayas,2027-06-01,115.58962979659233,1.0,324.94246549506306
Cholera,Eastern Visayas,2027-07-01,114.90372405830419,1.0,304.1029436581584
Cholera,Eastern Visayas,2027-08-01,114.19495479540643,1.0,310.0199693023084
Cholera,Eastern Visayas,2027-09-01,113.48618553250871,1.0,337.54708897880505
Cholera,Ilocos Region,2026-09-01,1.0,1.0,1.0349126265824977
Cholera,Ilocos Region,2026-10-01,1.0,1.0,1.041981757275461
Cholera,Ilocos Region,2026-11-01,1.0,1.0,1.014542629278104
Cholera,Ilocos Region,2026-12-01,1.0,1.0,0.970576352326724
Cholera,Ilocos Region,2027-01-01,1.0,1.0,0.9946567281714497
Cholera,Ilocos Region,2027-02-01,1.0,1.0,0.9935638617301242
Cholera,Ilocos Region,2027-03-01,1.0,1.0,0.9751073316347723
Cholera,Ilocos Region,2027-04-01,1.0,1.0,0.9600666494181173
Cholera,Ilocos Region,2027-05-01,1.0,1.0,0.9506889983254323
Cholera,Ilocos Region,2027-06-01,1.0,1.0,1.038751630692476
Cholera,Ilocos Region,2027-07-01,1.0,1.0,1.0009624967442556
Cholera,Ilocos Region,2027-08-01,1.0,1.0,1.0593133710710452
Cholera,MIMAROPA,2024-09-01,1.5571201460135993,1.0,2.7945375201958806
Cholera,MIMAROPA,2024-10-01,1.587465136463255,1.0,2.788226097143415
Cholera,MIMAROPA,2024-11-01,1.6188216265945665,1.0,2.887622551574719
Cholera,MIMAROPA,2024-12-01,1.0,1.0,1.3831594992702305
Cholera,MIMAROPA,2025-01-01,1.0,1.0,1.3992463843314678
Cholera,MIMAROPA,2025-02-01,1.0,1.0,1.4764038597673033
Cholera,MIMAROPA,2025-03-01,1.0,1.0,1.3392940884144573
Cholera,MIMAROPA,2025-04-01,1.0,1.0,1.4661237118994839
Cholera,MIMAROPA,2025-05-01,1.0,1.0,1.4258042183232107
Cholera,MIMAROPA,2025-06-01,1.8332595591054701,1.0,2.98017081967889
Cholera,MIMAROPA,2025-07-01,1.8636045495551263,1.0,3.0790472994374483
Cholera,MIMAROPA,2025-08-01,1.8949610396864378,1.0,3.1847416336015786
Cholera,National,2026-10-01,157.12795457539187,1.0,447.55360654468245
Cholera,National,2026-11-01,155.20756195143744,1.0,427.48841060606355
Cholera,National,2026-12-01,154.00834774503184,1.0,437.57207195341886
Cholera,National,2027-01-01,152.07969957343727,1.0,442.5183686005693
Cholera,National,2027-02-01,150.1510514018427,1.0,421.8929680451992
Cholera,National,2027-03-01,148.4090466016927,1.0,417.47325989260315
Cholera,National,2027-04-01,146.48039843009815,1.0,410.93413647391765
Cholera,National,2027-05-01,144.61396471565175,1.0,436.2302162820849
Cholera,National,2027-06-01,142.07455432955538,1.0,426.4431180319581
Cholera,National,2027-07-01,140.21610985476073,1.0,428.5793975820979
Cholera,National,2027-08-01,138.29571723080628,1.0,385.3722701321613
Cholera,National,2027-09-01,136.37532460685188,1.0,405.59924900839934
Cholera,National Capital Region,2026-09-01,1.3475316597326448,1.0,4.664829393225656
Cholera,National Capital Region,2026-10-01,1.3075461883965185,1.0,4.315941489462551
Cholera,National Capital Region,2026-11-01,1.2662278680158552,1.0,4.543171681086368
Cholera,National Capital Region,2026-12-01,1.0,1.0,3.2901160404970744
Cholera,National Capital Region,2027-01-01,1.0,1.0,3.4687574298588397
Cholera,National Capital Region,2027-02-01,1.0,1.0,3.439685778137227
Cholera,National Capital Region,2027-03-01,1.0,1.0,3.2593897189300294
Cholera,National Capital Region,2027-04-01,1.0,1.0,3.1336649119706568
Cholera,National Capital Region,2027-05-01,1.0,1.0,3.57147029210714
Cholera,National Capital Region,2027-06-01,1.0,1.0,4.245720439942502
Cholera,National Capital Region,2027-07-01,1.0,1.0,4.134080540010762
Cholera,National Capital Region,2027-08-01,1.0,1.0,4.294885963878901
Cholera,Negros Island Region,2026-10-01,14.148572247618832,1.0,35.23859597638615
Cholera,Negros Island Region,2026-11-01,14.282527245922536,1.0,35.155634987125794
Cholera,Negros Island Region,2026-12-01,14.249457729015925,1.0,36.05930666664758
Cholera,Negros Island Region,2027-01-01,14.381900467523714,1.0,36.5561228606579
Cholera,Negros Island Region,2027-02-01,14.514343206031505,1.0,36.524480791711746
Cholera,Negros Island Region,2027-03-01,14.633968905328862,1.0,35.92927662324254
Cholera,Negros Island Region,2027-04-01,14.76641164383665,1.0,35.15260211205533
Cholera,Negros Island Region,2027-05-01,14.894582035940966,1.0,36.98435496117648
Cholera,Negros Island Region,2027-06-01,15.19860658916076,1.0,36.72273699706847
Cholera,Negros Island Region,2027-07-01,15.32824045848692,1.0,37.08981449226117
Cholera,Negros Island Region,2027-08-01,15.462195456790624,1.0,37.002913660910835
Cholera,Negros Island Region,2027-09-01,15.59615045509433,1.0,37.96672717937392
Cholera,Northern Mindanao,2026-08-01,1.0,1.0,7.303907159392404
Cholera,Northern Mindanao,2026-09-01,1.0,1.0,7.237351992001948
Cholera,Northern Mindanao,2026-10-01,1.0,1.0,7.564755810160865
Cholera,Northern Mindanao,2026-11-01,1.0,1.0,7.437083224029509
Cholera,Northern Mindanao,2026-12-01,1.0,1.0,7.4914055137131985
Cholera,Northern Mindanao,2027-01-01,1.0,1.0,7.258367272021066
Cholera,Northern Mindanao,2027-02-01,1.0,1.0,6.486927724809432
Cholera,Northern Mindanao,2027-03-01,1.0,1.0,7.020162264374633
Cholera,Northern Mindanao,2027-04-01,1.0,1.0,6.44392095473121
Cholera,Northern Mindanao,2027-05-01,1.0,1.0,6.1517488789171155
Cholera,Northern Mindanao,2027-06-01,1.0,1.0,6.496540058121465
Cholera,Northern Mindanao,2027-07-01,1.0,1.0,6.881830354230266
Cholera,SOCCSKSARGEN,2025-10-01,15.209244135598198,1.0,40.108778880302765
Cholera,SOCCSKSARGEN,2025-11-01,15.421547467132683,1.0,39.83674864501442
Cholera,SOCCSKSARGEN,2025-12-01,20.847894155017567,1.0,44.31606010984437
Cholera,SOCCSKSARGEN,2026-01-01,21.131126812084936,1.0,43.744015701806326
Cholera,SOCCSKSARGEN,2026-02-01,21.41435946915231,1.0,44.50365651605926
Cholera,SOCCSKSARGEN,2026-03-01,21.67018251424542,1.0,45.89869709461226
Cholera,SOCCSKSARGEN,2026-04-01,21.953415171312784,1.0,43.932375942158885
Cholera,SOCCSKSARGEN,2026-05-01,22.227511291055396,1.0,44.720265429073
Cholera,SOCCSKSARGEN,2026-06-01,16.87342831504595,1.0,39.72259096860708
Cholera,SOCCSKSARGEN,2026-07-01,17.07888315201481,1.0,40.31871712548083
Cholera,SOCCSKSARGEN,2026-08-01,17.291186483549293,1.0,41.00533756848202
Cholera,SOCCSKSARGEN,2026-09-01,17.503489815083782,1.0,40.812865177068346
Cholera,Western Visayas,2026-09-01,1.0,1.0,2.4579019521762757
Cholera,Western Visayas,2026-10-01,1.0,1.0,2.2711005188264166
Cholera,Western Visayas,2026-11-01,1.0,1.0,2.267664153771722
Cholera,Western Visayas,2026-12-01,1.0,1.0,4.9770526064445955
Cholera,Western Visayas,2027-01-01,1.0,1.0,4.603611501772667
Cholera,Western Visayas,2027-02-01,1.0,1.0,4.5542605369131755
Cholera,Western Visayas,2027-03-01,1.0,1.0,4.3113766723454905
Cholera,Western Visayas,2027-04-01,1.0,1.0,4.284559885011836
Cholera,Western Visayas,2027-05-01,1.0,1.0,4.009599909700503
Cholera,Western Visayas,2027-06-01,1.0,1.0,0.020620548897827065
Cholera,Western Visayas,2027-07-01,1.0,1.0,-0.1559226363575177
Cholera,Western Visayas,2027-08-01,1.0,1.0,-0.7807163316245561
Cholera,Zamboanga Peninsula,2026-10-01,7.489713974741442,1.0,14.598481857752907
Cholera,Zamboanga Peninsula,2026-11-01,7.572859976922745,1.5941160733512747,14.359430045387239
Cholera,Zamboanga Peninsula,2026-12-01,12.269947773407212,5.679756203858528,19.265665751195407
Cholera,Zamboanga Peninsula,2027-01-01,12.403248953956625,5.751381252057288,19.33966177846031
Cholera,Zamboanga Peninsula,2027-02-01,12.53655013450604,5.717384272536351,19.780723961889983
Cholera,Zamboanga Peninsula,2027-03-01,12.656951200808736,5.769753746082635,19.184049959381365
Cholera,Zamboanga Peninsula,2027-04-01,12.79025238135815,6.675381407610864,19.464682810450196
Cholera,Zamboanga Peninsula,2027-05-01,12.919253523825324,6.244865082291806,19.31211897407308
Cholera,Zamboanga Peninsula,2027-06-01,8.141471346678745,1.9365432091642278,14.722476002258391
Cholera,Zamboanga Peninsula,2027-07-01,8.221935219757425,1.4697529491065688,14.83317346789402
Cholera,Zamboanga Peninsula,2027-08-01,8.305081221938728,1.0,14.585534716403183
Cholera,Zamboanga Peninsula,2027-09-01,8.388227224120028,1.4225630938990659,14.696405817587511
Dengue,Bangsamoro (BARMM),2026-09-01,948.0803836971181,526.9473182178184,1341.408992068114
Dengue,Bangsamoro (BARMM),2026-10-01,955.041261501712,554.1860982850039,1337.730644190224
Dengue,Bangsamoro (BARMM),2026-11-01,962.2341685664591,531.5892131274074,1363.6929131973222
Dengue,Bangsamoro (BARMM),2026-12-01,564.74980600381,188.26500131671625,948.2083374800169
Dengue,Bangsamoro (BARMM),2027-01-01,568.9411118556396,178.8737155684294,969.3712498467149
Dengue,Bangsamoro (BARMM),2027-02-01,573.1324177074692,188.78132730393136,965.1248016788754
Dengue,Bangsamoro (BARMM),2027-03-01,576.9181133155735,178.1936417845895,996.6948672522933
Dengue,Bangsamoro (BARMM),2027-04-01,581.1094191674031,175.82849551980485,961.1010213452128
Dengue,Bangsamoro (BARMM),2027-05-01,585.1655216046577,196.2702742905318,1008.5938018019966
Dengue,Bangsamoro (BARMM),2027-06-01,1011.4243717189222,616.9710869149111,1416.5372017127647
Dengue,Bangsamoro (BARMM),2027-07-01,1018.3852495235164,635.9748478642751,1427.3647999418922
Dengue,Bangsamoro (BARMM),2027-08-01,1025.5781565882633,623.2318479059533,1430.4829876709005
Dengue,Bicol Region,2026-09-01,528.5996852022189,202.46602242663965,873.1789673840454
Dengue,Bicol Region,2026-10-01,544.7546864454772,227.36269290063382,852.5256858284874
Dengue,Bicol Region,2026-11-01,561.4481877301778,225.74871799046798,901.8335504255034
Dengue,Bicol Region,2026-12-01,40.778975008432226,1.0,343.30265362690915
Dengue,Bicol Region,2027-01-01,41.95754168653854,1.0,389.0722029878551
Dengue,Bicol Region,2027-02-01,43.136108364644855,1.0,384.368458968725
Dengue,Bicol Region,2027-03-01,44.20062020293442,1.0,341.22673786919086
Dengue,Bicol Region,2027-04-01,45.37918688104073,1.0,378.63389032133307
Dengue,Bicol Region,2027-05-01,46.51973527920813,1.0,398.20066666739314
Dengue,Bicol Region,2027-06-01,675.6101965158712,327.0691192169415,1011.9552296446586
Dengue,Bicol Region,2027-07-01,691.7651977591297,351.3466459827517,1030.1507229117417
Dengue,Bicol Region,2027-08-01,708.45869904383,370.91422888447596,1059.8514488150554
Dengue,CALABARZON,2026-09-01,3198.947496955977,212.32728957027393,6194.0670030740175
Dengue,CALABARZON,2026-10-01,3112.0696824519628,1.0,6220.3338873787125
Dengue,CALABARZON,2026-11-01,3022.2959407978124,1.0,6177.356469426172
Dengue,CALABARZON,2026-12-01,197.4497250118098,1.0,3557.742246290385
Dengue,CALABARZON,2027-01-01,191.41113022215592,1.0,3386.8590115597185
Dengue,CALABARZON,2027-02-01,185.37253543250213,1.0,3256.050489093194
Dengue,CALABARZON,2027-03-01,179.91832078378258,1.0,3224.7924994822033
Dengue,CALABARZON,2027-04-01,173.87972599412865,1.0,3073.6963201256403
Dengue,CALABARZON,2027-05-01,168.03592458478624,1.0,3223.0318573513355
Dengue,CALABARZON,2027-06-01,2408.3593849694334,1.0,5406.70916276289
Dengue,CALABARZON,2027-07-01,2321.4815704654175,1.0,5693.6608803424515
Dengue,CALABARZON,2027-08-01,2231.7078288112684,1.0,5638.42732335685
Dengue,Cagayan Valley,2026-09-01,1506.2848149224344,416.46133742914697,2613.184457670502
Dengue,Cagayan Valley,2026-10-01,1511.560141103797,514.6188312265879,2567.933024117058
Dengue,Cagayan Valley,2026-11-01,1517.011311491205,431.72335301853724,2617.471889941371
Dengue,Cagayan Valley,2026-12-01,577.9513287558872,1.0,1660.487734939907
Dengue,Cagayan Valley,2027-01-01,580.0209200475076,1.0,1643.2743293918493
Dengue,Cagayan Valley,2027-02-01,582.090511339128,1.0,1672.1673407722647
Dengue,Cagayan Valley,2027-03-01,583.9598196025273,1.0,1630.7826426440968
Dengue,Cagayan Valley,2027-04-01,586.0294108941478,1.0,1650.2937691825114
Dengue,Cagayan Valley,2027-05-01,588.0322411763611,1.0,1502.0876109575388
Dengue,Cagayan Valley,2027-06-01,1554.2902831728359,517.6618326517164,2659.410719214762
Dengue,Cagayan Valley,2027-07-01,1559.5656093541986,529.7040531973004,2614.243194749898
Dengue,Cagayan Valley,2027-08-01,1565.016779741607,423.4128067435466,2650.204157831632
Dengue,Caraga,2026-09-01,729.9074012182164,1.0,1505.5648362898903
Dengue,Caraga,2026-10-01,731.7253717347147,1.0,1499.7474831024767
Dengue,Caraga,2026-11-01,733.6039412684296,1.0,1537.05579648242
Dengue,Caraga,2026-12-01,628.7029012713731,1.0,1412.3711831229348
Dengue,Caraga,2027-01-01,630.308866632427,1.0,1387.8056664466078
Dengue,Caraga,2027-02-01,631.9148319934809,1.0,1358.425531799329
Dengue,Caraga,2027-03-01,633.3653813518521,1.0,1369.6863004457186
Dengue,Caraga,2027-04-01,634.971346712906,1.0,1363.8416237425124
Dengue,Caraga,2027-05-01,636.5255067397324,1.0,1434.1270794779161
Dengue,Caraga,2027-06-01,746.4509329183516,1.0,1461.7819251564126
Dengue,Caraga,2027-07-01,748.2689034348499,1.0,1471.5281624413874
Dengue,Caraga,2027-08-01,750.1474729685649,1.0,1563.518958193813
Dengue,Central Luzon,2026-09-01,6177.481121273428,3217.7581190463316,9147.016263939602
Dengue,Central Luzon,2026-10-01,6217.120713078635,3223.783317358663,8986.028319577204
Dengue,Central Luzon,2026-11-01,6258.081624610684,3553.562516296255,9279.763582028001
Dengue,Central Luzon,2026-12-01,2861.02997750548,1.0,5694.116960392115
Dengue,Central Luzon,2027-01-01,2879.6383585010803,1.0,5818.102062954879
Dengue,Central Luzon,2027-02-01,2898.24673949668,144.74158849974418,5702.2624459916715
Dengue,Central Luzon,2027-03-01,2915.0543094281893,1.0,5718.886884460899
Dengue,Central Luzon,2027-04-01,2933.662690423789,111.55516401978431,5729.357502120532
Dengue,Central Luzon,2027-05-01,2951.6708010646926,1.0,5731.910609425019
Dengue,Central Luzon,2027-06-01,6538.201406700819,3642.5671332141164,9610.993410049905
Dengue,Central Luzon,2027-07-01,6577.840998506028,3457.7998667611496,9627.382306107887
Dengue,Central Luzon,2027-08-01,6618.801910038075,3535.2837622914035,9801.52989646664
Dengue,Central Visayas,2026-09-01,1871.7205198464233,121.65266157514883,3683.9258866117043
Dengue,Central Visayas,2026-10-01,1878.5383648431723,68.01706089341612,3701.254580589145
Dengue,Central Visayas,2026-11-01,1885.583471339813,133.57455274384296,3662.976565400469
Dengue,Central Visayas,2026-12-01,1101.924521330215,1.0,2838.2491771174805
Dengue,Central Visayas,2027-01-01,1106.0268095378028,1.0,2848.3483834250237
Dengue,Central Visayas,2027-02-01,1110.1290977453907,1.0,2857.509010532647
Dengue,Central Visayas,2027-03-01,1113.8343903199866,1.0,2939.241453844038
Dengue,Central Visayas,2027-04-01,1117.9366785275743,1.0,2855.5149177492804
Dengue,Central Visayas,2027-05-01,1121.9066348574981,1.0,2780.16425277684
Dengue,Central Visayas,2027-06-01,1933.7629093168407,125.42249986698184,3721.538292387583
Dengue,Central Visayas,2027-07-01,1940.58075431359,214.07365708490374,3564.4433475005303
Dengue,Central Visayas,2027-08-01,1947.6258608102307,302.4242279549226,3612.9395847748106
Dengue,Cordillera Administrative Region,2026-09-01,1737.7421606368903,730.904853771719,2796.219830003544
Dengue,Cordillera Administrative Region,2026-10-01,1785.533228638692,762.0988949311649,2837.6943219981495
Dengue,Cordillera Administrative Region,2026-11-01,1834.9173322405547,755.4679979682832,2871.8333462691958
Dengue,Cordillera Administrative Region,2026-12-01,47.39303594683829,1.0,1041.3333134214536
Dengue,Cordillera Administrative Region,2027-01-01,48.636171950748505,1.0,1077.3691852931677
Dengue,Cordillera Administrative Region,2027-02-01,49.8793079546587,1.0,1044.8106730450177
Dengue,Cordillera Administrative Region,2027-03-01,51.00214047431953,1.0,1039.3043341345854
Dengue,Cordillera Administrative Region,2027-04-01,52.24527647822974,1.0,1041.6859347799386
Dengue,Cordillera Administrative Region,2027-05-01,53.44831132072349,1.0,1103.4763145898648
Dengue,Cordillera Administrative Region,2027-06-01,2172.6408794532913,1.0,4693.666931915005
Dengue,Cordillera Administrative Region,2027-07-01,2220.431947455094,1.0,5130.440456602223
Dengue,Cordillera Administrative Region,2027-08-01,2269.816051056956,1.0,5708.969223161196
Dengue,Davao Region,2026-09-01,2386.1356690624475,1374.772202113687,3319.9295184956063
Dengue,Davao Region,2026-10-01,2408.185893570928,1476.8650693847353,3431.776538728166
Dengue,Davao Region,2026-11-01,2430.9711255630245,1503.372747705559,3308.27204193489
Dengue,Davao Region,2026-12-01,1515.2754247453659,607.7576240812328,2471.9925787609845
Dengue,Davao Region,2027-01-01,1529.3502725177827,681.5900137989157,2451.980209631406
Dengue,Davao Region,2027-02-01,1543.4251202901999,621.7142302695958,2448.1797343759586
Dengue,Davao Region,2027-03-01,1556.1378860201253,656.103000975452,2462.6741855915793
Dengue,Davao Region,2027-04-01,1570.2127337925424,670.2772884891189,2507.141258626409
Dengue,Davao Region,2027-05-01,1583.8335542174623,699.9916728837903,2524.0585740955903
Dengue,Davao Region,2027-06-01,2586.7927120896193,1580.7626316081135,3518.3679404920777
Dengue,Davao Region,2027-07-01,2608.8429365981,1707.7271045315774,3541.1085134646646
Dengue,Davao Region,2027-08-01,2631.6281685901963,1635.4012612183997,3497.2902864570547
Dengue,Eastern Visayas,2026-09-01,156.59227864478405,1.0,1031.4037311265859
Dengue,Eastern Visayas,2026-10-01,135.4123969172277,1.0,1027.6787848773563
Dengue,Eastern Visayas,2026-11-01,113.52651913208561,1.0,1061.2611405273483
Dengue,Eastern Visayas,2026-12-01,5.755700682477641,1.0,945.6437979350662
Dengue,Eastern Visayas,2027-01-01,4.391616778125468,1.0,939.0371591666085
Dengue,Eastern Visayas,2027-02-01,3.0275328737733234,1.0,1015.9183108804499
Dengue,Eastern Visayas,2027-03-01,1.795457089197209,1.0,922.0875592615093
Dengue,Eastern Visayas,2027-04-01,1.0,1.0,952.9807399069451
Dengue,Eastern Visayas,2027-05-01,1.0,1.0,882.7080764035732
Dengue,Eastern Visayas,2027-06-01,1.0,1.0,935.5433022048381
Dengue,Eastern Visayas,2027-07-01,1.0,1.0,931.0658545015531
Dengue,Eastern Visayas,2027-08-01,1.0,1.0,956.6846918565271
Dengue,Ilocos Region,2026-09-01,2263.621613017877,1470.5634826735816,3065.3679970300927
Dengue,Ilocos Region,2026-10-01,2288.065330348543,1420.9736544109762,3106.092207160109
Dengue,Ilocos Region,2026-11-01,2313.323838256899,1499.8749663434508,3082.5740591830154
Dengue,Ilocos Region,2026-12-01,205.2664378822515,1.0,988.308576446538
Dengue,Ilocos Region,2027-01-01,207.48424774627185,1.0,1051.4212329456052
Dengue,Ilocos Region,2027-02-01,209.70205761029217,1.0,1004.0417309381231
Dengue,Ilocos Region,2027-03-01,211.7052407132783,1.0,982.7729527400913
Dengue,Ilocos Region,2027-04-01,213.92305057729868,1.0,1057.6362549349174
Dengue,Ilocos Region,2027-05-01,216.06931818764093,1.0,992.3643966794242
Dengue,Ilocos Region,2027-06-01,2486.059440726943,1697.9890499588528,3296.214264940732
Dengue,Ilocos Region,2027-07-01,2510.5031580576097,1638.2868427831265,3338.6059717663748
Dengue,Ilocos Region,2027-08-01,2535.761665965965,1688.0459594991755,3398.019505728329
Dengue,MIMAROPA,2026-09-01,1769.7729993970784,924.2547777038831,2607.941766783474
Dengue,MIMAROPA,2026-10-01,1781.5275216446116,1026.0598058702406,2606.0681326672784
Dengue,MIMAROPA,2026-11-01,1793.673861300396,987.3420868297308,2566.8398250375694
Dengue,MIMAROPA,2026-12-01,827.7304996737679,25.38854706120144,1633.5787463616646
Dengue,MIMAROPA,2027-01-01,833.2992034141691,66.76005685429784,1674.720915942658
Dengue,MIMAROPA,2027-02-01,838.8679071545702,44.593459464268676,1656.2508017917728
Dengue,MIMAROPA,2027-03-01,843.8977040813842,68.8493129455246,1686.2121105250972
Dengue,MIMAROPA,2027-04-01,849.4664078217854,56.230497011552586,1608.354822150246
Dengue,MIMAROPA,2027-05-01,854.8554759576574,28.207743836026403,1663.2594811017925
Dengue,MIMAROPA,2027-06-01,1876.739151849632,1056.1407210449593,2667.5212357842447
Dengue,MIMAROPA,2027-07-01,1888.4936740971652,1082.3269084082654,2715.6297605806512
Dengue,MIMAROPA,2027-08-01,1900.6400137529497,1084.307371270381,2627.571944700639
Dengue,National,2026-09-01,40374.013406166436,21743.390551039258,57859.47186298996
Dengue,National,2026-10-01,40687.67620515975,21266.302307539747,60242.05900297814
Dengue,National,2026-11-01,41011.79443078616,22522.82546731931,59062.67220557331
Dengue,National,2026-12-01,13966.855415049447,1.0,32227.035641021415
Dengue,National,2027-01-01,14076.39836262135,1.0,31955.957913279755
Dengue,National,2027-02-01,14185.941310193248,1.0,32176.143937776113
Dengue,National,2027-03-01,14284.883327354966,1.0,33363.93187600515
Dengue,National,2027-04-01,14394.42627492687,1.0,33976.680724620725
Dengue,National,2027-05-01,14500.43557902871,1.0,33581.80656532767
Dengue,National,2027-06-01,43228.34487700554,24538.009545204193,63768.08896717155
Dengue,National,2027-07-01,43542.00767599886,24626.077309381817,61555.12244461415
Dengue,National,2027-08-01,43866.12590162528,25528.123605300003,63106.60813842451
Dengue,National Capital Region,2026-09-01,3745.0055690773543,1180.0807735536694,6313.122986718704
Dengue,National Capital Region,2026-10-01,3760.3706105601414,1204.0505281238625,6471.415916960175
Dengue,National Capital Region,2026-11-01,3776.2478200923542,1164.4794115679686,6447.940685862232
Dengue,National Capital Region,2026-12-01,2052.6676712673843,1.0,4470.144409426748
Dengue,National Capital Region,2027-01-01,2061.2631254729,1.0,4639.321281843822
Dengue,National Capital Region,2027-02-01,2069.8585796784155,1.0,4583.61987824693
Dengue,National Capital Region,2027-03-01,2077.62221573501,1.0,4594.479591720911
Dengue,National Capital Region,2027-04-01,2086.2176699405254,1.0,4625.929773723495
Dengue,National Capital Region,2027-05-01,2094.535851429734,1.0,4856.309571962776
Dengue,National Capital Region,2027-06-01,3884.827446570716,1351.0968748899497,6399.607729304437
Dengue,National Capital Region,2027-07-01,3900.192488053503,1466.969579201897,6379.450295770962
Dengue,National Capital Region,2027-08-01,3916.069697585716,1435.8610583519476,6523.92923990009
Dengue,Negros Island Region,2026-09-01,520.2209715452469,1.0,1369.347323046503
Dengue,Negros Island Region,2026-10-01,462.71463703335576,1.0,1311.2340786161665
Dengue,Negros Island Region,2026-11-01,403.29142470440064,1.0,1304.226167450776
Dengue,Negros Island Region,2026-12-01,15.804361999689448,1.0,862.9788882645004
Dengue,Negros Island Region,2027-01-01,13.088380352509763,1.0,896.6446974208242
Dengue,Negros Island Region,2027-02-01,10.372398705330147,1.0,884.3278261900256
Dengue,Negros Island Region,2027-03-01,7.919253991748538,1.0,868.6470979497769
Dengue,Negros Island Region,2027-04-01,5.203272344568887,1.0,867.9334421075146
Dengue,Negros Island Region,2027-05-01,2.5749030085885485,1.0,888.4785233315201
Dengue,Negros Island Region,2027-06-01,1.0,1.0,933.0978477573208
Dengue,Negros Island Region,2027-07-01,1.0,1.0,870.663633627563
Dengue,Negros Island Region,2027-08-01,1.0,1.0,873.9002301367742
Dengue,Northern Mindanao,2026-09-01,1295.5664257077844,192.47882783133593,2492.134858041243
Dengue,Northern Mindanao,2026-10-01,1291.3426309827869,191.05735158392602,2416.8598019045025
Dengue,Northern Mindanao,2026-11-01,1286.9780431002894,108.73503809402804,2427.5621686641616
Dengue,Northern Mindanao,2026-12-01,780.678589554682,1.0,1915.141602285156
Dengue,Northern Mindanao,2027-01-01,778.0223205800042,1.0,1890.1067345382414
Dengue,Northern Mindanao,2027-02-01,775.3660516053263,1.0,1878.5320699541307
Dengue,Northern Mindanao,2027-03-01,772.9668409185206,1.0,1957.868553436778
Dengue,Northern Mindanao,2027-04-01,770.3105719438425,1.0,1945.7174928085296
Dengue,Northern Mindanao,2027-05-01,767.739989065122,1.0,1896.435874690947
Dengue,Northern Mindanao,2027-06-01,1257.129893710307,2.5582404724407053,2423.292978955739
Dengue,Northern Mindanao,2027-07-01,1252.9060989853094,86.53494244124289,2481.0382046051363
Dengue,Northern Mindanao,2027-08-01,1248.541511102812,97.62979657512211,2413.944142541755
Dengue,SOCCSKSARGEN,2026-09-01,1437.5266172507165,519.2253073005799,2374.688315516776
Dengue,SOCCSKSARGEN,2026-10-01,1442.8615908173008,464.8880597476848,2383.1678153905464
Dengue,SOCCSKSARGEN,2026-11-01,1448.3743968361048,403.50779208022897,2479.697589311991
Dengue,SOCCSKSARGEN,2026-12-01,1011.4165070672481,97.03792834144201,1999.6765758101442
Dengue,SOCCSKSARGEN,2027-01-01,1015.2520350766282,108.26515215466668,2020.740040216946
Dengue,SOCCSKSARGEN,2027-02-01,1019.0875630860082,76.35211772161503,1991.8108235081156
Dengue,SOCCSKSARGEN,2027-03-01,1022.5519109654483,101.38680334696328,2005.85007420558
Dengue,SOCCSKSARGEN,2027-04-01,1026.3874389748285,70.81132743398614,2003.441095691674
Dengue,SOCCSKSARGEN,2027-05-01,1030.0992402742286,75.55624443328189,1965.6438258445107
Dengue,SOCCSKSARGEN,2027-06-01,1486.0748767066334,540.6636897786896,2502.9003985727336
Dengue,SOCCSKSARGEN,2027-07-01,1491.4098502732177,547.7762036035782,2510.1463416469687
Dengue,SOCCSKSARGEN,2027-08-01,1496.9226562920212,549.2814870962794,2465.4290405711076
Dengue,Western Visayas,2026-09-01,877.9682595624295,1.0,2510.5179037825837
Dengue,Western Visayas,2026-10-01,787.0270740733312,1.0,2499.1840894860884
Dengue,Western Visayas,2026-11-01,693.0545157345932,1.0,2322.215386269091
Dengue,Western Visayas,2026-12-01,21.848826675600076,1.0,1570.1171301520553
Dengue,Western Visayas,2027-01-01,18.438853774703375,1.0,1660.4499926360716
Dengue,Western Visayas,2027-02-01,15.028880873806779,1.0,1708.5427990187102
Dengue,Western Visayas,2027-03-01,11.948905350416227,1.0,1592.1441405257165
Dengue,Western Visayas,2027-04-01,8.53893244951958,1.0,1723.6428802220432
Dengue,Western Visayas,2027-05-01,5.238958674458264,1.0,1755.1249231184745
Dengue,Western Visayas,2027-06-01,50.40347161162013,1.0,2080.0063083764403
Dengue,Western Visayas,2027-07-01,1.0,1.0,2291.478213739807
Dengue,Western Visayas,2027-08-01,1.0,1.0,2279.195631848489
Dengue,Zamboanga Peninsula,2026-09-01,1355.867821388664,488.5211437311221,2282.55087442968
Dengue,Zamboanga Peninsula,2026-10-01,1352.8679006642528,417.41171309582495,2189.523057103679
Dengue,Zamboanga Peninsula,2026-11-01,1349.767982582361,419.6213074109625,2195.1055514896625
Dengue,Zamboanga Peninsula,2026-12-01,100.87947761482764,1.0,1009.7558896185928
Dengue,Zamboanga Peninsula,2027-01-01,100.64727867455977,1.0,1001.1416423740066
Dengue,Zamboanga Peninsula,2027-02-01,100.41507973429194,1.0,1021.5651420958885
Dengue,Zamboanga Peninsula,2027-03-01,100.2053516592113,1.0,992.1338549683376
Dengue,Zamboanga Peninsula,2027-04-01,99.97315271894345,1.0,1058.6970029065967
Dengue,Zamboanga Peninsula,2027-05-01,99.74844406707133,1.0,1070.1615665705192
Dengue,Zamboanga Peninsula,2027-06-01,1328.5685427965207,377.88110329710923,2195.769363986217
Dengue,Zamboanga Peninsula,2027-07-01,1325.5686220721093,456.62889403883366,2312.997303749987
Dengue,Zamboanga Peninsula,2027-08-01,1322.4687039902176,386.6625287974652,2323.44708622174
Typhoid Fever,Bangsamoro (BARMM),2026-10-01,176.06825201829,88.46844867169216,265.4277205201506
Typhoid Fever,Bangsamoro (BARMM),2026-11-01,176.76785185905027,82.81022070700041,256.35767497647925
Typhoid Fever,Bangsamoro (BARMM),2026-12-01,153.6768370753143,63.478603512478806,243.33951861915907
Typhoid Fever,Bangsamoro (BARMM),2027-01-01,154.28272825879213,63.566847451547105,247.06808711470023
Typhoid Fever,Bangsamoro (BARMM),2027-02-01,154.88861944226994,65.21339339711928,242.7265879609192
Typhoid Fever,Bangsamoro (BARMM),2027-03-01,155.43587599508862,62.244073790943,244.65920324881057
Typhoid Fever,Bangsamoro (BARMM),2027-04-01,156.04176717856643,70.56430820148825,243.81050974544243
Typhoid Fever,Bangsamoro (BARMM),2027-05-01,156.62811348515788,72.72946130696458,247.95007063506677
Typhoid Fever,Bangsamoro (BARMM),2027-06-01,181.55221206037865,90.81978480527955,268.41150922187694
Typhoid Fever,Bangsamoro (BARMM),2027-07-01,182.22924416434023,94.58292646068698,266.8031384065487
Typhoid Fever,Bangsamoro (BARMM),2027-08-01,182.9288440051005,93.00943922804944,271.07836917456586
Typhoid Fever,Bangsamoro (BARMM),2027-09-01,183.6284438458608,100.31933249183531,272.04999469632156
Typhoid Fever,Bicol Region,2026-10-01,24.170034172836775,8.298632167763044,39.925031002995546
Typhoid Fever,Bicol Region,2026-11-01,24.20806298049503,7.8518642130244345,40.036480109336814
Typhoid Fever,Bicol Region,2026-12-01,23.90375658151119,8.867027963753356,40.23101822435707
Typhoid Fever,Bicol Region,2027-01-01,23.94125035016622,8.747510044777515,38.70140256575598
Typhoid Fever,Bicol Region,2027-02-01,23.97874411882125,8.457161731154748,39.27693193904698
Typhoid Fever,Bicol Region,2027-03-01,24.012609458251607,9.330013810696968,39.01887806950093
Typhoid Fever,Bicol Region,2027-04-01,24.050103226906636,7.7112041216561416,39.87021028919315
Typhoid Fever,Bicol Region,2027-05-01,24.086387519153437,9.143661184502621,39.699970529539186
Typhoid Fever,Bicol Region,2027-06-01,24.46813095544824,9.44587391963846,40.70124844002447
Typhoid Fever,Bicol Region,2027-07-01,24.50493302737558,8.911284831532289,39.22645516583864
Typhoid Fever,Bicol Region,2027-08-01,24.542961835033832,9.448436483006507,39.95794744639263
Typhoid Fever,Bicol Region,2027-09-01,24.580990642692083,9.568506090453562,39.52238530577229
Typhoid Fever,CALABARZON,2026-10-01,62.02563257395568,1.0,129.76398478224866
Typhoid Fever,CALABARZON,2026-11-01,61.527006311709044,1.0,133.48570753242367
Typhoid Fever,CALABARZON,2026-12-01,47.34528870660929,1.0,121.95717738708606
Typhoid Fever,CALABARZON,2027-01-01,46.95856069723709,1.0,120.06717776017324
Typhoid Fever,CALABARZON,2027-02-01,46.5718326878649,1.0,116.90086420615944
Typhoid Fever,CALABARZON,2027-03-01,46.22252996972227,1.0,117.02877564797927
Typhoid Fever,CALABARZON,2027-04-01,45.835801960350075,1.0,111.89878356998513
Typhoid Fever,CALABARZON,2027-05-01,45.461549048054394,1.0,118.07335341676414
Typhoid Fever,CALABARZON,2027-06-01,58.117046066667484,1.0,131.222945923442
Typhoid Fever,CALABARZON,2027-07-01,57.63450452255782,1.0,126.09954571520153
Typhoid Fever,CALABARZON,2027-08-01,57.13587826031118,1.0,126.06545321712065
Typhoid Fever,CALABARZON,2027-09-01,56.63725199806454,1.0,125.46086997849176
Typhoid Fever,Cagayan Valley,2026-10-01,166.80261446108003,85.99425887454164,248.70539781333687
Typhoid Fever,Cagayan Valley,2026-11-01,168.16921402297183,92.13564528972076,238.3009671523389
Typhoid Fever,Cagayan Valley,2026-12-01,132.61512082537328,58.5402388271782,208.8640770096221
Typhoid Fever,Cagayan Valley,2027-01-01,133.68438695600395,54.80590243442629,207.5260776737422
Typhoid Fever,Cagayan Valley,2027-02-01,134.75365308663456,62.427602075610366,206.71253382816482
Typhoid Fever,Cagayan Valley,2027-03-01,135.71944184978486,68.28950898488299,210.93299700599354
Typhoid Fever,Cagayan Valley,2027-04-01,136.7887079804155,59.39738881118549,214.65784524707524
Typhoid Fever,Cagayan Valley,2027-05-01,137.82348165521935,62.435293506255206,206.59578650013884
Typhoid Fever,Cagayan Valley,2027-06-01,177.51499167203838,99.87970907352879,246.36335451569627
Typhoid Fever,Cagayan Valley,2027-07-01,178.837507377095,102.87103336076488,254.173508758004
Typhoid Fever,Cagayan Valley,2027-08-01,180.2041069389868,107.5479829448466,252.7994420534262
Typhoid Fever,Cagayan Valley,2027-09-01,181.5707065008786,104.31589335173899,254.84208316429715
Typhoid Fever,Caraga,2026-10-01,73.80672939146888,47.11933284162603,99.34963856014754
Typhoid Fever,Caraga,2026-11-01,74.70043554207086,49.80711456453033,102.08232159242581
Typhoid Fever,Caraga,2026-12-01,59.00928598583496,33.06340598437467,85.30300315392823
Typhoid Fever,Caraga,2027-01-01,59.70718506293713,31.645375620151874,86.61261930910425
Typhoid Fever,Caraga,2027-02-01,60.40508414003929,33.43719926185803,87.14498106307533
Typhoid Fever,Caraga,2027-03-01,61.03544459677675,34.87263988132303,86.01562559556066
Typhoid Fever,Caraga,2027-04-01,61.733343673878906,34.97876865220641,89.92042555608815
Typhoid Fever,Caraga,2027-05-01,62.40872987752617,37.38995815254031,89.17451175083991
Typhoid Fever,Caraga,2027-06-01,80.8122324429619,53.233687478797464,105.05828814776065
Typhoid Fever,Caraga,2027-07-01,81.67710936289932,55.053498967305664,106.64521951481001
Typhoid Fever,Caraga,2027-08-01,82.57081551350133,57.708253791842566,108.74982831748812
Typhoid Fever,Caraga,2027-09-01,83.46452166410329,57.36644406341803,109.85012456894374
Typhoid Fever,Central Luzon,2026-10-01,123.98223893106183,73.0962128874282,172.54633709453213
Typhoid Fever,Central Luzon,2026-11-01,124.82401216132065,75.93148483278902,174.41048579914693
Typhoid Fever,Central Luzon,2026-12-01,87.58905754270563,39.10383758007318,136.38588513497717
Typhoid Fever,Central Luzon,2027-01-01,88.17590032403683,39.16809069099769,137.07086217193358
Typhoid Fever,Central Luzon,2027-02-01,88.76274310536802,41.69615197630728,141.6047791875442
Typhoid Fever,Central Luzon,2027-03-01,89.2927946497962,37.347348421499156,140.14912156036752
Typhoid Fever,Central Luzon,2027-04-01,89.87963743112739,40.383110865731716,134.83124030038346
Typhoid Fever,Central Luzon,2027-05-01,90.44754980015759,40.08643820229652,138.2404312226104
Typhoid Fever,Central Luzon,2027-06-01,130.58065489728435,84.14298804369874,180.52573803512544
Typhoid Fever,Central Luzon,2027-07-01,131.39527415237356,81.41045502899672,176.9565901667305
Typhoid Fever,Central Luzon,2027-08-01,132.23704738263243,84.07937854310632,180.07548901324898
Typhoid Fever,Central Luzon,2027-09-01,133.07882061289123,83.92844842850243,180.3324392151473
Typhoid Fever,Central Visayas,2026-10-01,122.80689948488696,51.031491632412205,192.3723806937265
Typhoid Fever,Central Visayas,2026-11-01,123.4236582395676,51.325864311344525,197.35706612812652
Typhoid Fever,Central Visayas,2026-12-01,101.91544645487421,32.28193701718881,178.21219421101745
Typhoid Fever,Central Visayas,2027-01-01,102.42227583320906,32.40934013169762,177.0974421869934
Typhoid Fever,Central Visayas,2027-02-01,102.92910521154391,31.08150390471854,178.70355464655196
Typhoid Fever,Central Visayas,2027-03-01,103.38688658552377,29.2509719785774,166.5059187151469
Typhoid Fever,Central Visayas,2027-04-01,103.89371596385861,33.47177636821374,175.42119398256912
Typhoid Fever,Central Visayas,2027-05-01,104.38419600740846,34.14578880596634,173.68101551786916
Typhoid Fever,Central Visayas,2027-06-01,127.64149230383505,54.2938522496961,194.05481026461217
Typhoid Fever,Central Visayas,2027-07-01,128.23835561481633,57.155164625096425,201.20389033124414
Typhoid Fever,Central Visayas,2027-08-01,128.85511436949696,57.75516914315439,202.50344513082717
Typhoid Fever,Central Visayas,2027-09-01,129.47187312417753,63.47493198193361,204.03029005033773
Typhoid Fever,Cordillera Administrative Region,2026-10-01,247.10371353745703,57.24427792086845,415.44381747848354
Typhoid Fever,Cordillera Administrative Region,2026-11-01,246.4678316992569,78.47987767717353,421.6517641902038
Typhoid Fever,Cordillera Administrative Region,2026-12-01,162.27606156056362,1.0,346.5128509776602
Typhoid Fever,Cordillera Administrative Region,2027-01-01,161.85634479463545,1.0,340.17442229520276
Typhoid Fever,Cordillera Administrative Region,2027-02-01,161.43662802870728,1.0,344.57623443424313
Typhoid Fever,Cordillera Administrative Region,2027-03-01,161.05752901432052,1.0,349.40832441867445
Typhoid Fever,Cordillera Administrative Region,2027-04-01,160.63781224839238,1.0,341.97405699312355
Typhoid Fever,Cordillera Administrative Region,2027-05-01,160.23163473297802,1.0,346.42393214317457
Typhoid Fever,Cordillera Administrative Region,2027-06-01,242.11922041866268,63.93903963499477,408.65621597169195
Typhoid Fever,Cordillera Administrative Region,2027-07-01,241.50385089782392,66.47438759260503,430.6366352812666
Typhoid Fever,Cordillera Administrative Region,2027-08-01,240.86796905962382,64.34439175168204,417.64088480857293
Typhoid Fever,Cordillera Administrative Region,2027-09-01,240.23208722142368,63.32209148711626,421.06827368868386
Typhoid Fever,Davao Region,2026-10-01,80.59228541651389,51.53467771686013,111.75326383868233
Typhoid Fever,Davao Region,2026-11-01,81.29532598476972,50.9015725117953,110.79875514910678
Typhoid Fever,Davao Region,2026-12-01,67.44484501882005,36.85611397167895,95.65815840559667
Typhoid Fever,Davao Region,2027-01-01,68.02326605347086,37.354156734510376,96.65939871105596
Typhoid Fever,Davao Region,2027-02-01,68.60168708812166,37.93124559123055,94.89982746828692
Typhoid Fever,Davao Region,2027-03-01,69.12413189361273,41.58274762872526,98.05952740426409
Typhoid Fever,Davao Region,2027-04-01,69.70255292826354,41.478122124939574,98.11523720566849
Typhoid Fever,Davao Region,2027-05-01,70.26231521986111,40.43746154981413,98.60142002497196
Typhoid Fever,Davao Region,2027-06-01,86.10321632251939,57.396420338308964,116.59450995190606
Typhoid Fever,Davao Region,2027-07-01,86.783578162767,59.146498070026176,114.07833788487517
Typhoid Fever,Davao Region,2027-08-01,87.48661873102283,57.96998248706243,115.13971034027819
Typhoid Fever,Davao Region,2027-09-01,88.18965929927867,57.48600266376637,117.82810182461601
Typhoid Fever,Eastern Visayas,2026-10-01,12.538452522772682,1.0,35.65137762260303
Typhoid Fever,Eastern Visayas,2026-11-01,12.407987094644325,1.0,35.60363840085386
Typhoid Fever,Eastern Visayas,2026-12-01,14.977581157161795,1.0,38.57729238410849
Typhoid Fever,Eastern Visayas,2027-01-01,14.818478449187642,1.0,37.66190079931804
Typhoid Fever,Eastern Visayas,2027-02-01,14.659375741213491,1.0,37.44438519074095
Typhoid Fever,Eastern Visayas,2027-03-01,14.515670069494899,1.0,39.5418775716443
Typhoid Fever,Eastern Visayas,2027-04-01,14.35656736152075,1.0,37.392013412926325
Typhoid Fever,Eastern Visayas,2027-05-01,14.202596998965118,1.0,38.82884186075081
Typhoid Fever,Eastern Visayas,2027-06-01,11.515771908734264,1.0,34.347716649816874
Typhoid Fever,Eastern Visayas,2027-07-01,11.389515042803591,1.0,34.82960753747934
Typhoid Fever,Eastern Visayas,2027-08-01,11.259049614675234,1.0,33.113363957049906
Typhoid Fever,Eastern Visayas,2027-09-01,11.128584186546878,1.0,34.42108403105829
Typhoid Fever,Ilocos Region,2026-10-01,97.0546532647491,29.70770030339388,173.08320081802125
Typhoid Fever,Ilocos Region,2026-11-01,96.5975883447423,23.836366566493783,174.70411545714833
Typhoid Fever,Ilocos Region,2026-12-01,59.13111834071608,1.0,136.98946928964418
Typhoid Fever,Ilocos Region,2027-01-01,58.85004419272801,1.0,134.09005632636993
Typhoid Fever,Ilocos Region,2027-02-01,58.56897004473994,1.0,127.84008668464863
Typhoid Fever,Ilocos Region,2027-03-01,58.31509662075072,1.0,130.48431341236747
Typhoid Fever,Ilocos Region,2027-04-01,58.03402247276266,1.0,139.6964117065817
Typhoid Fever,Ilocos Region,2027-05-01,57.762015232774196,1.0,126.50876039353648
Typhoid Fever,Ilocos Region,2027-06-01,93.47185405308271,16.331679630241783,162.0680092263263
Typhoid Fever,Ilocos Region,2027-07-01,93.02953316275351,20.72323806937546,162.76971646545346
Typhoid Fever,Ilocos Region,2027-08-01,92.57246824274668,15.902402885823815,168.07707677309517
Typhoid Fever,Ilocos Region,2027-09-01,92.11540332273987,12.232943647883491,161.57050214836215
Typhoid Fever,MIMAROPA,2026-10-01,191.18031814080462,126.61527845063249,261.9845795109057
Typhoid Fever,MIMAROPA,2026-11-01,192.9183890840861,124.21085721600487,260.10990196683116
Typhoid Fever,MIMAROPA,2026-12-01,151.39258822808907,81.9703479708028,219.99152320041227
Typhoid Fever,MIMAROPA,2027-01-01,152.74474920921432,86.56029605876543,219.1997295955145
Typhoid Fever,MIMAROPA,2027-02-01,154.09691019033954,88.9910327661864,216.65422249140244
Typhoid Fever,MIMAROPA,2027-03-01,155.3182168829688,89.50753574819382,220.76282551659548
Typhoid Fever,MIMAROPA,2027-04-01,156.67037786409404,92.29663881721135,221.89134207887307
Typhoid Fever,MIMAROPA,2027-05-01,157.97892074905397,93.78518060030356,226.34369081373757
Typhoid Fever,MIMAROPA,2027-06-01,204.80455166394685,139.63146890707304,274.2569865103628
Typhoid Fever,MIMAROPA,2027-07-01,206.48655580260643,144.41253394117717,271.29052263048163
Typhoid Fever,MIMAROPA,2027-08-01,208.22462674588792,138.0144272400613,278.21160186329524
Typhoid Fever,MIMAROPA,2027-09-01,209.96269768916943,143.98535163502453,278.9519566771079
Typhoid Fever,National,2026-10-01,2139.2126227351014,1198.5055755841047,3114.0786382504007
Typhoid Fever,National,2026-11-01,2146.506749880518,1189.2761006567816,3109.5991622004403
Typhoid Fever,National,2026-12-01,1701.853486518944,739.3840067444323,2574.8689626056293
Typhoid Fever,National,2027-01-01,1707.6176646864562,729.4482622554411,2698.823430705914
Typhoid Fever,National,2027-02-01,1713.3818428539685,804.2416340979887,2718.1972150597876
Typhoid Fever,National,2027-03-01,1718.5881973278506,718.9984604323398,2659.8108881757
Typhoid Fever,National,2027-04-01,1724.3523754953628,813.0124320779889,2746.9362409573464
Typhoid Fever,National,2027-05-01,1729.930612431665,769.2406058258515,2649.266376588233
Typhoid Fever,National,2027-06-01,2196.389167778205,1224.3576265093884,3146.5135296551584
Typhoid Fever,National,2027-07-01,2203.4480004995758,1213.3311660343475,3118.3759983733194
Typhoid Fever,National,2027-08-01,2210.7421276449923,1203.9912417552653,3149.6875279272967
Typhoid Fever,National,2027-09-01,2218.036254790409,1318.5875592542438,3168.9498044758034
Typhoid Fever,National Capital Region,2026-10-01,64.20957304927848,1.0,135.8955752833072
Typhoid Fever,National Capital Region,2026-11-01,64.95473098980695,1.0,142.37161048018478
Typhoid Fever,National Capital Region,2026-12-01,64.77207777293064,1.0,139.6692370840266
Typhoid Fever,National Capital Region,2027-01-01,65.50698149960917,1.0,141.56870176471776
Typhoid Fever,National Capital Region,2027-02-01,66.24188522628766,1.0,142.0577299580768
Typhoid Fever,National Capital Region,2027-03-01,66.90566923748118,1.0,143.51719258056448
Typhoid Fever,National Capital Region,2027-04-01,67.64057296415967,1.0,140.76310249506517
Typhoid Fever,National Capital Region,2027-05-01,68.35177011900986,1.0,148.86775143324823
Typhoid Fever,National Capital Region,2027-06-01,70.05064980890494,1.0,151.75823771695195
Typhoid Fever,National Capital Region,2027-07-01,70.77177039651313,1.0,150.73306537455
Typhoid Fever,National Capital Region,2027-08-01,71.51692833704162,1.0,150.26003607496298
Typhoid Fever,National Capital Region,2027-09-01,72.26208627757008,1.0,150.5138884149632
Typhoid Fever,Negros Island Region,2026-10-01,150.30800974551286,48.2838507345819,249.90610189010008
Typhoid Fever,Negros Island Region,2026-11-01,150.51022003563793,51.79523503931438,249.19877825102049
Typhoid Fever,Negros Island Region,2026-12-01,115.03910681152314,16.75823596174398,218.545480560063
Typhoid Fever,Negros Island Region,2027-01-01,115.19346102074674,12.416357693082277,206.83301863888462
Typhoid Fever,Negros Island Region,2027-02-01,115.34781522997034,12.969825942527716,217.62624184120693
Typhoid Fever,Negros Island Region,2027-03-01,115.48723193507551,17.293585991955247,217.8071367554373
Typhoid Fever,Negros Island Region,2027-04-01,115.64158614429911,23.596049782799383,219.2994296496891
Typhoid Fever,Negros Island Region,2027-05-01,115.79096118548324,24.03360272982405,212.99422533051154
Typhoid Fever,Negros Island Region,2027-06-01,151.8930775035899,53.2876596106394,249.12657433946816
Typhoid Fever,Negros Island Region,2027-07-01,152.08876488113023,59.39392651417501,250.57343765304904
Typhoid Fever,Negros Island Region,2027-08-01,152.2909751712553,52.305464841856086,246.62922775672945
Typhoid Fever,Negros Island Region,2027-09-01,152.49318546138036,52.79231011352348,245.30304881317738
Typhoid Fever,Northern Mindanao,2026-10-01,288.07284761943197,202.97920256050224,373.884372359019
Typhoid Fever,Northern Mindanao,2026-11-01,290.20576823436556,196.94534925627508,380.84220543772983
Typhoid Fever,Northern Mindanao,2026-12-01,201.62926121159015,110.89726246529642,288.3753251316038
Typhoid Fever,Northern Mindanao,2027-01-01,203.1007067143422,111.21967260950765,294.444376519953
Typhoid Fever,Northern Mindanao,2027-02-01,204.5721522170942,118.06144184716905,300.6759345905825
Typhoid Fever,Northern Mindanao,2027-03-01,205.90119976796706,114.930273394286,295.0856181642716
Typhoid Fever,Northern Mindanao,2027-04-01,207.37264527071903,110.59447001367337,293.89569203665695
Typhoid Fever,Northern Mindanao,2027-05-01,208.79662478951136,119.24229479843385,300.97489186815636
Typhoid Fever,Northern Mindanao,2027-06-01,304.79219308487916,216.56898622431044,397.35601776774547
Typhoid Fever,Northern Mindanao,2027-07-01,306.85630980900845,214.83932146115328,396.1286715597774
Typhoid Fever,Northern Mindanao,2027-08-01,308.98923042394205,214.3778672955403,401.79833476937546
Typhoid Fever,Northern Mindanao,2027-09-01,311.12215103887564,225.95192146544787,411.8655685154899
Typhoid Fever,SOCCSKSARGEN,2026-10-01,76.3868228201654,1.0,149.638476004408
Typhoid Fever,SOCCSKSARGEN,2026-11-01,76.01712311538313,1.0,154.94871768908143
Typhoid Fever,SOCCSKSARGEN,2026-12-01,73.92920415151495,1.0,155.16422993829408
Typhoid Fever,SOCCSKSARGEN,2027-01-01,73.56795857861643,1.0,150.53779143675567
Typhoid Fever,SOCCSKSARGEN,2027-02-01,73.2067130057179,1.0,156.25178098149783
Typhoid Fever,SOCCSKSARGEN,2027-03-01,72.88042668180955,1.0,150.1921162527568
Typhoid Fever,SOCCSKSARGEN,2027-04-01,72.51918110891106,1.0,150.4414255917013
Typhoid Fever,SOCCSKSARGEN,2027-05-01,72.16958861900925,1.0,151.85117606564395
Typhoid Fever,SOCCSKSARGEN,2027-06-01,73.48885416654954,1.0,150.43657233212596
Typhoid Fever,SOCCSKSARGEN,2027-07-01,73.13108025869573,1.0,152.94490426135533
Typhoid Fever,SOCCSKSARGEN,2027-08-01,72.76138055391345,1.0,155.69739912042084
Typhoid Fever,SOCCSKSARGEN,2027-09-01,72.3916808491312,1.0,148.88898894301786
Typhoid Fever,Western Visayas,2026-10-01,155.54918805488043,96.57725186507976,216.51806311628283
Typhoid Fever,Western Visayas,2026-11-01,157.2532714618538,98.49059313683517,215.8120880675836
Typhoid Fever,Western Visayas,2026-12-01,80.68426318664679,20.53506552435352,137.37226768822708
Typhoid Fever,Western Visayas,2027-01-01,81.5495284536719,23.46663825797439,138.77511626738382
Typhoid Fever,Western Visayas,2027-02-01,82.41479372069699,18.359280783810007,139.54068028182166
Typhoid Fever,Western Visayas,2027-03-01,83.19632363930033,28.83673110390906,140.71153384973303
Typhoid Fever,Western Visayas,2027-04-01,84.06158890632544,26.61844108834691,139.97793942630963
Typhoid Fever,Western Visayas,2027-05-01,84.8989423905433,29.117582802982145,145.4833884521263
Typhoid Fever,Western Visayas,2027-06-01,168.9070031482526,108.49444499487748,229.37303941228015
Typhoid Fever,Western Visayas,2027-07-01,170.556116122743,109.84721745688756,229.1403419526278
Typhoid Fever,Western Visayas,2027-08-01,172.26019952971643,116.43646535438519,230.8489425339066
Typhoid Fever,Western Visayas,2027-09-01,173.9642829366898,115.43725977839864,233.8450122204822
Typhoid Fever,Zamboanga Peninsula,2026-10-01,127.62361639833397,58.255040474006634,196.5104940060546
Typhoid Fever,Zamboanga Peninsula,2026-11-01,128.06626352460157,62.38758545074547,195.03229878943938
Typhoid Fever,Zamboanga Peninsula,2026-12-01,104.93802437113256,36.36745514645154,175.06499960804803
Typhoid Fever,Zamboanga Peninsula,2027-01-01,105.29952207967838,32.88303200527178,175.3902617768817
Typhoid Fever,Zamboanga Peninsula,2027-02-01,105.66101978822424,39.59002961925959,175.53625553849537
Typhoid Fever,Zamboanga Peninsula,2027-03-01,105.98753384755598,35.599146940725205,174.11456999983199
Typhoid Fever,Zamboanga Peninsula,2027-04-01,106.3490315561018,38.906445481459194,169.679855112405
Typhoid Fever,Zamboanga Peninsula,2027-05-01,106.69886804824296,40.76009237419397,178.50590363547684
Typhoid Fever,Zamboanga Peninsula,2027-06-01,131.0933987106897,67.76187375339887,200.42436172727628
Typhoid Fever,Zamboanga Peninsula,2027-07-01,131.5217668974003,60.397892258528934,196.08170692812382
Typhoid Fever,Zamboanga Peninsula,2027-08-01,131.96441402366793,65.63384687444464,199.2463780802513
Typhoid Fever,Zamboanga Peninsula,2027-09-01,132.40706114993552,63.34660635434781,200.8633675513104
