Year,Morbidity Month,Morbidity Week,Region,Province,Province/City,Age,Sex,Case Classification,Admitted,Outcome
2018,1,1,7,CEBU,CEBU CITY,23,F,C,Y,A
2018,1,1,7,CEBU,CEBU,14,F,C,N,A
2018,1,1,NCR,NCR,QUEZON CITY,29,M,C,N,A
2018,1,1,7,CEBU,LAPU-LAPU CITY (OPON),13,M,C,Y,A
2018,1,2,7,CEBU,CEBU CITY,25,M,C,Y,A
2018,1,2,7,CEBU,CEBU CITY,23,F,C,Y,A
2018,1,2,7,CEBU,CEBU,9,M,C,N,A
2018,1,3,6,NEGROS OCCIDENTAL,NEGROS OCCIDENTAL,16,F,C,N,A
2018,1,3,9,ZAMBOANGA DEL SUR,ZAMBOANGA CITY,41,F,C,Y,A
2018,1,3,7,BOHOL,BOHOL,51,F,C,N,A
2018,1,4,NCR,NCR,CITY OF MANILA,26,F,C,Y,A
2018,1,4,5,CAMARINES NORTE,CAMARINES NORTE,23,M,C,Y,A
2018,1,4,4A,LAGUNA,LAGUNA,25,M,C,Y,A
2018,1,5,NCR,NCR,CITY OF MUNTINLUPA,0,M,C,Y,A
2018,1,5,10,MISAMIS ORIENTAL,CAGAYAN DE ORO CITY,11,F,C,Y,A
2018,2,5,CAR,BENGUET,BENGUET,39,F,C,Y,A
2018,2,6,BARMM,SULU,SULU,34,M,C,Y,A
2018,2,6,7,CEBU,CEBU CITY,16,M,C,Y,A
2018,2,6,NCR,NCR,CITY OF MANILA,45,F,C,Y,A
2018,2,6,NCR,NCR,CITY OF MANILA,18,M,C,N,A
2018,2,6,7,CEBU,CEBU,34,M,C,Y,A
2018,2,6,7,CEBU,CEBU,22,M,C,Y,A
2018,2,6,4A,RIZAL,RIZAL,27,M,C,N,A
2018,2,7,NCR,NCR,CITY OF MAKATI,33,M,C,Y,A
2018,2,7,6,NEGROS OCCIDENTAL,NEGROS OCCIDENTAL,15,F,C,N,A
2018,2,7,7,CEBU,MANDAUE CITY,,F,C,Y,A
2018,2,7,CAR,IFUGAO,IFUGAO,24,F,C,Y,A
2018,2,8,7,CEBU,CEBU CITY,32,M,C,Y,A
2018,2,8,7,CEBU,CEBU,8,F,C,N,A
2018,2,8,7,CEBU,CEBU,16,F,C,N,A
2018,2,8,10,MISAMIS ORIENTAL,CAGAYAN DE ORO CITY,9,F,C,Y,A
2018,2,8,10,MISAMIS ORIENTAL,CAGAYAN DE ORO CITY,6,M,C,Y,A
2018,2,8,CAR,IFUGAO,IFUGAO,10,F,C,N,A
2018,2,8,CAR,IFUGAO,IFUGAO,25,F,C,N,A
2018,2,9,7,CEBU,CEBU,7,M,C,Y,A
2018,2,9,7,CEBU,CEBU,31,M,C,Y,A
2018,2,9,7,CEBU,LAPU-LAPU CITY (OPON),27,M,C,Y,A
2018,2,9,CARAGA,AGUSAN DEL NORTE,BUTUAN CITY,45,M,C,Y,A
2018,2,9,7,BOHOL,BOHOL,53,M,C,Y,A
2018,2,9,9,ZAMBOANGA DEL SUR,ZAMBOANGA DEL SUR,23,F,C,Y,A
2018,2,9,10,BUKIDNON,BUKIDNON,40,M,C,Y,A
2018,3,9,6,NEGROS OCCIDENTAL,NEGROS OCCIDENTAL,24,F,C,Y,A
2018,3,9,4A,RIZAL,RIZAL,8,F,C,Y,A
2018,3,9,5,CAMARINES NORTE,CAMARINES NORTE,9,M,C,Y,A
2018,3,9,7,BOHOL,BOHOL,13,M,C,Y,A
2018,3,10,11,DAVAO DEL SUR,DAVAO CITY,24,F,C,Y,A
2018,3,10,7,CEBU,CEBU,8,F,C,N,A
2018,3,10,4A,CAVITE,CAVITE,33,F,C,Y,A
2018,3,10,7,NEGROS ORIENTAL,NEGROS ORIENTAL,10,F,C,Y,A
2018,3,10,7,CEBU,LAPU-LAPU CITY (OPON),29,M,C,Y,A
2018,3,10,7,CEBU,LAPU-LAPU CITY (OPON),42,M,C,Y,A
2018,3,10,7,CEBU,LAPU-LAPU CITY (OPON),25,M,C,Y,A
2018,3,10,7,CEBU,LAPU-LAPU CITY (OPON),18,M,C,Y,A
2018,3,10,10,MISAMIS ORIENTAL,CAGAYAN DE ORO CITY,13,F,C,Y,A
2018,3,10,3,BULACAN,BULACAN,78,F,C,Y,A
2018,3,11,9,CITY OF ISABELA (NOT A PROVINCE),CITY OF ISABELA,54,M,C,Y,A
2018,3,11,7,CEBU,CEBU CITY,30,M,C,Y,A
2018,3,11,9,ZAMBOANGA SIBUGAY,ZAMBOANGA SIBUGAY,48,M,C,Y,A
2018,3,11,6,NEGROS OCCIDENTAL,BACOLOD CITY,24,M,C,N,A
2018,3,11,2,ISABELA,ISABELA,34,F,C,Y,A
2018,3,11,7,BOHOL,BOHOL,0,M,C,Y,A
2018,3,11,7,BOHOL,BOHOL,41,F,C,Y,A
2018,3,12,7,CEBU,CEBU CITY,18,F,C,Y,A
2018,3,12,7,CEBU,CEBU CITY,22,F,C,Y,A
2018,3,12,6,GUIMARAS,GUIMARAS,72,F,C,N,A
2018,3,12,7,BOHOL,BOHOL,54,M,C,Y,A
2018,3,12,7,BOHOL,BOHOL,55,F,C,Y,A
2018,3,13,7,CEBU,CEBU CITY,31,M,C,Y,A
2018,3,13,6,NEGROS OCCIDENTAL,NEGROS OCCIDENTAL,26,M,C,Y,A
2018,3,13,4A,RIZAL,RIZAL,32,M,C,N,A
2018,3,13,BARMM,LANAO DEL SUR,LANAO DEL SUR,83,F,C,Y,A
2018,3,13,BARMM,LANAO DEL SUR,LANAO DEL SUR,19,M,C,Y,A
2018,3,13,2,NUEVA VIZCAYA,NUEVA VIZCAYA,30,M,C,Y,A
2018,3,13,7,BOHOL,BOHOL,13,F,C,Y,A
2018,4,14,CARAGA,SURIGAO DEL NORTE,SURIGAO DEL NORTE,3,F,C,Y,A
2018,4,14,7,CEBU,CEBU CITY,36,F,C,Y,A
2018,4,14,7,CEBU,CEBU CITY,21,F,C,Y,A
2018,4,14,6,NEGROS OCCIDENTAL,BACOLOD CITY,39,F,C,Y,A
2018,4,14,6,NEGROS OCCIDENTAL,NEGROS OCCIDENTAL,8,M,C,Y,A
2018,4,14,2,QUIRINO,QUIRINO,15,M,C,Y,A
2018,4,14,7,CEBU,LAPU-LAPU CITY (OPON),20,M,C,Y,A
2018,4,15,7,CEBU,CEBU,26,F,C,Y,A
2018,4,15,6,NEGROS OCCIDENTAL,NEGROS OCCIDENTAL,18,F,C,N,A
2018,4,15,4A,CAVITE,CAVITE,7,M,C,Y,A
2018,4,15,7,CEBU,MANDAUE CITY,22,M,C,Y,A
2018,4,16,9,CITY OF ISABELA (NOT A PROVINCE),CITY OF ISABELA,57,F,C,Y,A
2018,4,16,CARAGA,SURIGAO DEL NORTE,SURIGAO DEL NORTE,22,F,C,Y,A
2018,4,16,NCR,NCR,CITY OF MUNTINLUPA,28,M,C,Y,A
2018,4,16,7,NEGROS ORIENTAL,NEGROS ORIENTAL,11,F,C,Y,A
2018,4,16,7,BOHOL,BOHOL,19,M,C,Y,A
2018,4,17,7,CEBU,CEBU CITY,25,M,C,Y,A
2018,4,17,NCR,NCR,CITY OF MANILA,54,M,C,Y,A
2018,4,17,6,NEGROS OCCIDENTAL,NEGROS OCCIDENTAL,29,M,C,Y,A
2018,4,17,CAR,BENGUET,BENGUET,22,M,C,Y,A
2018,4,18,CARAGA,SURIGAO DEL NORTE,SURIGAO DEL NORTE,7,F,C,Y,A
2018,4,18,9,ZAMBOANGA SIBUGAY,ZAMBOANGA SIBUGAY,54,M,C,Y,A
2018,4,18,CAR,BENGUET,BAGUIO CITY,36,M,C,Y,A
2018,5,18,6,NEGROS OCCIDENTAL,BACOLOD CITY,32,M,C,Y,A
2018,5,18,6,NEGROS OCCIDENTAL,NEGROS OCCIDENTAL,12,M,C,Y,A
2018,5,18,NCR,NCR,CITY OF MANILA,62,M,C,N,A
2018,5,18,NCR,NCR,CITY OF MANILA,61,F,C,Y,A
2018,5,18,7,CEBU,CEBU,34,M,C,Y,A
2018,5,18,4A,CAVITE,CAVITE,54,M,C,Y,A
2018,5,18,9,ZAMBOANGA DEL SUR,ZAMBOANGA CITY,37,M,C,Y,A
2018,5,19,6,NEGROS OCCIDENTAL,BACOLOD CITY,7,M,C,Y,A
2018,5,19,NCR,NCR,PASAY CITY,14,M,C,Y,A
2018,5,19,2,ISABELA,ISABELA,23,M,C,Y,A
2018,5,20,7,CEBU,CEBU CITY,24,F,C,Y,A
2018,5,20,NCR,NCR,CITY OF MANILA,22,M,C,Y,A
2018,5,20,7,CEBU,CEBU,18,F,C,Y,A
2018,5,20,7,CEBU,CEBU,16,M,C,Y,A
2018,5,20,6,NEGROS OCCIDENTAL,NEGROS OCCIDENTAL,17,F,C,Y,A
2018,5,20,7,BOHOL,BOHOL,50,M,C,Y,A
2018,5,21,7,CEBU,CEBU CITY,32,M,C,N,A
2018,5,21,6,NEGROS OCCIDENTAL,NEGROS OCCIDENTAL,6,F,C,Y,A
2018,5,21,6,NEGROS OCCIDENTAL,NEGROS OCCIDENTAL,15,M,C,Y,A
2018,5,21,6,NEGROS OCCIDENTAL,NEGROS OCCIDENTAL,27,F,C,Y,A
2018,5,21,7,BOHOL,BOHOL,23,M,C,Y,A
2018,5,21,3,PAMPANGA,PAMPANGA,20,M,C,Y,A
2018,5,22,NCR,NCR,CITY OF MAKATI,42,M,C,Y,A
2018,5,22,12,COTABATO (NORTH COTABATO),COTABATO (NORTH COTABATO),51,F,C,Y,A
2018,5,22,12,COTABATO (NORTH COTABATO),COTABATO (NORTH COTABATO),20,F,C,Y,A
2018,5,22,2,NUEVA VIZCAYA,NUEVA VIZCAYA,29,F,C,Y,A
2018,6,22,CARAGA,SURIGAO DEL NORTE,SURIGAO DEL NORTE,36,M,C,Y,A
2018,6,22,12,COTABATO (NORTH COTABATO),COTABATO (NORTH COTABATO),31,M,C,Y,A
2018,6,22,7,NEGROS ORIENTAL,NEGROS ORIENTAL,27,M,C,Y,A
2018,6,22,7,NEGROS ORIENTAL,NEGROS ORIENTAL,40,F,C,Y,A
2018,6,22,NCR,NCR,QUEZON CITY,13,F,C,Y,A
2018,6,23,4A,CAVITE,CAVITE,14,F,C,Y,A
2018,6,23,2,ISABELA,ISABELA,25,M,C,Y,A
2018,6,23,2,ISABELA,ISABELA,38,M,C,Y,A
2018,6,24,9,ZAMBOANGA DEL SUR,ZAMBOANGA CITY,78,F,C,Y,A
2018,6,24,9,ZAMBOANGA SIBUGAY,ZAMBOANGA SIBUGAY,10,F,C,Y,A
2018,6,24,6,NEGROS OCCIDENTAL,NEGROS OCCIDENTAL,31,M,C,Y,A
2018,6,24,6,NEGROS OCCIDENTAL,NEGROS OCCIDENTAL,9,F,C,Y,A
2018,6,24,6,NEGROS OCCIDENTAL,NEGROS OCCIDENTAL,25,F,C,Y,A
2018,6,24,NCR,NCR,CITY OF MANILA,38,F,C,Y,A
2018,6,24,NCR,NCR,CITY OF PARAÑAQUE,81,F,C,Y,A
2018,6,24,12,COTABATO (NORTH COTABATO),COTABATO (NORTH COTABATO),15,M,C,Y,A
2018,6,24,7,CEBU,LAPU-LAPU CITY (OPON),6,M,C,Y,A
2018,6,24,CAR,BENGUET,BENGUET,0,M,C,Y,A
2018,6,25,6,NEGROS OCCIDENTAL,NEGROS OCCIDENTAL,32,F,C,Y,A
2018,6,25,4A,BATANGAS,BATANGAS,20,M,C,Y,A
2018,6,26,CARAGA,SURIGAO DEL NORTE,SURIGAO DEL NORTE,11,M,C,N,A
2018,6,26,6,NEGROS OCCIDENTAL,BACOLOD CITY,21,F,C,Y,A
2018,6,26,6,NEGROS OCCIDENTAL,NEGROS OCCIDENTAL,40,F,C,Y,A
2018,6,26,6,CAPIZ,CAPIZ,9,M,C,Y,A
2018,6,26,4A,BATANGAS,BATANGAS,54,F,C,Y,A
2018,6,26,3,BULACAN,BULACAN,53,F,C,N,A
2018,6,26,4B,PALAWAN,PALAWAN,31,M,C,Y,A
2018,6,26,6,ILOILO,ILOILO,13,F,C,Y,A
2018,7,27,NCR,NCR,CALOOCAN CITY,23,M,C,N,A
2018,7,27,CARAGA,SURIGAO DEL NORTE,SURIGAO DEL NORTE,2,M,C,N,A
2018,7,27,7,CEBU,CEBU CITY,38,M,C,Y,A
2018,7,27,6,NEGROS OCCIDENTAL,BACOLOD CITY,44,F,C,Y,A
2018,7,27,7,CEBU,CEBU,51,F,C,Y,A
2018,7,27,9,ZAMBOANGA DEL SUR,ZAMBOANGA CITY,11,F,C,Y,A
2018,7,27,4A,LAGUNA,LAGUNA,14,M,C,Y,A
2018,7,27,2,ISABELA,ISABELA,7,F,C,Y,A
2018,7,27,6,ILOILO,ILOILO,18,F,C,N,A
2018,7,28,CARAGA,SURIGAO DEL NORTE,SURIGAO DEL NORTE,32,F,C,N,A
2018,7,28,6,NEGROS OCCIDENTAL,NEGROS OCCIDENTAL,16,M,C,Y,A
2018,7,28,4A,CAVITE,CAVITE,76,F,C,N,A
2018,7,28,4A,CAVITE,CAVITE,37,F,C,N,A
2018,7,28,10,LANAO DEL NORTE,LANAO DEL NORTE,0,F,C,Y,A
2018,7,28,4B,PALAWAN,PALAWAN,26,M,C,N,A
2018,7,29,6,NEGROS OCCIDENTAL,NEGROS OCCIDENTAL,32,M,C,Y,A
2018,7,29,7,CEBU,LAPU-LAPU CITY (OPON),57,F,C,Y,A
2018,7,29,7,BOHOL,BOHOL,19,M,C,N,A
2018,7,29,10,BUKIDNON,BUKIDNON,17,M,C,Y,A
2018,7,30,CARAGA,SURIGAO DEL NORTE,SURIGAO DEL NORTE,6,M,C,Y,A
2018,7,30,6,NEGROS OCCIDENTAL,NEGROS OCCIDENTAL,58,M,C,Y,A
2018,7,30,4A,CAVITE,CAVITE,21,F,C,Y,A
2018,7,30,7,NEGROS ORIENTAL,NEGROS ORIENTAL,12,F,C,Y,A
2018,7,30,7,CEBU,LAPU-LAPU CITY (OPON),25,M,C,Y,A
2018,7,30,9,ZAMBOANGA DEL SUR,ZAMBOANGA CITY,25,M,C,Y,A
2018,7,30,4A,QUEZON,QUEZON,53,M,C,Y,A
2018,7,30,6,ILOILO,ILOILO,18,F,C,Y,A
2018,7,30,6,ILOILO,ILOILO,16,M,C,N,A
2018,7,30,6,ILOILO,ILOILO,13,M,C,N,A
2018,7,30,6,ILOILO,ILOILO,,F,C,N,A
2018,7,30,6,ILOILO,ILOILO,19,M,C,N,A
2018,7,30,6,ILOILO,ILOILO,13,M,C,N,A
2018,7,30,6,ILOILO,ILOILO,,M,C,N,A
2018,7,30,6,ILOILO,ILOILO,16,M,C,N,A
2018,7,30,6,ILOILO,ILOILO,18,M,C,Y,A
2018,7,30,6,ILOILO,ILOILO,,M,C,N,A
2018,7,30,6,ILOILO,ILOILO,,M,C,N,A
2018,7,30,6,ILOILO,ILOILO,14,M,C,N,A
2018,7,30,6,ILOILO,ILOILO,,F,C,N,A
2018,7,30,6,ILOILO,ILOILO,15,M,C,N,A
2018,7,30,6,ILOILO,ILOILO,,M,C,N,A
2018,7,30,6,ILOILO,ILOILO,,F,C,N,A
2018,7,30,6,ILOILO,ILOILO,18,M,C,N,A
2018,7,30,6,ILOILO,ILOILO,,F,C,N,A
2018,7,30,6,ILOILO,ILOILO,13,F,C,N,A
2018,7,30,6,ILOILO,ILOILO,,F,C,N,A
2018,7,30,6,ILOILO,ILOILO,,M,C,N,A
2018,7,30,6,ILOILO,ILOILO,13,M,C,N,A
2018,7,30,6,ILOILO,ILOILO,14,M,C,N,A
2018,7,30,6,ILOILO,ILOILO,16,M,C,Y,A
2018,7,30,6,ILOILO,ILOILO,,F,C,N,A
2018,7,30,6,ILOILO,ILOILO,,F,C,N,A
2018,7,30,6,ILOILO,ILOILO,,M,C,N,A
2018,7,30,6,ILOILO,ILOILO,,F,C,N,A
2018,7,30,6,ILOILO,ILOILO,,M,C,N,A
2018,7,30,6,ILOILO,ILOILO,,F,C,N,A
2018,7,30,6,ILOILO,ILOILO,,F,C,N,A
2018,7,30,6,ILOILO,ILOILO,,F,C,N,A
2018,7,30,6,ILOILO,ILOILO,,M,C,N,A
2018,7,30,6,ILOILO,ILOILO,15,M,C,N,A
2018,7,30,6,ILOILO,ILOILO,13,F,C,N,A
2018,7,30,6,ILOILO,ILOILO,13,F,C,N,A
2018,7,30,6,ILOILO,ILOILO,13,F,C,N,A
2018,7,30,6,ILOILO,ILOILO,,M,C,N,A
2018,7,30,6,ILOILO,ILOILO,,F,C,N,A
2018,7,30,6,ILOILO,ILOILO,,F,C,N,A
2018,7,30,6,ILOILO,ILOILO,,F,C,N,A
2018,7,30,6,ILOILO,ILOILO,,F,C,N,A
2018,7,30,6,ILOILO,ILOILO,,M,C,N,A
2018,7,30,1,ILOCOS SUR,ILOCOS SUR,32,M,C,Y,A
2018,7,31,7,NEGROS ORIENTAL,NEGROS ORIENTAL,36,M,C,N,A
2018,7,31,6,ILOILO,ILOILO,17,M,C,N,A
2018,7,31,6,ILOILO,ILOILO,17,M,C,Y,A
2018,7,31,6,ILOILO,ILOILO,18,F,C,N,A
2018,8,31,9,ZAMBOANGA SIBUGAY,ZAMBOANGA SIBUGAY,29,F,C,Y,A
2018,8,31,6,NEGROS OCCIDENTAL,NEGROS OCCIDENTAL,6,M,C,N,A
2018,8,31,9,ZAMBOANGA DEL SUR,ZAMBOANGA CITY,26,M,C,Y,A
2018,8,31,7,CEBU,LAPU-LAPU CITY (OPON),26,F,C,Y,A
2018,8,31,4B,PALAWAN,PALAWAN,22,F,C,N,A
2018,8,31,6,ILOILO,ILOILO,15,F,C,Y,A
2018,8,31,6,ILOILO,ILOILO,13,M,C,N,A
2018,8,31,6,ILOILO,ILOILO,13,M,C,N,A
2018,8,31,6,ILOILO,ILOILO,15,F,C,N,A
2018,8,31,6,ILOILO,ILOILO,,F,C,N,A
2018,8,31,6,ILOILO,ILOILO,,F,C,N,A
2018,8,31,6,ILOILO,ILOILO,,M,C,N,A
2018,8,31,6,ILOILO,ILOILO,,M,C,N,A
2018,8,31,6,ILOILO,ILOILO,,M,C,N,A
2018,8,31,6,ILOILO,ILOILO,,M,C,N,A
2018,8,31,6,ILOILO,ILOILO,,F,C,N,A
2018,8,31,6,ILOILO,ILOILO,,F,C,N,A
2018,8,31,6,ILOILO,ILOILO,,M,C,N,A
2018,8,32,CARAGA,SURIGAO DEL NORTE,SURIGAO DEL NORTE,5,M,C,N,A
2018,8,32,2,ISABELA,CITY OF SANTIAGO,49,F,C,Y,A
2018,8,32,9,ZAMBOANGA DEL SUR,ZAMBOANGA CITY,23,M,C,Y,A
2018,8,32,4A,QUEZON,QUEZON,65,M,C,Y,A
2018,8,32,4A,BATANGAS,BATANGAS,9,M,C,N,A
2018,8,32,7,BOHOL,BOHOL,40,F,C,N,A
2018,8,32,6,ILOILO,ILOILO,15,F,C,N,A
2018,8,32,6,ILOILO,ILOILO,13,F,C,Y,A
2018,8,32,6,ILOILO,ILOILO,13,F,C,N,A
2018,8,32,6,ILOILO,ILOILO,16,F,C,N,A
2018,8,32,6,ILOILO,ILOILO,14,F,C,N,A
2018,8,32,6,ILOILO,ILOILO,15,M,C,N,A
2018,8,32,6,ILOILO,ILOILO,15,M,C,N,A
2018,8,32,6,ILOILO,ILOILO,15,F,C,N,A
2018,8,32,6,ILOILO,ILOILO,18,F,C,N,A
2018,8,32,6,ILOILO,ILOILO,13,F,C,N,A
2018,8,32,6,ILOILO,ILOILO,17,M,C,N,A
2018,8,32,6,ILOILO,ILOILO,19,M,C,N,A
2018,8,32,6,ILOILO,ILOILO,20,M,C,N,A
2018,8,32,6,ILOILO,ILOILO,16,M,C,Y,A
2018,8,32,6,ILOILO,ILOILO,17,F,C,N,A
2018,8,32,6,ILOILO,ILOILO,15,F,C,N,A
2018,8,32,6,ILOILO,ILOILO,,F,C,N,A
2018,8,32,6,ILOILO,ILOILO,,M,C,N,A
2018,8,32,6,ILOILO,ILOILO,,M,C,N,A
2018,8,32,6,ILOILO,ILOILO,,F,C,N,A
2018,8,32,6,ILOILO,ILOILO,,M,C,N,A
2018,8,32,6,ILOILO,ILOILO,,F,C,N,A
2018,8,33,9,ZAMBOANGA DEL SUR,ZAMBOANGA CITY,27,F,C,Y,A
2018,8,33,9,ZAMBOANGA DEL SUR,ZAMBOANGA CITY,37,M,C,Y,A
2018,8,33,7,CEBU,LAPU-LAPU CITY (OPON),41,M,C,Y,A
2018,8,34,4A,RIZAL,RIZAL,58,M,C,Y,A
2018,8,34,4A,LAGUNA,LAGUNA,10,F,C,Y,A
2018,8,34,6,ILOILO,ILOILO,16,F,C,Y,A
2018,8,35,8,SOUTHERN LEYTE,SOUTHERN LEYTE,28,M,C,Y,A
2018,8,35,CARAGA,SURIGAO DEL NORTE,SURIGAO DEL NORTE,31,M,C,N,A
2018,8,35,6,NEGROS OCCIDENTAL,NEGROS OCCIDENTAL,9,M,C,Y,A
2018,8,35,CARAGA,SURIGAO DEL SUR,SURIGAO DEL SUR,15,M,C,Y,A
2018,8,35,6,NEGROS OCCIDENTAL,NEGROS OCCIDENTAL,22,M,C,Y,A
2018,8,35,NCR,NCR,CALOOCAN CITY,23,F,C,N,A
2018,8,35,7,CEBU,LAPU-LAPU CITY (OPON),16,M,C,Y,A
2018,8,35,12,SOUTH COTABATO,GENERAL SANTOS CITY (DADIANGAS),21,M,C,Y,A
2018,8,35,7,BOHOL,BOHOL,70,M,C,Y,A
2018,8,35,7,BOHOL,BOHOL,22,M,C,N,A
2018,8,35,10,LANAO DEL NORTE,ILIGAN CITY,14,M,C,Y,A
2018,8,35,6,ILOILO,ILOILO,16,M,C,Y,A
2018,8,35,6,ILOILO,ILOILO,17,M,C,Y,A
2018,9,35,12,SOUTH COTABATO,SOUTH COTABATO,4,F,C,Y,A
2018,9,36,NCR,NCR,CITY OF PARAÑAQUE,31,M,C,Y,A
2018,9,36,7,BOHOL,BOHOL,26,M,C,Y,A
2018,9,36,10,LANAO DEL NORTE,ILIGAN CITY,58,M,C,Y,A
2018,9,36,6,ILOILO,ILOILO,7,M,C,N,A
2018,9,36,6,ILOILO,ILOILO,13,M,C,Y,A
2018,9,37,7,CEBU,CEBU CITY,16,M,C,Y,A
2018,9,37,CARAGA,SURIGAO DEL SUR,SURIGAO DEL SUR,46,M,C,Y,A
2018,9,37,4A,LAGUNA,LAGUNA,6,M,C,N,A
2018,9,37,4A,LAGUNA,LAGUNA,14,F,C,N,A
2018,9,38,12,SOUTH COTABATO,SOUTH COTABATO,27,M,C,Y,A
2018,9,38,7,CEBU,CEBU CITY,32,F,C,Y,A
2018,9,38,7,CEBU,MANDAUE CITY,52,M,C,Y,A
2018,9,38,7,BOHOL,BOHOL,22,F,C,Y,A
2018,9,38,10,LANAO DEL NORTE,ILIGAN CITY,18,M,C,Y,A
2018,9,39,3,TARLAC,TARLAC,29,M,C,Y,A
2018,9,39,BARMM,TAWI-TAWI,TAWI-TAWI,26,F,C,Y,A
2018,10,40,CARAGA,SURIGAO DEL SUR,SURIGAO DEL SUR,53,F,C,Y,A
2018,10,40,NCR,NCR,QUEZON CITY,60,M,C,Y,A
2018,10,40,4A,LAGUNA,LAGUNA,4,M,C,Y,A
2018,10,40,9,ZAMBOANGA DEL SUR,ZAMBOANGA DEL SUR,49,M,C,Y,A
2018,10,41,CARAGA,SURIGAO DEL SUR,SURIGAO DEL SUR,16,F,C,Y,A
2018,10,41,CARAGA,SURIGAO DEL SUR,SURIGAO DEL SUR,21,F,C,Y,A
2018,10,41,10,BUKIDNON,BUKIDNON,35,M,C,Y,A
2018,10,42,9,ZAMBOANGA SIBUGAY,ZAMBOANGA SIBUGAY,10,M,C,Y,A
2018,10,42,12,SARANGANI,SARANGANI,24,M,C,Y,A
2018,10,42,4A,CAVITE,CAVITE,28,M,C,Y,A
2018,10,42,7,NEGROS ORIENTAL,NEGROS ORIENTAL,31,M,C,Y,A
2018,10,42,NCR,NCR,CALOOCAN CITY,6,M,C,Y,A
2018,10,42,4A,LAGUNA,LAGUNA,22,M,C,N,A
2018,10,42,4A,LAGUNA,LAGUNA,17,M,C,N,A
2018,10,43,7,NEGROS ORIENTAL,NEGROS ORIENTAL,18,M,C,Y,A
2018,10,43,11,DAVAO DEL NORTE,DAVAO DEL NORTE,26,M,C,Y,A
2018,10,43,4A,LAGUNA,LAGUNA,7,M,C,N,A
2018,10,43,9,ZAMBOANGA DEL NORTE,ZAMBOANGA DEL NORTE,30,F,C,Y,A
2018,10,44,3,TARLAC,TARLAC,57,F,C,Y,A
2018,10,44,9,ZAMBOANGA DEL SUR,ZAMBOANGA CITY,35,M,C,Y,A
2018,11,45,6,NEGROS OCCIDENTAL,NEGROS OCCIDENTAL,23,F,C,Y,A
2018,11,45,10,MISAMIS OCCIDENTAL,MISAMIS OCCIDENTAL,19,F,C,Y,A
2018,11,46,10,MISAMIS OCCIDENTAL,MISAMIS OCCIDENTAL,20,M,C,Y,A
2018,11,47,BARMM,BASILAN,BASILAN,47,M,C,Y,A
2018,11,47,NCR,NCR,CITY OF MANILA,24,F,C,Y,A
2018,11,47,10,MISAMIS OCCIDENTAL,MISAMIS OCCIDENTAL,18,M,C,Y,A
2018,11,48,NCR,NCR,CITY OF MANILA,14,M,C,N,A
2018,11,48,NCR,NCR,QUEZON CITY,26,F,C,N,A
2018,11,48,1,ILOCOS NORTE,ILOCOS NORTE,80,F,C,Y,A
2018,11,48,6,ILOILO,ILOILO,18,M,C,Y,A
2018,12,48,10,MISAMIS OCCIDENTAL,MISAMIS OCCIDENTAL,15,M,C,Y,A
2018,12,49,10,MISAMIS OCCIDENTAL,MISAMIS OCCIDENTAL,14,M,C,Y,A
2018,12,49,4A,QUEZON,QUEZON,33,M,C,Y,A
2018,12,49,6,GUIMARAS,GUIMARAS,38,F,C,Y,A
2018,12,49,6,ILOILO,ILOILO,12,F,C,Y,A
2018,12,50,4A,LAGUNA,LAGUNA,32,M,C,Y,A
2018,12,51,NCR,NCR,CITY OF MANILA,36,F,C,Y,A
2018,12,51,7,NEGROS ORIENTAL,NEGROS ORIENTAL,42,F,C,Y,A
2018,12,51,4A,LAGUNA,LAGUNA,22,M,C,N,A
2018,12,51,7,BOHOL,BOHOL,46,M,C,Y,A
2018,12,52,CARAGA,SURIGAO DEL SUR,SURIGAO DEL SUR,30,M,C,Y,A
2018,12,52,4A,RIZAL,RIZAL,81,M,C,Y,A
2018,12,52,4A,LAGUNA,LAGUNA,19,F,C,N,A
2019,1,1,NCR,NCR,CITY OF MALABON,29,M,C,Y,A
2019,1,2,9,ZAMBOANGA DEL SUR,ZAMBOANGA DEL SUR,13,M,C,Y,A
2019,1,2,9,ZAMBOANGA DEL SUR,ZAMBOANGA CITY,27,M,C,Y,A
2019,1,2,7,NEGROS ORIENTAL,NEGROS ORIENTAL,47,M,C,Y,A
2019,1,3,7,CEBU,CEBU CITY,29,F,C,Y,A
2019,1,3,10,MISAMIS OCCIDENTAL,MISAMIS OCCIDENTAL,14,M,C,Y,A
2019,1,3,10,MISAMIS OCCIDENTAL,MISAMIS OCCIDENTAL,13,M,C,Y,A
2019,1,3,10,MISAMIS OCCIDENTAL,MISAMIS OCCIDENTAL,18,M,C,Y,A
2019,1,4,7,BOHOL,BOHOL,14,F,C,Y,A
2019,1,4,4A,LAGUNA,LAGUNA,,M,C,N,A
2019,1,4,9,ZAMBOANGA DEL SUR,ZAMBOANGA CITY,39,M,C,Y,A
2019,1,4,5,CAMARINES NORTE,CAMARINES NORTE,19,F,C,N,A
2019,1,4,12,COTABATO (NORTH COTABATO),COTABATO (NORTH COTABATO),21,F,C,N,A
2019,1,4,10,MISAMIS OCCIDENTAL,MISAMIS OCCIDENTAL,16,M,C,Y,A
2019,1,4,10,MISAMIS OCCIDENTAL,MISAMIS OCCIDENTAL,17,M,C,Y,A
2019,1,4,10,MISAMIS OCCIDENTAL,MISAMIS OCCIDENTAL,9,F,C,Y,A
2019,1,5,6,ILOILO,ILOILO,24,M,C,Y,A
2019,1,5,9,CITY OF ISABELA (NOT A PROVINCE),CITY OF ISABELA,13,F,C,Y,A
2019,1,5,10,MISAMIS OCCIDENTAL,MISAMIS OCCIDENTAL,6,M,C,Y,A
2019,2,5,7,SIQUIJOR,SIQUIJOR,29,M,C,Y,A
2019,2,5,10,MISAMIS OCCIDENTAL,MISAMIS OCCIDENTAL,4,F,C,Y,A
2019,2,6,6,AKLAN,AKLAN,24,M,C,Y,A
2019,2,6,4A,LAGUNA,LAGUNA,18,M,C,N,A
2019,2,6,9,ZAMBOANGA DEL SUR,ZAMBOANGA CITY,25,M,C,Y,A
2019,2,6,7,CEBU,CEBU,20,M,C,N,A
2019,2,7,7,BOHOL,BOHOL,66,F,C,Y,A
2019,2,7,9,ZAMBOANGA SIBUGAY,ZAMBOANGA SIBUGAY,23,F,C,Y,A
2019,2,7,9,ZAMBOANGA SIBUGAY,ZAMBOANGA SIBUGAY,26,F,C,Y,A
2019,2,7,10,MISAMIS ORIENTAL,CAGAYAN DE ORO CITY,32,M,C,Y,A
2019,2,7,10,MISAMIS OCCIDENTAL,MISAMIS OCCIDENTAL,19,F,C,Y,A
2019,2,7,10,MISAMIS ORIENTAL,MISAMIS ORIENTAL,19,F,C,Y,A
2019,2,8,BARMM,BASILAN,BASILAN,24,M,C,Y,A
2019,2,8,10,MISAMIS ORIENTAL,MISAMIS ORIENTAL,26,F,C,Y,A
2019,2,8,4A,CAVITE,CAVITE,56,M,C,N,A
2019,2,9,9,ZAMBOANGA SIBUGAY,ZAMBOANGA SIBUGAY,49,M,C,Y,A
2019,2,9,4A,LAGUNA,LAGUNA,17,M,C,N,A
2019,3,9,9,ZAMBOANGA DEL SUR,ZAMBOANGA DEL SUR,51,M,C,Y,A
2019,3,9,NCR,NCR,CITY OF MANDALUYONG,29,M,C,Y,A
2019,3,9,6,NEGROS OCCIDENTAL,NEGROS OCCIDENTAL,27,M,C,Y,A
2019,3,9,7,CEBU,LAPU-LAPU CITY (OPON),25,F,C,Y,A
2019,3,9,7,CEBU,LAPU-LAPU CITY (OPON),38,M,C,Y,A
2019,3,9,3,BATAAN,BATAAN,56,M,C,Y,A
2019,3,11,7,BOHOL,BOHOL,45,F,C,Y,A
2019,3,11,6,NEGROS OCCIDENTAL,NEGROS OCCIDENTAL,8,F,C,Y,A
2019,3,11,7,CEBU,CEBU CITY,73,F,C,Y,A
2019,3,11,9,ZAMBOANGA DEL SUR,ZAMBOANGA CITY,31,M,C,Y,A
2019,3,12,9,ZAMBOANGA DEL SUR,ZAMBOANGA CITY,6,F,C,N,A
2019,3,13,10,BUKIDNON,BUKIDNON,38,F,C,Y,A
2019,3,13,7,CEBU,MANDAUE CITY,26,M,C,Y,A
2019,3,13,7,CEBU,CEBU,71,M,C,Y,D
2019,3,13,4A,CAVITE,CAVITE,52,F,C,N,A
2019,4,14,CAR,BENGUET,BENGUET,48,F,C,Y,A
2019,4,15,7,BOHOL,BOHOL,16,M,C,Y,A
2019,4,15,NCR,NCR,CITY OF MANDALUYONG,63,M,C,Y,A
2019,4,15,4A,QUEZON,QUEZON,10,M,C,Y,A
2019,4,16,CARAGA,SURIGAO DEL NORTE,SURIGAO DEL NORTE,30,M,C,Y,A
2019,4,16,9,ZAMBOANGA SIBUGAY,ZAMBOANGA SIBUGAY,32,M,C,Y,A
2019,4,16,1,LA UNION,LA UNION,18,M,C,N,A
2019,4,16,4A,LAGUNA,LAGUNA,21,M,C,N,A
2019,4,16,9,ZAMBOANGA DEL SUR,ZAMBOANGA CITY,13,F,C,Y,A
2019,4,17,6,NEGROS OCCIDENTAL,NEGROS OCCIDENTAL,26,F,C,Y,A
2019,4,17,7,BOHOL,BOHOL,27,F,C,Y,A
2019,4,17,9,ZAMBOANGA SIBUGAY,ZAMBOANGA SIBUGAY,52,M,C,Y,A
2019,4,17,10,MISAMIS OCCIDENTAL,MISAMIS OCCIDENTAL,11,M,C,Y,A
2019,4,18,1,PANGASINAN,DAGUPAN CITY,10,M,C,N,A
2019,5,18,NCR,NCR,CALOOCAN CITY,20,M,C,N,A
2019,5,19,9,CITY OF ISABELA (NOT A PROVINCE),CITY OF ISABELA,52,M,C,Y,A
2019,5,19,1,LA UNION,LA UNION,46,M,C,N,A
2019,5,19,NCR,NCR,QUEZON CITY,26,F,C,N,A
2019,5,19,NCR,NCR,QUEZON CITY,39,M,C,Y,A
2019,5,20,10,BUKIDNON,BUKIDNON,11,F,C,Y,A
2019,5,20,NCR,NCR,CITY OF MANILA,10,F,C,Y,A
2019,5,20,NCR,NCR,CITY OF MANILA,20,F,C,Y,A
2019,5,20,NCR,NCR,QUEZON CITY,12,M,C,Y,A
2019,5,21,9,ZAMBOANGA DEL SUR,ZAMBOANGA DEL SUR,8,M,C,Y,A
2019,5,21,CAR,BENGUET,BAGUIO CITY,17,F,C,Y,A
2019,5,21,12,SOUTH COTABATO,SOUTH COTABATO,25,F,C,Y,A
2019,5,21,NCR,NCR,CITY OF MANDALUYONG,31,M,C,Y,A
2019,5,21,4B,ORIENTAL MINDORO,ORIENTAL MINDORO,39,F,C,N,A
2019,5,21,NCR,NCR,CITY OF MANDALUYONG,25,M,C,Y,A
2019,5,21,11,DAVAO ORIENTAL,DAVAO ORIENTAL,0,M,C,Y,A
2019,5,21,1,LA UNION,LA UNION,28,M,C,N,A
2019,5,21,7,NEGROS ORIENTAL,NEGROS ORIENTAL,19,M,C,Y,A
2019,5,21,BARMM,TAWI-TAWI,TAWI-TAWI,25,M,C,Y,A
2019,5,22,6,NEGROS OCCIDENTAL,NEGROS OCCIDENTAL,23,F,C,N,A
2019,5,22,1,LA UNION,LA UNION,62,F,C,Y,A
2019,5,22,9,ZAMBOANGA DEL SUR,ZAMBOANGA CITY,29,M,C,Y,A
2019,5,22,NCR,NCR,CITY OF MANILA,8,M,C,N,A
2019,5,22,NCR,NCR,QUEZON CITY,58,M,C,Y,A
2019,5,23,10,BUKIDNON,BUKIDNON,10,F,C,Y,A
2019,5,23,7,NEGROS ORIENTAL,NEGROS ORIENTAL,9,F,C,Y,A
2019,6,23,7,BOHOL,BOHOL,61,M,C,Y,A
2019,6,23,NCR,NCR,CITY OF MANDALUYONG,34,M,C,Y,A
2019,6,23,12,SOUTH COTABATO,GENERAL SANTOS CITY (DADIANGAS),20,M,C,Y,A
2019,6,23,1,PANGASINAN,PANGASINAN,26,M,C,N,A
2019,6,23,12,SARANGANI,SARANGANI,35,F,C,Y,A
2019,6,23,12,SARANGANI,SARANGANI,26,F,C,Y,A
2019,6,24,10,BUKIDNON,BUKIDNON,38,M,C,Y,A
2019,6,24,BARMM,BASILAN,BASILAN,16,F,C,Y,A
2019,6,24,4A,BATANGAS,BATANGAS,21,M,C,Y,A
2019,6,24,NCR,NCR,TAGUIG CITY,8,F,C,N,A
2019,6,25,9,ZAMBOANGA DEL NORTE,ZAMBOANGA DEL NORTE,30,M,C,Y,A
2019,6,25,9,ZAMBOANGA DEL SUR,ZAMBOANGA DEL SUR,18,F,C,Y,A
2019,6,25,9,ZAMBOANGA SIBUGAY,ZAMBOANGA SIBUGAY,20,F,C,Y,A
2019,6,25,7,BOHOL,BOHOL,68,M,C,Y,A
2019,6,25,7,BOHOL,BOHOL,51,M,C,Y,A
2019,6,26,6,GUIMARAS,GUIMARAS,30,M,C,Y,A
2019,6,26,NCR,NCR,CITY OF MANILA,22,M,C,N,A
2019,6,26,NCR,NCR,CITY OF MANILA,12,M,C,N,A
2019,6,26,NCR,NCR,CITY OF MANILA,37,M,C,N,A
2019,6,26,NCR,NCR,CITY OF PARAÑAQUE,16,F,C,Y,A
2019,6,26,7,CEBU,MANDAUE CITY,45,M,C,Y,A
2019,6,27,3,PAMPANGA,PAMPANGA,23,M,C,Y,A
2019,6,27,1,LA UNION,LA UNION,16,M,C,N,A
2019,6,27,7,NEGROS ORIENTAL,NEGROS ORIENTAL,27,M,C,Y,A
2019,7,27,NCR,NCR,CITY OF MANILA,18,M,C,N,A
2019,7,27,NCR,NCR,CITY OF MANILA,42,F,C,N,A
2019,7,27,3,TARLAC,TARLAC,42,F,C,Y,A
2019,7,28,6,NEGROS OCCIDENTAL,NEGROS OCCIDENTAL,42,M,C,Y,A
2019,7,28,BARMM,SULU,SULU,15,F,C,Y,A
2019,7,28,7,CEBU,LAPU-LAPU CITY (OPON),36,M,C,Y,A
2019,7,28,7,CEBU,LAPU-LAPU CITY (OPON),8,F,C,Y,A
2019,7,28,CARAGA,SURIGAO DEL NORTE,SURIGAO DEL NORTE,9,M,C,Y,A
2019,7,28,7,CEBU,CEBU CITY,28,F,C,Y,A
2019,7,28,NCR,NCR,QUEZON CITY,9,M,C,N,A
2019,7,29,9,ZAMBOANGA DEL SUR,ZAMBOANGA DEL SUR,23,F,C,N,A
2019,7,29,CARAGA,SURIGAO DEL SUR,SURIGAO DEL SUR,7,F,C,Y,A
2019,7,29,3,PAMPANGA,ANGELES CITY,19,M,C,Y,A
2019,7,29,NCR,NCR,CITY OF LAS PIÑAS,37,M,C,Y,A
2019,7,29,1,PANGASINAN,PANGASINAN,12,M,C,N,A
2019,7,30,9,ZAMBOANGA DEL SUR,ZAMBOANGA CITY,19,M,C,Y,A
2019,7,30,9,ZAMBOANGA DEL SUR,ZAMBOANGA CITY,14,F,C,Y,A
2019,7,31,6,ILOILO,ILOILO,32,M,C,Y,A
2019,7,31,1,LA UNION,LA UNION,21,M,C,N,A
2019,7,31,3,NUEVA ECIJA,NUEVA ECIJA,53,M,C,Y,A
2019,8,31,6,ILOILO,ILOILO,9,M,C,Y,A
2019,8,32,9,ZAMBOANGA DEL SUR,ZAMBOANGA DEL SUR,43,M,C,Y,A
2019,8,32,7,BOHOL,BOHOL,50,M,C,Y,A
2019,8,32,6,AKLAN,AKLAN,30,M,C,Y,A
2019,8,32,9,ZAMBOANGA DEL SUR,ZAMBOANGA CITY,43,F,C,Y,A
2019,8,32,7,NEGROS ORIENTAL,NEGROS ORIENTAL,28,M,C,Y,A
2019,8,32,4A,RIZAL,RIZAL,37,F,C,Y,A
2019,8,32,2,QUIRINO,QUIRINO,6,F,C,Y,A
2019,8,33,9,ZAMBOANGA DEL SUR,ZAMBOANGA DEL SUR,20,F,C,Y,A
2019,8,33,6,ILOILO,ILOILO,19,M,C,Y,A
2019,8,34,6,ILOILO,ILOILO,29,F,C,Y,A
2019,8,34,6,ILOILO,ILOILO,14,M,C,Y,A
2019,8,34,6,ILOILO,ILOILO CITY,32,M,C,Y,D
2019,8,34,9,CITY OF ISABELA (NOT A PROVINCE),CITY OF ISABELA,23,F,C,Y,A
2019,8,34,1,LA UNION,LA UNION,22,M,C,N,A
2019,8,34,10,MISAMIS ORIENTAL,CAGAYAN DE ORO CITY,50,M,C,Y,A
2019,8,34,NCR,NCR,CITY OF MANILA,12,F,C,Y,A
2019,8,34,4A,RIZAL,RIZAL,7,F,C,N,A
2019,8,34,10,MISAMIS ORIENTAL,MISAMIS ORIENTAL,25,M,C,N,A
2019,8,34,2,QUIRINO,QUIRINO,20,M,C,Y,A
2019,9,36,7,BOHOL,BOHOL,39,M,C,Y,A
2019,9,36,6,NEGROS OCCIDENTAL,NEGROS OCCIDENTAL,7,M,C,Y,A
2019,9,36,NCR,NCR,CITY OF MANILA,20,M,C,N,A
2019,9,36,7,CEBU,LAPU-LAPU CITY (OPON),11,M,C,Y,A
2019,9,37,6,ILOILO,ILOILO,78,M,C,Y,A
2019,9,37,9,ZAMBOANGA SIBUGAY,ZAMBOANGA SIBUGAY,17,M,C,Y,A
2019,9,37,BARMM,BASILAN,BASILAN,26,M,C,Y,A
2019,9,37,4B,ORIENTAL MINDORO,ORIENTAL MINDORO,28,F,C,N,A
2019,9,37,12,SOUTH COTABATO,GENERAL SANTOS CITY (DADIANGAS),34,M,C,Y,A
2019,9,37,1,PANGASINAN,PANGASINAN,26,M,C,Y,A
2019,9,37,9,ZAMBOANGA DEL SUR,ZAMBOANGA CITY,23,M,C,Y,A
2019,9,37,4A,RIZAL,RIZAL,11,M,C,Y,A
2019,9,37,4A,RIZAL,RIZAL,6,M,C,N,A
2019,9,37,4A,RIZAL,RIZAL,8,F,C,N,A
2019,9,37,4A,RIZAL,RIZAL,11,M,C,N,A
2019,9,37,10,MISAMIS ORIENTAL,MISAMIS ORIENTAL,32,M,C,Y,A
2019,9,38,CARAGA,AGUSAN DEL SUR,AGUSAN DEL SUR,62,F,C,Y,A
2019,9,38,7,CEBU,LAPU-LAPU CITY (OPON),35,M,C,Y,A
2019,9,38,BARMM,BASILAN,BASILAN,16,F,C,Y,A
2019,9,38,7,NEGROS ORIENTAL,NEGROS ORIENTAL,22,M,C,Y,A
2019,9,39,BARMM,BASILAN,BASILAN,32,M,C,Y,A
2019,9,39,4A,CAVITE,CAVITE,22,M,C,Y,A
2019,9,40,9,ZAMBOANGA DEL SUR,ZAMBOANGA CITY,46,F,C,Y,A
2019,9,40,NCR,NCR,CITY OF PASIG,35,M,C,Y,A
2019,10,40,3,BULACAN,BULACAN,20,M,C,N,A
2019,10,40,4A,RIZAL,RIZAL,25,F,C,N,A
2019,10,41,9,ZAMBOANGA DEL SUR,ZAMBOANGA DEL SUR,7,M,C,Y,A
2019,10,41,9,ZAMBOANGA SIBUGAY,ZAMBOANGA SIBUGAY,18,F,C,Y,A
2019,10,41,4B,ORIENTAL MINDORO,ORIENTAL MINDORO,42,F,C,N,A
2019,10,41,7,NEGROS ORIENTAL,NEGROS ORIENTAL,34,M,C,Y,A
2019,10,41,7,NEGROS ORIENTAL,NEGROS ORIENTAL,25,M,C,Y,A
2019,10,41,11,DAVAO DEL SUR,DAVAO CITY,51,M,C,Y,A
2019,10,42,10,BUKIDNON,BUKIDNON,25,M,C,Y,A
2019,10,42,BARMM,BASILAN,BASILAN,26,M,C,Y,A
2019,10,42,4A,LAGUNA,LAGUNA,17,M,C,Y,A
2019,10,42,4A,CAVITE,CAVITE,10,F,C,N,A
2019,10,43,6,NEGROS OCCIDENTAL,NEGROS OCCIDENTAL,13,F,C,Y,A
2019,10,43,4B,ORIENTAL MINDORO,ORIENTAL MINDORO,22,F,C,N,A
2019,10,43,9,ZAMBOANGA DEL SUR,ZAMBOANGA CITY,32,M,C,Y,A
2019,10,43,7,NEGROS ORIENTAL,NEGROS ORIENTAL,33,F,C,Y,A
2019,10,44,10,BUKIDNON,BUKIDNON,8,F,C,Y,A
2019,10,44,9,ZAMBOANGA SIBUGAY,ZAMBOANGA SIBUGAY,28,M,C,Y,A
2019,10,44,10,MISAMIS ORIENTAL,CAGAYAN DE ORO CITY,8,M,C,Y,A
2019,10,44,7,NEGROS ORIENTAL,NEGROS ORIENTAL,43,M,C,Y,A
2019,10,44,7,NEGROS ORIENTAL,NEGROS ORIENTAL,28,M,C,Y,A
2019,11,45,6,ILOILO,ILOILO,35,M,C,Y,A
2019,11,45,BARMM,BASILAN,BASILAN,22,M,C,Y,A
2019,11,45,4A,QUEZON,QUEZON,24,M,C,Y,A
2019,11,45,7,CEBU,LAPU-LAPU CITY (OPON),38,M,C,Y,A
2019,11,45,3,BATAAN,BATAAN,16,F,C,Y,A
2019,11,45,7,NEGROS ORIENTAL,NEGROS ORIENTAL,28,M,C,Y,A
2019,11,45,7,NEGROS ORIENTAL,NEGROS ORIENTAL,26,F,C,Y,A
2019,11,46,6,GUIMARAS,GUIMARAS,16,M,C,Y,A
2019,11,46,CARAGA,DINAGAT ISLANDS,DINAGAT ISLANDS,50,F,C,Y,A
2019,11,46,2,CAGAYAN,CAGAYAN,24,M,C,Y,A
2019,11,46,9,ZAMBOANGA DEL SUR,ZAMBOANGA CITY,16,F,C,Y,A
2019,11,46,7,CEBU,CEBU CITY,23,M,C,Y,A
2019,11,46,4A,RIZAL,RIZAL,16,M,C,Y,A
2019,11,47,4A,LAGUNA,LAGUNA,25,M,C,Y,A
2019,11,47,4A,LAGUNA,LAGUNA,24,F,C,Y,A
2019,11,48,CARAGA,SURIGAO DEL SUR,SURIGAO DEL SUR,24,M,C,Y,A
2019,11,48,BARMM,SULU,SULU,22,M,C,Y,A
2019,11,48,CARAGA,SURIGAO DEL NORTE,SURIGAO DEL NORTE,71,M,C,Y,A
2019,11,48,4A,RIZAL,RIZAL,9,F,C,N,A
2019,11,48,NCR,NCR,QUEZON CITY,16,M,C,N,A
2019,12,49,9,CITY OF ISABELA (NOT A PROVINCE),CITY OF ISABELA,46,M,C,Y,A
2019,12,49,7,CEBU,CEBU CITY,74,F,C,Y,A
2019,12,50,7,CEBU,CEBU CITY,24,M,C,Y,A
2019,12,50,7,CEBU,CEBU CITY,12,M,C,Y,A
2019,12,50,3,NUEVA ECIJA,NUEVA ECIJA,27,M,C,Y,A
2019,12,51,9,ZAMBOANGA DEL SUR,ZAMBOANGA CITY,81,F,C,Y,A
2019,12,53,7,NEGROS ORIENTAL,NEGROS ORIENTAL,20,F,C,Y,A
2020,1,1,4A,CAVITE,CAVITE,11,F,C,Y,A
2020,1,1,NCR,NCR,QUEZON CITY,65,M,C,Y,A
2020,1,1,BARMM,BASILAN,BASILAN,37,M,C,Y,A
2020,1,1,9,ZAMBOANGA DEL SUR,ZAMBOANGA DEL SUR,40,F,C,Y,A
2020,1,2,10,MISAMIS ORIENTAL,CAGAYAN DE ORO CITY,32,M,C,Y,A
2020,1,2,CARAGA,SURIGAO DEL NORTE,SURIGAO DEL NORTE,57,M,C,Y,A
2020,1,2,CARAGA,SURIGAO DEL SUR,SURIGAO DEL SUR,19,M,C,Y,A
2020,1,2,9,ZAMBOANGA DEL SUR,ZAMBOANGA DEL SUR,72,F,C,N,A
2020,1,3,CAR,BENGUET,BAGUIO CITY,27,F,C,Y,A
2020,1,4,4A,QUEZON,QUEZON,20,F,C,Y,A
2020,1,4,NCR,NCR,CITY OF MANILA,24,F,C,Y,A
2020,1,4,3,BULACAN,BULACAN,35,M,C,N,A
2020,1,4,3,BULACAN,BULACAN,26,M,C,N,A
2020,1,4,CARAGA,SURIGAO DEL SUR,SURIGAO DEL SUR,23,M,C,Y,A
2020,1,5,NCR,NCR,CITY OF MANILA,10,M,C,N,A
2020,1,5,NCR,NCR,CITY OF MANILA,50,M,C,Y,A
2020,1,5,10,BUKIDNON,BUKIDNON,11,M,C,Y,A
2020,1,5,CARAGA,SURIGAO DEL SUR,SURIGAO DEL SUR,32,M,C,Y,A
2020,1,5,9,ZAMBOANGA DEL SUR,ZAMBOANGA DEL SUR,35,M,C,Y,A
2020,1,5,9,ZAMBOANGA DEL SUR,ZAMBOANGA DEL SUR,19,F,C,Y,A
2020,1,5,9,ZAMBOANGA DEL NORTE,ZAMBOANGA DEL NORTE,24,M,C,Y,A
2020,2,6,10,MISAMIS ORIENTAL,CAGAYAN DE ORO CITY,26,M,C,Y,A
2020,2,7,7,CEBU,CEBU CITY,22,M,C,Y,A
2020,2,7,6,NEGROS OCCIDENTAL,NEGROS OCCIDENTAL,34,M,C,Y,A
2020,2,7,BARMM,LANAO DEL SUR,LANAO DEL SUR,51,M,C,Y,A
2020,2,7,BARMM,LANAO DEL SUR,LANAO DEL SUR,51,M,C,Y,A
2020,2,7,9,ZAMBOANGA SIBUGAY,ZAMBOANGA SIBUGAY,44,F,C,Y,A
2020,2,8,BARMM,SULU,SULU,32,M,C,Y,A
2020,2,8,10,MISAMIS ORIENTAL,CAGAYAN DE ORO CITY,37,M,C,Y,A
2020,2,8,4A,LAGUNA,LAGUNA,27,M,C,Y,A
2020,2,9,NCR,NCR,QUEZON CITY,37,F,C,Y,A
2020,2,9,9,ZAMBOANGA SIBUGAY,ZAMBOANGA SIBUGAY,30,F,C,Y,A
2020,2,9,10,BUKIDNON,BUKIDNON,8,F,C,Y,A
2020,3,9,8,SOUTHERN LEYTE,SOUTHERN LEYTE,47,M,C,Y,A
2020,3,9,10,BUKIDNON,BUKIDNON,15,F,C,Y,A
2020,3,11,7,CEBU,CEBU,17,M,C,N,A
2020,4,14,9,ZAMBOANGA DEL SUR,ZAMBOANGA CITY,21,M,C,Y,A
2020,4,14,10,BUKIDNON,BUKIDNON,40,F,C,Y,A
2020,4,14,9,ZAMBOANGA DEL SUR,ZAMBOANGA DEL SUR,48,M,C,Y,A
2020,4,14,CARAGA,SURIGAO DEL NORTE,SURIGAO DEL NORTE,47,M,C,N,A
2020,4,16,7,NEGROS ORIENTAL,NEGROS ORIENTAL,27,M,C,Y,A
2020,4,16,10,BUKIDNON,BUKIDNON,4,M,C,Y,A
2020,4,17,9,CITY OF ISABELA (NOT A PROVINCE),CITY OF ISABELA,16,M,C,Y,A
2020,4,17,11,DAVAO DEL SUR,DAVAO CITY,31,M,C,N,A
2020,4,17,BARMM,LANAO DEL SUR,LANAO DEL SUR,69,F,C,Y,A
2020,5,18,BARMM,BASILAN,BASILAN,22,M,C,Y,A
2020,5,18,10,LANAO DEL NORTE,ILIGAN CITY,7,M,C,Y,A
2020,5,19,CARAGA,SURIGAO DEL NORTE,SURIGAO DEL NORTE,11,M,C,N,A
2020,5,21,7,NEGROS ORIENTAL,NEGROS ORIENTAL,44,M,C,Y,A
2020,6,23,4A,LAGUNA,LAGUNA,11,M,C,Y,A
2020,6,25,6,CAPIZ,CAPIZ,17,M,C,Y,A
2020,6,25,10,BUKIDNON,BUKIDNON,26,M,C,Y,A
2020,6,26,BARMM,LANAO DEL SUR,LANAO DEL SUR,45,M,C,Y,A
2020,7,27,9,CITY OF ISABELA (NOT A PROVINCE),CITY OF ISABELA,39,M,C,Y,A
2020,7,27,BARMM,BASILAN,BASILAN,3,M,C,Y,A
2020,7,27,12,SULTAN KUDARAT,SULTAN KUDARAT,49,M,C,Y,A
2020,7,28,7,NEGROS ORIENTAL,NEGROS ORIENTAL,22,M,C,Y,A
2020,7,28,7,NEGROS ORIENTAL,NEGROS ORIENTAL,8,F,C,Y,A
2020,7,29,10,BUKIDNON,BUKIDNON,38,F,C,Y,A
2020,7,30,CARAGA,SURIGAO DEL NORTE,SURIGAO DEL NORTE,11,M,C,Y,A
2020,7,30,10,BUKIDNON,BUKIDNON,38,F,C,Y,A
2020,7,31,7,NEGROS ORIENTAL,NEGROS ORIENTAL,30,F,C,Y,A
2020,7,31,9,ZAMBOANGA DEL NORTE,ZAMBOANGA DEL NORTE,28,M,C,Y,A
2020,8,32,10,BUKIDNON,BUKIDNON,2,M,C,Y,A
2020,8,33,9,CITY OF ISABELA (NOT A PROVINCE),CITY OF ISABELA,27,F,C,Y,A
2020,8,33,CARAGA,SURIGAO DEL NORTE,SURIGAO DEL NORTE,21,M,C,N,A
2020,8,34,10,MISAMIS OCCIDENTAL,MISAMIS OCCIDENTAL,8,F,C,N,A
2020,8,34,7,CEBU,CEBU,28,M,C,Y,A
2020,8,34,10,BUKIDNON,BUKIDNON,52,M,C,Y,A
2020,8,35,12,COTABATO (NORTH COTABATO),COTABATO (NORTH COTABATO),24,M,C,Y,A
2020,9,37,7,NEGROS ORIENTAL,NEGROS ORIENTAL,17,M,C,Y,A
2020,9,37,10,BUKIDNON,BUKIDNON,24,F,C,Y,A
2020,9,37,10,BUKIDNON,BUKIDNON,38,F,C,Y,A
2020,9,37,10,BUKIDNON,BUKIDNON,1,M,C,Y,A
2020,9,39,7,CEBU,CEBU,15,F,C,Y,A
2020,9,39,8,BILIRAN,BILIRAN,73,F,C,Y,A
2020,9,40,4B,PALAWAN,PUERTO PRINCESA CITY,30,M,C,N,A
2020,10,43,7,CEBU,CEBU,55,M,C,Y,A
2020,10,44,CARAGA,SURIGAO DEL NORTE,SURIGAO DEL NORTE,41,M,C,Y,A
2020,11,46,7,CEBU,LAPU-LAPU CITY (OPON),21,F,C,Y,A
2020,11,47,7,CEBU,CEBU,24,M,C,Y,A
2020,11,48,10,BUKIDNON,BUKIDNON,25,M,C,Y,A
2020,11,49,NCR,NCR,CITY OF MANILA,30,M,C,N,A
2020,12,50,12,SOUTH COTABATO,SOUTH COTABATO,18,M,C,Y,A
2020,12,53,7,CEBU,CEBU,61,M,C,Y,A
2021,1,1,5,CAMARINES SUR,CAMARINES SUR,20,M,C,Y,A
2021,1,1,6,NEGROS OCCIDENTAL,NEGROS OCCIDENTAL,21,M,C,Y,A
2021,1,1,10,BUKIDNON,BUKIDNON,40,F,C,Y,A
2021,1,2,BARMM,SULU,SULU,28,M,C,Y,A
2021,1,2,7,BOHOL,BOHOL,10,M,C,Y,A
2021,1,3,BARMM,SULU,SULU,23,M,C,Y,A
2021,1,3,4A,LAGUNA,LAGUNA,14,M,C,Y,A
2021,1,4,9,ZAMBOANGA DEL SUR,ZAMBOANGA DEL SUR,48,M,C,Y,A
2021,2,6,7,CEBU,CEBU CITY,31,M,C,N,D
2021,2,6,10,MISAMIS ORIENTAL,CAGAYAN DE ORO CITY,20,M,C,Y,A
2021,2,7,CARAGA,SURIGAO DEL NORTE,SURIGAO DEL NORTE,52,F,C,Y,A
2021,3,8,7,NEGROS ORIENTAL,NEGROS ORIENTAL,28,M,C,Y,A
2021,3,10,CARAGA,SURIGAO DEL SUR,SURIGAO DEL SUR,0,M,C,Y,A
2021,3,10,9,ZAMBOANGA SIBUGAY,ZAMBOANGA SIBUGAY,34,M,C,Y,A
2021,3,10,7,CEBU,CEBU CITY,38,F,C,Y,A
2021,3,10,7,CEBU,LAPU-LAPU CITY (OPON),42,M,C,Y,A
2021,3,10,9,ZAMBOANGA DEL NORTE,ZAMBOANGA DEL NORTE,23,F,C,Y,A
2021,3,13,7,CEBU,CEBU CITY,17,M,C,Y,D
2021,4,13,9,ZAMBOANGA SIBUGAY,ZAMBOANGA SIBUGAY,27,F,C,Y,A
2021,4,13,7,CEBU,CEBU CITY,29,M,C,Y,A
2021,4,14,7,CEBU,CEBU,34,M,C,Y,A
2021,4,15,6,ILOILO,ILOILO,27,F,C,Y,A
2021,4,16,7,CEBU,CEBU CITY,27,M,C,Y,A
2021,5,18,NCR,NCR,TAGUIG CITY,6,F,C,Y,A
2021,5,18,NCR,NCR,QUEZON CITY,33,F,C,N,A
2021,5,18,9,ZAMBOANGA DEL SUR,ZAMBOANGA CITY,55,F,C,Y,A
2021,5,19,7,CEBU,CEBU,37,M,C,Y,A
2021,5,20,7,CEBU,CEBU CITY,41,M,C,Y,A
2021,5,20,7,NEGROS ORIENTAL,NEGROS ORIENTAL,70,M,C,Y,A
2021,6,24,11,DAVAO DEL SUR,DAVAO DEL SUR,42,M,C,Y,A
2021,7,26,6,NEGROS OCCIDENTAL,NEGROS OCCIDENTAL,21,F,C,Y,A
2021,7,28,9,CITY OF ISABELA (NOT A PROVINCE),CITY OF ISABELA,13,M,C,Y,A
2021,7,28,10,MISAMIS OCCIDENTAL,MISAMIS OCCIDENTAL,18,F,C,Y,A
2021,7,29,CARAGA,SURIGAO DEL NORTE,SURIGAO DEL NORTE,0,F,C,Y,A
2021,7,29,3,BULACAN,BULACAN,23,F,C,Y,A
2021,7,29,10,BUKIDNON,BUKIDNON,30,M,C,Y,A
2021,8,29,10,BUKIDNON,BUKIDNON,15,M,C,Y,A
2021,8,31,NCR,NCR,CITY OF MANILA,58,F,C,Y,A
2021,8,32,CARAGA,SURIGAO DEL NORTE,SURIGAO DEL NORTE,36,M,C,Y,A
2021,8,32,4B,PALAWAN,PUERTO PRINCESA CITY,27,M,C,N,A
2021,8,32,7,BOHOL,BOHOL,42,M,C,Y,A
2021,8,33,CARAGA,SURIGAO DEL SUR,SURIGAO DEL SUR,30,F,C,Y,A
2021,8,33,10,BUKIDNON,BUKIDNON,46,M,C,Y,A
2021,9,36,10,MISAMIS OCCIDENTAL,MISAMIS OCCIDENTAL,3,F,C,Y,A
2021,9,38,11,DAVAO DEL SUR,DAVAO CITY,68,F,C,Y,A
2021,9,39,3,BULACAN,BULACAN,37,F,C,Y,A
2021,10,39,9,ZAMBOANGA DEL SUR,ZAMBOANGA DEL SUR,26,M,C,Y,A
2021,10,40,7,CEBU,CEBU,74,M,C,Y,A
2021,10,40,7,CEBU,CEBU,35,M,C,Y,D
2021,11,44,7,BOHOL,BOHOL,23,M,C,Y,A
2021,12,48,3,NUEVA ECIJA,NUEVA ECIJA,66,F,C,N,A
2021,12,50,10,LANAO DEL NORTE,ILIGAN CITY,46,F,C,Y,A
2021,12,50,10,BUKIDNON,BUKIDNON,33,F,C,Y,A
2022,1,1,7,BOHOL,BOHOL,32,F,C,Y,A
2022,1,1,9,ZAMBOANGA DEL SUR,ZAMBOANGA CITY,54,F,C,Y,A
2022,1,2,9,ZAMBOANGA SIBUGAY,ZAMBOANGA SIBUGAY,23,M,C,Y,A
2022,1,2,6,NEGROS OCCIDENTAL,BACOLOD CITY,55,M,C,Y,A
2022,1,2,9,CITY OF ISABELA (NOT A PROVINCE),CITY OF ISABELA,28,F,C,Y,A
2022,1,2,10,MISAMIS ORIENTAL,CAGAYAN DE ORO CITY,57,F,C,Y,A
2022,1,3,7,BOHOL,BOHOL,54,M,C,Y,A
2022,1,4,7,CEBU,CEBU CITY,26,F,C,Y,A
2022,1,4,7,CEBU,CEBU,37,M,C,Y,A
2022,2,5,9,CITY OF ISABELA (NOT A PROVINCE),CITY OF ISABELA,30,F,C,Y,A
2022,2,6,CARAGA,SURIGAO DEL NORTE,SURIGAO DEL NORTE,71,M,C,Y,A
2022,2,6,2,ISABELA,ISABELA,23,M,C,Y,A
2022,2,6,NCR,NCR,CITY OF MANILA,32,M,C,Y,A
2022,2,8,8,SOUTHERN LEYTE,SOUTHERN LEYTE,20,F,C,Y,A
2022,2,8,9,CITY OF ISABELA (NOT A PROVINCE),CITY OF ISABELA,29,F,C,Y,A
2022,2,8,NCR,NCR,CITY OF MANILA,2,M,C,Y,A
2022,3,9,7,CEBU,MANDAUE CITY,29,M,C,Y,A
2022,3,9,8,LEYTE,ORMOC CITY,19,M,C,Y,A
2022,3,9,10,BUKIDNON,BUKIDNON,43,M,C,Y,A
2022,3,11,9,ZAMBOANGA SIBUGAY,ZAMBOANGA SIBUGAY,45,M,C,Y,A
2022,3,11,9,ZAMBOANGA SIBUGAY,ZAMBOANGA SIBUGAY,45,M,C,Y,A
2022,3,11,10,MISAMIS OCCIDENTAL,MISAMIS OCCIDENTAL,19,M,C,Y,A
2022,3,11,5,CAMARINES NORTE,CAMARINES NORTE,34,M,C,Y,A
2022,3,12,9,ZAMBOANGA SIBUGAY,ZAMBOANGA SIBUGAY,56,M,C,Y,A
2022,3,12,5,SORSOGON,SORSOGON,28,M,C,Y,A
2022,3,13,6,NEGROS OCCIDENTAL,NEGROS OCCIDENTAL,19,F,C,Y,A
2022,4,13,6,NEGROS OCCIDENTAL,NEGROS OCCIDENTAL,32,M,C,Y,A
2022,4,13,10,MISAMIS ORIENTAL,CAGAYAN DE ORO CITY,64,F,C,Y,A
2022,4,14,9,ZAMBOANGA DEL SUR,ZAMBOANGA DEL SUR,9,M,C,Y,A
2022,4,14,11,DAVAO DEL NORTE,DAVAO DEL NORTE,30,M,C,Y,A
2022,4,15,6,NEGROS OCCIDENTAL,NEGROS OCCIDENTAL,50,M,C,Y,A
2022,4,15,7,CEBU,LAPU-LAPU CITY (OPON),35,M,C,Y,A
2022,4,15,BARMM,LANAO DEL SUR,LANAO DEL SUR,26,M,C,Y,A
2022,4,15,3,PAMPANGA,PAMPANGA,48,M,C,Y,A
2022,4,15,4A,RIZAL,RIZAL,21,F,C,Y,A
2022,4,17,9,ZAMBOANGA SIBUGAY,ZAMBOANGA SIBUGAY,73,M,C,Y,A
2022,4,17,BARMM,LANAO DEL SUR,LANAO DEL SUR,47,F,C,Y,A
2022,5,18,6,NEGROS OCCIDENTAL,NEGROS OCCIDENTAL,7,M,C,Y,A
2022,5,18,CARAGA,SURIGAO DEL SUR,SURIGAO DEL SUR,18,M,C,Y,A
2022,5,19,6,NEGROS OCCIDENTAL,NEGROS OCCIDENTAL,10,M,C,Y,A
2022,5,19,6,NEGROS OCCIDENTAL,BACOLOD CITY,59,F,C,Y,A
2022,5,19,7,CEBU,CEBU CITY,25,M,C,Y,A
2022,5,19,BARMM,BASILAN,BASILAN,32,F,C,Y,A
2022,5,19,NCR,NCR,CITY OF MANILA,50,F,C,Y,A
2022,5,20,6,ILOILO,ILOILO,26,F,C,Y,A
2022,5,21,6,ILOILO,ILOILO,28,M,C,Y,A
2022,5,21,11,DAVAO DEL SUR,DAVAO DEL SUR,27,M,C,Y,A
2022,5,21,6,CAPIZ,CAPIZ,53,M,C,Y,A
2022,5,22,6,NEGROS OCCIDENTAL,NEGROS OCCIDENTAL,8,M,C,Y,A
2022,6,22,6,NEGROS OCCIDENTAL,NEGROS OCCIDENTAL,25,M,C,Y,A
2022,6,22,CARAGA,SURIGAO DEL NORTE,SURIGAO DEL NORTE,73,M,C,Y,D
2022,6,22,10,BUKIDNON,BUKIDNON,28,F,C,Y,A
2022,6,23,9,ZAMBOANGA SIBUGAY,ZAMBOANGA SIBUGAY,14,M,C,Y,A
2022,6,23,9,CITY OF ISABELA (NOT A PROVINCE),CITY OF ISABELA,44,M,C,Y,A
2022,6,23,6,GUIMARAS,GUIMARAS,18,M,C,Y,A
2022,6,23,11,DAVAO DEL SUR,DAVAO DEL SUR,42,F,C,Y,A
2022,6,24,6,NEGROS OCCIDENTAL,BACOLOD CITY,12,M,C,Y,A
2022,6,24,9,ZAMBOANGA DEL SUR,ZAMBOANGA DEL SUR,48,F,C,Y,A
2022,6,24,9,ZAMBOANGA DEL SUR,ZAMBOANGA DEL SUR,52,M,C,Y,A
2022,6,25,9,ZAMBOANGA DEL SUR,ZAMBOANGA DEL SUR,40,M,C,Y,A
2022,6,25,9,ZAMBOANGA DEL SUR,ZAMBOANGA DEL SUR,40,F,C,Y,A
2022,6,25,9,ZAMBOANGA DEL SUR,ZAMBOANGA DEL SUR,34,F,C,Y,A
2022,6,25,4A,CAVITE,CAVITE,65,M,C,Y,A
2022,6,25,NCR,NCR,CITY OF MARIKINA,35,F,C,Y,A
2022,6,25,7,CEBU,CEBU,37,F,C,Y,A
2022,6,26,6,NEGROS OCCIDENTAL,NEGROS OCCIDENTAL,28,M,C,Y,A
2022,6,26,CARAGA,SURIGAO DEL NORTE,SURIGAO DEL NORTE,24,F,C,Y,A
2022,6,26,7,NEGROS ORIENTAL,NEGROS ORIENTAL,45,M,C,Y,A
2022,6,26,10,BUKIDNON,BUKIDNON,30,F,C,Y,A
2022,6,26,3,TARLAC,TARLAC,66,M,C,Y,A
2022,7,26,6,CAPIZ,CAPIZ,16,M,C,Y,A
2022,7,27,6,NEGROS OCCIDENTAL,BACOLOD CITY,30,F,C,Y,A
2022,7,27,6,NEGROS OCCIDENTAL,NEGROS OCCIDENTAL,26,F,C,Y,A
2022,7,27,9,ZAMBOANGA DEL SUR,ZAMBOANGA DEL SUR,57,M,C,Y,A
2022,7,28,11,DAVAO DEL SUR,DAVAO CITY,14,M,C,Y,A
2022,7,29,CARAGA,SURIGAO DEL NORTE,SURIGAO DEL NORTE,46,M,C,Y,A
2022,7,29,11,DAVAO DE ORO,DAVAO DE ORO,36,M,C,Y,A
2022,7,30,6,NEGROS OCCIDENTAL,NEGROS OCCIDENTAL,30,M,C,Y,A
2022,7,30,6,NEGROS OCCIDENTAL,NEGROS OCCIDENTAL,6,M,C,Y,A
2022,7,31,BARMM,MAGUINDANAO,MAGUINDANAO,0,M,C,Y,A
2022,8,31,9,ZAMBOANGA SIBUGAY,ZAMBOANGA SIBUGAY,35,M,C,Y,A
2022,8,31,4A,BATANGAS,BATANGAS,28,M,C,Y,A
2022,8,31,7,CEBU,CEBU,64,F,C,Y,A
2022,8,34,CARAGA,SURIGAO DEL NORTE,SURIGAO DEL NORTE,22,M,C,Y,A
2022,8,34,6,NEGROS OCCIDENTAL,NEGROS OCCIDENTAL,41,F,C,Y,A
2022,8,34,6,ILOILO,ILOILO,45,M,C,Y,A
2022,8,34,4A,RIZAL,RIZAL,31,F,C,Y,A
2022,8,35,11,DAVAO DEL SUR,DAVAO CITY,51,M,C,Y,A
2022,9,36,7,CEBU,CEBU CITY,20,M,C,Y,A
2022,9,36,7,BOHOL,BOHOL,30,M,C,Y,A
2022,9,36,8,SAMAR (WESTERN SAMAR),SAMAR (WESTERN SAMAR),21,M,C,Y,A
2022,9,37,3,PAMPANGA,PAMPANGA,43,F,C,Y,A
2022,9,37,7,CEBU,CEBU,39,M,C,Y,A
2022,9,37,7,CEBU,CEBU,21,M,C,Y,A
2022,9,38,7,CEBU,LAPU-LAPU CITY (OPON),45,M,C,Y,A
2022,9,38,9,ZAMBOANGA DEL SUR,ZAMBOANGA DEL SUR,29,F,C,Y,A
2022,9,38,NCR,NCR,CITY OF MANILA,84,F,C,Y,A
2022,9,38,7,CEBU,CEBU,32,F,C,Y,A
2022,9,39,7,CEBU,CEBU CITY,10,M,C,Y,A
2022,10,40,BARMM,LANAO DEL SUR,LANAO DEL SUR,25,M,C,Y,A
2022,10,40,10,LANAO DEL NORTE,ILIGAN CITY,53,M,C,Y,A
2022,10,41,3,BULACAN,BULACAN,27,F,C,Y,A
2022,10,42,NCR,NCR,CITY OF VALENZUELA,42,M,C,Y,A
2022,10,42,7,BOHOL,BOHOL,57,M,C,Y,A
2022,11,44,3,BATAAN,BATAAN,35,F,C,Y,A
2022,11,44,6,ILOILO,ILOILO,46,M,C,Y,A
2022,11,44,7,CEBU,CEBU,30,F,C,Y,A
2022,11,45,BARMM,SULU,SULU,67,M,C,Y,D
2022,11,45,6,NEGROS OCCIDENTAL,NEGROS OCCIDENTAL,22,M,C,Y,A
2022,11,45,6,NEGROS OCCIDENTAL,NEGROS OCCIDENTAL,22,M,C,Y,A
2022,11,45,6,ILOILO,ILOILO,28,M,C,Y,A
2022,11,45,7,BOHOL,BOHOL,54,M,C,Y,A
2022,11,46,6,NEGROS OCCIDENTAL,NEGROS OCCIDENTAL,44,M,C,Y,A
2022,11,47,7,BOHOL,BOHOL,38,M,C,Y,A
2022,11,48,7,CEBU,CEBU CITY,54,M,C,Y,A
2022,11,48,4A,QUEZON,QUEZON,14,M,C,Y,A
2022,12,49,6,NEGROS OCCIDENTAL,NEGROS OCCIDENTAL,41,M,C,Y,A
2022,12,49,3,BATAAN,BATAAN,26,F,C,Y,A
2022,12,50,BARMM,BASILAN,BASILAN,29,F,C,Y,A
2022,12,50,BARMM,COTABATO CITY (NOT A PROVINCE),COTABATO CITY,26,F,C,Y,A
2022,12,52,4A,RIZAL,RIZAL,40,M,C,Y,A
2023,1,1,NCR,NCR,QUEZON CITY,53,F,C,Y,A
2023,1,1,BARMM,BASILAN,BASILAN,40,M,C,N,A
2023,1,1,6,NEGROS OCCIDENTAL,NEGROS OCCIDENTAL,68,M,C,Y,A
2023,1,2,12,COTABATO (NORTH COTABATO),COTABATO (NORTH COTABATO),20,M,C,Y,A
2023,1,2,4A,RIZAL,RIZAL,22,F,C,N,A
2023,1,2,6,ILOILO,ILOILO,57,F,C,Y,A
2023,1,2,7,CEBU,CEBU CITY,54,F,C,Y,A
2023,1,3,NCR,NCR,TAGUIG CITY,39,M,C,N,A
2023,1,3,3,ZAMBALES,ZAMBALES,14,M,C,N,A
2023,1,3,9,ZAMBOANGA DEL SUR,ZAMBOANGA CITY,22,M,C,N,A
2023,1,3,6,ILOILO,ILOILO,57,M,C,Y,A
2023,1,3,BARMM,BASILAN,BASILAN,29,M,C,N,A
2023,1,3,7,CEBU,LAPU-LAPU CITY (OPON),33,F,C,Y,A
2023,1,3,6,NEGROS OCCIDENTAL,NEGROS OCCIDENTAL,63,M,C,N,A
2023,1,3,6,NEGROS OCCIDENTAL,NEGROS OCCIDENTAL,16,M,C,N,A
2023,1,3,CARAGA,AGUSAN DEL SUR,AGUSAN DEL SUR,19,M,C,N,A
2023,1,4,9,ZAMBOANGA DEL SUR,ZAMBOANGA DEL SUR,32,F,C,Y,A
2023,1,4,BARMM,BASILAN,BASILAN,9,F,C,N,A
2023,1,4,7,CEBU,MANDAUE CITY,40,M,C,Y,A
2023,1,4,6,NEGROS OCCIDENTAL,NEGROS OCCIDENTAL,75,M,C,N,A
2023,2,5,7,BOHOL,BOHOL,39,M,C,Y,A
2023,2,6,3,BULACAN,BULACAN,76,F,C,Y,A
2023,2,6,6,ILOILO,ILOILO,39,M,C,Y,A
2023,2,6,6,NEGROS OCCIDENTAL,NEGROS OCCIDENTAL,32,M,C,Y,A
2023,2,7,9,ZAMBOANGA DEL SUR,ZAMBOANGA CITY,36,F,C,Y,A
2023,2,7,BARMM,BASILAN,BASILAN,18,M,C,N,A
2023,2,7,CAR,APAYAO,APAYAO,23,F,C,N,A
2023,2,8,6,ILOILO,ILOILO CITY,65,M,C,Y,A
2023,2,8,6,ANTIQUE,ANTIQUE,60,F,C,Y,A
2023,2,9,6,NEGROS OCCIDENTAL,BACOLOD CITY,35,F,C,Y,A
2023,3,9,NCR,NCR,CALOOCAN CITY,57,F,C,Y,A
2023,3,10,4A,RIZAL,RIZAL,42,F,C,N,A
2023,3,11,4A,RIZAL,RIZAL,25,M,C,Y,A
2023,3,11,NCR,NCR,CITY OF PARAÑAQUE,18,M,C,Y,A
2023,3,11,12,SOUTH COTABATO,GENERAL SANTOS CITY (DADIANGAS),14,M,C,Y,A
2023,3,11,4A,BATANGAS,BATANGAS,72,F,C,Y,A
2023,3,11,7,CEBU,CEBU CITY,60,M,C,Y,A
2023,3,11,6,NEGROS OCCIDENTAL,BACOLOD CITY,31,F,C,Y,A
2023,3,12,9,CITY OF ISABELA (NOT A PROVINCE),CITY OF ISABELA,19,M,C,N,A
2023,3,13,8,LEYTE,TACLOBAN CITY,13,M,C,N,A
2023,3,13,7,CEBU,CEBU,74,M,C,N,A
2023,3,13,6,ANTIQUE,ANTIQUE,23,M,C,N,A
2023,4,14,7,CEBU,CEBU,48,M,C,Y,A
2023,4,14,CAR,APAYAO,APAYAO,25,F,C,N,A
2023,4,14,9,ZAMBOANGA SIBUGAY,ZAMBOANGA SIBUGAY,8,M,C,Y,A
2023,4,15,NCR,NCR,CITY OF PARAÑAQUE,46,M,C,Y,A
2023,4,15,4A,LAGUNA,LAGUNA,37,M,C,Y,A
2023,4,16,8,LEYTE,TACLOBAN CITY,29,F,C,N,A
2023,4,16,CAR,IFUGAO,IFUGAO,69,F,C,Y,A
2023,4,16,7,CEBU,CEBU,42,F,C,N,A
2023,4,16,7,BOHOL,BOHOL,17,M,C,Y,A
2023,4,17,8,LEYTE,TACLOBAN CITY,16,M,C,Y,A
2023,4,17,7,CEBU,CEBU,29,M,C,Y,A
2023,4,17,3,BATAAN,BATAAN,49,M,C,Y,A
2023,4,17,6,NEGROS OCCIDENTAL,NEGROS OCCIDENTAL,33,F,C,Y,A
2023,4,17,7,CEBU,CEBU CITY,7,F,C,N,A
2023,5,18,NCR,NCR,TAGUIG CITY,8,F,C,Y,A
2023,5,18,1,ILOCOS NORTE,ILOCOS NORTE,31,F,C,Y,A
2023,5,18,3,BATAAN,BATAAN,27,M,C,Y,A
2023,5,18,BARMM,BASILAN,BASILAN,52,F,C,Y,A
2023,5,19,8,LEYTE,TACLOBAN CITY,59,F,C,N,A
2023,5,19,8,SAMAR (WESTERN SAMAR),SAMAR (WESTERN SAMAR),0,M,C,N,A
2023,5,19,8,EASTERN SAMAR,EASTERN SAMAR,54,M,C,N,A
2023,5,19,8,LEYTE,LEYTE,65,M,C,N,A
2023,5,19,9,ZAMBOANGA SIBUGAY,ZAMBOANGA SIBUGAY,52,F,C,Y,A
2023,5,20,8,LEYTE,TACLOBAN CITY,42,F,C,N,A
2023,5,20,8,SAMAR (WESTERN SAMAR),SAMAR (WESTERN SAMAR),78,F,C,Y,A
2023,5,20,8,LEYTE,LEYTE,64,F,C,Y,A
2023,5,20,7,CEBU,CEBU CITY,10,F,C,Y,A
2023,5,21,NCR,NCR,TAGUIG CITY,33,M,C,N,A
2023,5,21,3,TARLAC,TARLAC,30,M,C,Y,A
2023,5,21,9,CITY OF ISABELA (NOT A PROVINCE),CITY OF ISABELA,82,F,C,Y,A
2023,5,21,6,NEGROS OCCIDENTAL,NEGROS OCCIDENTAL,11,F,C,Y,A
2023,5,22,7,NEGROS ORIENTAL,NEGROS ORIENTAL,19,F,C,Y,A
2023,6,22,7,CEBU,CEBU,51,M,C,Y,A
2023,6,23,8,LEYTE,ORMOC CITY,47,M,C,Y,A
2023,6,23,6,NEGROS OCCIDENTAL,BACOLOD CITY,36,F,C,Y,A
2023,6,23,9,ZAMBOANGA SIBUGAY,ZAMBOANGA SIBUGAY,34,F,C,Y,A
2023,6,24,8,SAMAR (WESTERN SAMAR),SAMAR (WESTERN SAMAR),31,F,C,Y,A
2023,6,24,7,CEBU,CEBU,51,F,C,N,A
2023,6,24,12,SOUTH COTABATO,SOUTH COTABATO,48,F,C,Y,A
2023,6,25,NCR,NCR,CITY OF PASIG,76,F,C,Y,A
2023,6,26,7,CEBU,CEBU,24,F,C,N,A
2023,7,28,NCR,NCR,CITY OF VALENZUELA,46,M,C,Y,A
2023,7,28,NCR,NCR,CITY OF VALENZUELA,26,M,C,Y,D
2023,7,28,6,NEGROS OCCIDENTAL,NEGROS OCCIDENTAL,49,M,C,Y,A
2023,7,29,6,NEGROS OCCIDENTAL,BACOLOD CITY,31,M,C,Y,A
2023,8,31,NCR,NCR,PASAY CITY,20,M,C,N,A
2023,8,32,7,BOHOL,BOHOL,20,M,C,Y,A
2023,8,32,7,BOHOL,BOHOL,53,F,C,Y,A
2023,8,34,9,ZAMBOANGA DEL SUR,ZAMBOANGA CITY,30,F,C,Y,A
2023,8,35,NCR,NCR,CITY OF MANILA,10,F,C,Y,A
2023,8,35,6,NEGROS OCCIDENTAL,NEGROS OCCIDENTAL,30,M,C,Y,A
2023,9,38,NCR,NCR,CITY OF MANILA,49,M,C,N,A
2023,9,38,9,CITY OF ISABELA (NOT A PROVINCE),CITY OF ISABELA,49,M,C,Y,A
2023,9,38,2,ISABELA,ISABELA,21,F,C,Y,A
2023,9,39,9,ZAMBOANGA DEL SUR,ZAMBOANGA DEL SUR,21,M,C,N,A
2023,10,40,9,ZAMBOANGA DEL SUR,ZAMBOANGA DEL SUR,16,M,C,N,A
2023,10,44,3,BULACAN,BULACAN,32,M,C,Y,A
2023,10,44,9,CITY OF ISABELA (NOT A PROVINCE),CITY OF ISABELA,22,M,C,N,A
2023,11,44,9,ZAMBOANGA SIBUGAY,ZAMBOANGA SIBUGAY,54,F,C,N,A
2023,11,45,9,ZAMBOANGA DEL SUR,ZAMBOANGA DEL SUR,37,M,C,N,A
2023,11,45,9,ZAMBOANGA DEL SUR,ZAMBOANGA DEL SUR,19,M,C,Y,A
2023,11,45,9,ZAMBOANGA DEL SUR,ZAMBOANGA DEL SUR,19,M,C,N,A
2023,11,45,9,ZAMBOANGA DEL SUR,ZAMBOANGA DEL SUR,20,M,C,N,A
2023,11,45,9,ZAMBOANGA DEL SUR,ZAMBOANGA DEL SUR,22,M,C,N,A
2023,11,46,NCR,NCR,PATEROS,18,M,C,N,A
2023,11,46,9,ZAMBOANGA DEL SUR,ZAMBOANGA DEL SUR,24,M,C,N,A
2023,11,46,9,ZAMBOANGA DEL SUR,ZAMBOANGA DEL SUR,17,M,C,Y,A
2023,11,46,9,ZAMBOANGA DEL SUR,ZAMBOANGA DEL SUR,33,M,C,Y,A
2023,11,46,10,MISAMIS OCCIDENTAL,MISAMIS OCCIDENTAL,42,M,C,Y,A
2023,11,46,9,ZAMBOANGA DEL SUR,ZAMBOANGA DEL SUR,31,M,C,N,A
2023,11,47,NCR,NCR,CITY OF MANILA,26,M,C,Y,A
2023,11,47,4B,PALAWAN,PALAWAN,25,M,C,Y,A
2023,11,47,9,ZAMBOANGA DEL SUR,ZAMBOANGA DEL SUR,24,M,C,Y,A
2023,11,47,9,ZAMBOANGA DEL SUR,ZAMBOANGA DEL SUR,21,M,C,N,A
2023,11,47,9,ZAMBOANGA DEL SUR,ZAMBOANGA DEL SUR,23,F,C,N,A
2023,11,48,11,DAVAO DEL SUR,DAVAO CITY,27,F,C,Y,A
2023,11,48,9,ZAMBOANGA DEL SUR,ZAMBOANGA DEL SUR,15,M,C,N,A
2023,11,48,9,ZAMBOANGA DEL SUR,ZAMBOANGA DEL SUR,21,M,C,N,A
2023,11,48,9,ZAMBOANGA DEL SUR,ZAMBOANGA DEL SUR,15,M,C,N,A
2023,11,48,9,ZAMBOANGA DEL SUR,ZAMBOANGA DEL SUR,9,M,C,N,A
2023,12,48,9,ZAMBOANGA DEL SUR,ZAMBOANGA DEL SUR,37,M,C,Y,A
2023,12,48,9,ZAMBOANGA DEL SUR,ZAMBOANGA DEL SUR,19,M,C,N,A
2023,12,48,9,ZAMBOANGA DEL SUR,ZAMBOANGA DEL SUR,15,M,C,N,A
2023,12,49,11,DAVAO DEL SUR,DAVAO CITY,35,F,C,Y,A
2023,12,49,7,CEBU,CEBU,49,M,C,Y,A
2023,12,49,9,ZAMBOANGA DEL SUR,ZAMBOANGA DEL SUR,45,F,C,N,A
2023,12,49,9,ZAMBOANGA DEL SUR,ZAMBOANGA DEL SUR,13,M,C,N,A
2023,12,49,9,ZAMBOANGA DEL SUR,ZAMBOANGA DEL SUR,24,M,C,N,A
2023,12,49,9,ZAMBOANGA DEL SUR,ZAMBOANGA DEL SUR,20,M,C,N,A
2023,12,49,9,ZAMBOANGA DEL SUR,ZAMBOANGA DEL SUR,30,F,C,Y,A
2023,12,49,9,ZAMBOANGA DEL SUR,ZAMBOANGA DEL SUR,13,M,C,N,A
2023,12,50,7,CEBU,CEBU,42,M,C,Y,A
2023,12,50,7,CEBU,CEBU,50,M,C,Y,A
2023,12,50,7,CEBU,CEBU,51,F,C,N,A
2023,12,50,9,ZAMBOANGA DEL SUR,ZAMBOANGA DEL SUR,41,F,C,Y,A
2023,12,50,9,ZAMBOANGA DEL SUR,ZAMBOANGA DEL SUR,31,M,C,N,A
2023,12,50,9,ZAMBOANGA DEL SUR,ZAMBOANGA DEL SUR,20,M,C,N,A
2023,12,50,9,ZAMBOANGA DEL SUR,ZAMBOANGA DEL SUR,19,F,C,Y,A
2023,12,51,1,ILOCOS NORTE,ILOCOS NORTE,71,F,C,Y,A
2023,12,51,7,CEBU,CEBU,32,F,C,Y,A
2023,12,51,9,ZAMBOANGA DEL SUR,ZAMBOANGA DEL SUR,18,M,C,N,A
2023,12,51,9,ZAMBOANGA DEL SUR,ZAMBOANGA DEL SUR,17,F,C,N,A
2023,12,52,6,NEGROS OCCIDENTAL,NEGROS OCCIDENTAL,62,F,C,Y,A
2023,12,52,7,CEBU,CEBU,31,M,C,Y,A
2023,12,52,7,CEBU,CEBU,38,M,C,Y,A
2024,1,,9,ZAMBOANGA SIBUGAY,ZAMBOANGA SIBUGAY,36,M,C,N,A
2024,1,,9,ZAMBOANGA SIBUGAY,ZAMBOANGA SIBUGAY,66,M,C,Y,A
2024,1,,9,ZAMBOANGA DEL SUR,ZAMBOANGA DEL SUR,26,M,C,Y,A
2024,1,,9,ZAMBOANGA DEL SUR,ZAMBOANGA DEL SUR,10,F,C,N,A
2024,1,,9,ZAMBOANGA DEL SUR,ZAMBOANGA DEL SUR,6,M,C,N,A
2024,1,,9,ZAMBOANGA DEL SUR,ZAMBOANGA DEL SUR,14,M,C,N,A
2024,1,,9,ZAMBOANGA DEL SUR,ZAMBOANGA DEL SUR,20,F,C,Y,A
2024,1,,9,ZAMBOANGA DEL SUR,ZAMBOANGA DEL SUR,12,F,C,N,A
2024,1,,9,ZAMBOANGA DEL SUR,ZAMBOANGA DEL SUR,33,M,C,N,A
2024,1,,9,ZAMBOANGA DEL SUR,ZAMBOANGA DEL SUR,53,F,C,Y,A
2024,1,,9,ZAMBOANGA DEL SUR,ZAMBOANGA DEL SUR,12,M,C,N,A
2024,1,,4A,LAGUNA,LAGUNA,47,M,C,Y,A
2024,1,,2,NUEVA VIZCAYA,NUEVA VIZCAYA,66,M,C,Y,A
2024,1,,2,NUEVA VIZCAYA,NUEVA VIZCAYA,42,M,C,Y,A
2024,1,,2,NUEVA VIZCAYA,NUEVA VIZCAYA,47,M,C,Y,A
2024,1,,4A,CAVITE,CAVITE,18,M,C,Y,A
2024,1,,7,CEBU,CEBU,64,F,C,Y,A
2024,1,,NCR,NCR,QUEZON CITY,35,M,C,N,A
2024,1,,11,DAVAO DEL SUR,DAVAO CITY,28,M,C,Y,A
2024,1,,11,DAVAO DEL SUR,DAVAO CITY,39,F,C,Y,A
2024,1,,11,DAVAO DEL SUR,DAVAO CITY,25,F,C,Y,A
2024,1,,11,DAVAO DEL SUR,DAVAO CITY,37,F,C,Y,A
2024,1,,7,CEBU,CEBU CITY,41,M,C,Y,A
2024,1,,4A,RIZAL,RIZAL,47,F,C,Y,A
2024,1,,NCR,NCR,CITY OF MANDALUYONG,32,M,C,N,A
2024,2,,5,MASBATE,MASBATE,43,M,C,Y,A
2024,2,,9,ZAMBOANGA SIBUGAY,ZAMBOANGA SIBUGAY,37,M,C,N,A
2024,2,,9,ZAMBOANGA SIBUGAY,ZAMBOANGA SIBUGAY,36,M,C,Y,A
2024,2,,NIR,NEGROS OCCIDENTAL,NEGROS OCCIDENTAL,36,F,C,Y,A
2024,2,,NIR,NEGROS OCCIDENTAL,NEGROS OCCIDENTAL,43,F,C,Y,A
2024,2,,9,ZAMBOANGA DEL SUR,ZAMBOANGA DEL SUR,21,M,C,N,A
2024,2,,9,ZAMBOANGA DEL SUR,ZAMBOANGA DEL SUR,31,F,C,Y,A
2024,2,,9,ZAMBOANGA DEL SUR,ZAMBOANGA DEL SUR,32,F,C,Y,A
2024,2,,NIR,NEGROS OCCIDENTAL,BACOLOD CITY,15,F,C,Y,A
2024,2,,1,ILOCOS SUR,ILOCOS SUR,22,F,C,N,A
2024,2,,3,BULACAN,BULACAN,23,M,C,N,A
2024,2,,4A,CAVITE,CAVITE,26,M,C,Y,A
2024,2,,4A,CAVITE,CAVITE,31,M,C,Y,A
2024,2,,4A,CAVITE,CAVITE,34,M,C,Y,A
2024,2,,4A,CAVITE,CAVITE,23,M,C,Y,A
2024,2,,NCR,NCR,CITY OF MANILA,36,F,C,N,A
2024,3,,9,ZAMBOANGA SIBUGAY,ZAMBOANGA SIBUGAY,45,M,C,Y,A
2024,3,,9,ZAMBOANGA SIBUGAY,ZAMBOANGA SIBUGAY,36,M,C,Y,A
2024,3,,NIR,NEGROS OCCIDENTAL,NEGROS OCCIDENTAL,4,M,C,N,A
2024,3,,9,ZAMBOANGA DEL SUR,ZAMBOANGA DEL SUR,52,M,C,N,A
2024,3,,9,ZAMBOANGA DEL SUR,ZAMBOANGA DEL SUR,57,F,C,Y,A
2024,3,,9,ZAMBOANGA DEL SUR,ZAMBOANGA DEL SUR,29,M,C,N,A
2024,3,,9,ZAMBOANGA DEL SUR,ZAMBOANGA DEL SUR,9,M,C,N,A
2024,3,,9,ZAMBOANGA DEL SUR,ZAMBOANGA DEL SUR,15,F,C,N,A
2024,3,,9,ZAMBOANGA DEL SUR,ZAMBOANGA DEL SUR,24,F,C,Y,A
2024,3,,9,ZAMBOANGA DEL SUR,ZAMBOANGA DEL SUR,5,F,C,N,A
2024,3,,7,BOHOL,BOHOL,38,M,C,Y,A
2024,3,,3,PAMPANGA,PAMPANGA,15,F,C,Y,A
2024,3,,NCR,NCR,TAGUIG CITY,16,M,C,Y,A
2024,3,,4A,CAVITE,CAVITE,25,M,C,Y,A
2024,3,,4A,CAVITE,CAVITE,22,M,C,Y,A
2024,3,,4A,CAVITE,CAVITE,28,M,C,N,A
2024,3,,7,CEBU,CEBU,23,F,C,N,A
2024,3,,7,CEBU,CEBU CITY,23,M,C,Y,A
2024,4,,9,ZAMBOANGA DEL SUR,ZAMBOANGA DEL SUR,66,M,C,Y,A
2024,4,,9,ZAMBOANGA DEL SUR,ZAMBOANGA DEL SUR,27,F,C,Y,A
2024,4,,9,ZAMBOANGA DEL SUR,ZAMBOANGA DEL SUR,32,M,C,N,A
2024,4,,9,ZAMBOANGA DEL SUR,ZAMBOANGA DEL SUR,62,M,C,Y,A
2024,4,,9,ZAMBOANGA DEL SUR,ZAMBOANGA DEL SUR,47,M,C,Y,A
2024,4,,9,ZAMBOANGA DEL SUR,ZAMBOANGA DEL SUR,11,F,C,N,A
2024,4,,9,ZAMBOANGA DEL SUR,ZAMBOANGA DEL SUR,67,M,C,Y,A
2024,4,,9,ZAMBOANGA DEL SUR,ZAMBOANGA DEL SUR,8,F,C,N,A
2024,4,,9,ZAMBOANGA DEL SUR,ZAMBOANGA DEL SUR,16,F,C,N,A
2024,4,,9,ZAMBOANGA DEL SUR,ZAMBOANGA DEL SUR,7,F,C,Y,A
2024,4,,7,BOHOL,BOHOL,40,M,C,Y,A
2024,4,,9,ZAMBOANGA DEL NORTE,ZAMBOANGA DEL NORTE,7,F,C,Y,A
2024,4,,4A,CAVITE,CAVITE,16,M,C,Y,A
2024,5,,9,ZAMBOANGA SIBUGAY,ZAMBOANGA SIBUGAY,54,M,C,Y,A
2024,5,,9,ZAMBOANGA SIBUGAY,ZAMBOANGA SIBUGAY,48,M,C,N,A
2024,5,,9,ZAMBOANGA DEL SUR,ZAMBOANGA DEL SUR,86,F,C,Y,A
2024,5,,9,ZAMBOANGA DEL SUR,ZAMBOANGA DEL SUR,36,F,C,N,A
2024,5,,9,ZAMBOANGA DEL SUR,ZAMBOANGA DEL SUR,15,M,C,N,A
2024,5,,9,ZAMBOANGA DEL SUR,ZAMBOANGA DEL SUR,15,F,C,N,A
2024,5,,9,ZAMBOANGA DEL SUR,ZAMBOANGA DEL SUR,75,F,C,Y,A
2024,5,,9,ZAMBOANGA DEL SUR,ZAMBOANGA DEL SUR,55,M,C,Y,A
2024,5,,9,ZAMBOANGA DEL SUR,ZAMBOANGA DEL SUR,41,M,C,N,A
2024,5,,9,ZAMBOANGA DEL SUR,ZAMBOANGA DEL SUR,52,M,C,Y,A
2024,5,,9,ZAMBOANGA DEL SUR,ZAMBOANGA DEL SUR,39,M,C,N,A
2024,5,,9,ZAMBOANGA DEL SUR,ZAMBOANGA DEL SUR,39,M,C,Y,A
2024,5,,9,ZAMBOANGA DEL SUR,ZAMBOANGA DEL SUR,2,M,C,N,A
2024,5,,9,ZAMBOANGA DEL SUR,ZAMBOANGA DEL SUR,26,M,C,N,A
2024,5,,9,ZAMBOANGA DEL SUR,ZAMBOANGA DEL SUR,25,M,C,N,A
2024,5,,9,ZAMBOANGA DEL SUR,ZAMBOANGA DEL SUR,40,M,C,Y,A
2024,5,,9,ZAMBOANGA DEL SUR,ZAMBOANGA DEL SUR,31,F,C,N,A
2024,5,,9,ZAMBOANGA DEL SUR,ZAMBOANGA DEL SUR,10,M,C,Y,A
2024,5,,10,LANAO DEL NORTE,LANAO DEL NORTE,15,M,C,Y,A
2024,5,,3,BATAAN,BATAAN,5,F,C,N,A
2024,5,,3,BATAAN,BATAAN,19,F,C,N,A
2024,5,,9,ZAMBOANGA DEL NORTE,ZAMBOANGA DEL NORTE,30,M,C,N,A
2024,5,,9,ZAMBOANGA DEL NORTE,ZAMBOANGA DEL NORTE,4,M,C,N,A
2024,5,,7,CEBU,CEBU,18,M,C,N,A
2024,5,,4A,RIZAL,RIZAL,33,F,C,Y,A
2024,6,,9,ZAMBOANGA DEL SUR,ZAMBOANGA DEL SUR,33,M,C,N,A
2024,6,,9,ZAMBOANGA DEL SUR,ZAMBOANGA DEL SUR,33,F,C,Y,A
2024,6,,9,ZAMBOANGA DEL SUR,ZAMBOANGA DEL SUR,90,F,C,N,A
2024,6,,9,ZAMBOANGA DEL SUR,ZAMBOANGA DEL SUR,33,F,C,N,A
2024,6,,9,ZAMBOANGA DEL SUR,ZAMBOANGA DEL SUR,24,M,C,Y,A
2024,6,,9,ZAMBOANGA DEL SUR,ZAMBOANGA DEL SUR,70,M,C,Y,A
2024,6,,9,ZAMBOANGA DEL SUR,ZAMBOANGA DEL SUR,4,M,C,N,A
2024,6,,7,BOHOL,BOHOL,35,M,C,Y,A
2024,6,,7,BOHOL,BOHOL,22,F,C,Y,A
2024,7,,9,ZAMBOANGA SIBUGAY,ZAMBOANGA SIBUGAY,26,F,C,Y,A
2024,7,,9,ZAMBOANGA DEL SUR,ZAMBOANGA DEL SUR,37,M,C,N,A
2024,7,,9,ZAMBOANGA DEL SUR,ZAMBOANGA DEL SUR,29,F,C,Y,A
2024,7,,9,ZAMBOANGA DEL SUR,ZAMBOANGA DEL SUR,61,M,C,Y,A
2024,7,,9,ZAMBOANGA DEL SUR,ZAMBOANGA DEL SUR,43,M,C,N,A
2024,7,,9,ZAMBOANGA DEL SUR,ZAMBOANGA DEL SUR,10,M,C,N,A
2024,7,,9,ZAMBOANGA DEL SUR,ZAMBOANGA DEL SUR,28,F,C,Y,A
2024,7,,9,ZAMBOANGA DEL SUR,ZAMBOANGA DEL SUR,44,M,C,Y,D
2024,7,,9,ZAMBOANGA DEL SUR,ZAMBOANGA DEL SUR,21,M,C,N,A
2024,7,,9,ZAMBOANGA DEL SUR,ZAMBOANGA DEL SUR,70,M,C,Y,A
2024,7,,9,ZAMBOANGA DEL SUR,ZAMBOANGA DEL SUR,66,F,C,Y,A
2024,7,,9,ZAMBOANGA DEL SUR,ZAMBOANGA DEL SUR,42,M,C,Y,A
2024,7,,9,ZAMBOANGA DEL SUR,ZAMBOANGA DEL SUR,23,M,C,N,A
2024,7,,9,ZAMBOANGA DEL SUR,ZAMBOANGA DEL SUR,20,F,C,N,A
2024,7,,9,ZAMBOANGA DEL SUR,ZAMBOANGA DEL SUR,33,F,C,N,A
2024,7,,9,ZAMBOANGA DEL SUR,ZAMBOANGA DEL SUR,31,F,C,N,A
2024,7,,9,ZAMBOANGA DEL SUR,ZAMBOANGA DEL SUR,20,F,C,N,A
2024,7,,9,ZAMBOANGA DEL SUR,ZAMBOANGA DEL SUR,0,M,C,N,A
2024,7,,7,CEBU,CEBU CITY,2,M,C,N,A
2024,8,,9,ZAMBOANGA DEL SUR,ZAMBOANGA DEL SUR,37,M,C,Y,A
2024,8,,9,ZAMBOANGA DEL SUR,ZAMBOANGA DEL SUR,34,F,C,N,A
2024,8,,9,ZAMBOANGA DEL SUR,ZAMBOANGA DEL SUR,12,F,C,N,A
2024,8,,9,ZAMBOANGA DEL SUR,ZAMBOANGA DEL SUR,59,M,C,Y,A
2024,8,,9,ZAMBOANGA DEL SUR,ZAMBOANGA DEL SUR,67,F,C,N,A
2024,8,,9,ZAMBOANGA DEL SUR,ZAMBOANGA DEL SUR,67,M,C,Y,A
2024,8,,9,ZAMBOANGA DEL SUR,ZAMBOANGA DEL SUR,56,M,C,N,A
2024,8,,9,ZAMBOANGA DEL SUR,ZAMBOANGA DEL SUR,27,M,C,N,A
2024,8,,6,ANTIQUE,ANTIQUE,74,F,C,Y,A
2024,8,,6,ANTIQUE,ANTIQUE,66,F,C,Y,A
2024,8,,6,ANTIQUE,ANTIQUE,60,F,C,Y,A
2024,8,,6,ANTIQUE,ANTIQUE,71,M,C,N,A
2024,8,,7,BOHOL,BOHOL,65,M,C,Y,A
2024,8,,7,BOHOL,BOHOL,59,M,C,Y,A
2024,9,,9,ZAMBOANGA DEL SUR,ZAMBOANGA DEL SUR,35,F,C,N,A
2024,9,,9,ZAMBOANGA DEL SUR,ZAMBOANGA DEL SUR,55,M,C,Y,A
2024,9,,9,ZAMBOANGA DEL SUR,ZAMBOANGA DEL SUR,11,F,C,N,A
2024,9,,9,ZAMBOANGA DEL SUR,ZAMBOANGA DEL SUR,66,M,C,Y,A
2024,9,,9,ZAMBOANGA DEL SUR,ZAMBOANGA DEL SUR,61,M,C,Y,A
2024,9,,9,ZAMBOANGA DEL SUR,ZAMBOANGA DEL SUR,50,M,C,Y,A
2024,9,,9,ZAMBOANGA DEL SUR,ZAMBOANGA DEL SUR,45,F,C,N,A
2024,9,,9,ZAMBOANGA DEL SUR,ZAMBOANGA DEL SUR,57,M,C,N,A
2024,9,,8,LEYTE,LEYTE,66,F,C,Y,A
2024,9,,6,ANTIQUE,ANTIQUE,42,M,C,Y,A
2024,9,,3,NUEVA ECIJA,NUEVA ECIJA,50,M,C,Y,A
2024,9,,6,ANTIQUE,ANTIQUE,79,F,C,Y,A
2024,9,,7,BOHOL,BOHOL,70,F,C,Y,A
2024,9,,7,BOHOL,BOHOL,51,M,C,Y,A
2024,9,,7,BOHOL,BOHOL,54,M,C,Y,A
2024,10,,9,ZAMBOANGA SIBUGAY,ZAMBOANGA SIBUGAY,56,F,C,Y,A
2024,10,,9,ZAMBOANGA SIBUGAY,ZAMBOANGA SIBUGAY,27,M,C,Y,A
2024,10,,9,ZAMBOANGA SIBUGAY,ZAMBOANGA SIBUGAY,15,M,C,Y,A
2024,10,,9,ZAMBOANGA DEL SUR,ZAMBOANGA DEL SUR,41,M,C,N,A
2024,10,,9,ZAMBOANGA DEL SUR,ZAMBOANGA DEL SUR,70,F,C,N,A
2024,10,,9,ZAMBOANGA DEL SUR,ZAMBOANGA DEL SUR,69,M,C,N,A
2024,10,,9,ZAMBOANGA DEL SUR,ZAMBOANGA DEL SUR,31,F,C,Y,A
2024,10,,7,CEBU,LAPU-LAPU CITY (OPON),14,M,C,Y,A
2024,10,,6,ANTIQUE,ANTIQUE,38,M,C,Y,A
2024,10,,6,ANTIQUE,ANTIQUE,81,M,C,Y,A
2024,10,,7,BOHOL,BOHOL,33,F,C,Y,A
2024,10,,4A,CAVITE,CAVITE,66,M,C,Y,A
2024,10,,7,CEBU,CEBU CITY,7,M,C,N,A
2024,11,,NIR,NEGROS OCCIDENTAL,NEGROS OCCIDENTAL,24,M,C,N,A
2024,11,,10,LANAO DEL NORTE,LANAO DEL NORTE,21,F,C,Y,A
2024,11,,NCR,NCR,CALOOCAN CITY,34,F,C,Y,A
2024,11,,7,CEBU,CEBU CITY,48,M,C,N,A
2024,12,,7,CEBU,LAPU-LAPU CITY (OPON),29,F,C,Y,A
2024,12,,3,NUEVA ECIJA,NUEVA ECIJA,34,F,C,Y,A
2024,12,,7,CEBU,CEBU CITY,31,M,C,Y,A
2024,12,,7,CEBU,CEBU CITY,43,M,C,Y,A
2025,1,1,3,BATAAN,BATAAN,21,F,C,N,A
2025,1,1,7,CEBU,LAPU-LAPU CITY (OPON),49,F,C,Y,A
2025,1,2,7,CEBU,CEBU,40,M,C,N,A
2025,1,2,4A,CAVITE,CAVITE,13,M,C,Y,A
2025,1,2,4A,CAVITE,CAVITE,35,F,C,N,A
2025,1,2,7,BOHOL,BOHOL,33,M,C,N,A
2025,1,2,7,BOHOL,BOHOL,23,F,C,N,A
2025,1,2,7,BOHOL,BOHOL,22,F,C,N,A
2025,1,2,7,BOHOL,BOHOL,60,M,C,N,A
2025,1,2,NIR,NEGROS OCCIDENTAL,NEGROS OCCIDENTAL,59,M,C,Y,A
2025,1,3,7,CEBU,CEBU CITY,41,F,C,Y,A
2025,1,3,4A,CAVITE,CAVITE,18,M,C,N,A
2025,1,3,4A,CAVITE,CAVITE,6,M,C,N,A
2025,1,3,7,BOHOL,BOHOL,43,M,C,Y,A
2025,1,3,NIR,NEGROS OCCIDENTAL,NEGROS OCCIDENTAL,34,M,C,Y,A
2025,1,4,7,BOHOL,BOHOL,18,F,C,N,A
2025,1,4,7,BOHOL,BOHOL,18,M,C,N,A
2025,1,4,7,BOHOL,BOHOL,18,F,C,N,A
2025,1,4,7,BOHOL,BOHOL,18,F,C,N,A
2025,1,4,7,BOHOL,BOHOL,17,F,C,N,A
2025,1,4,7,BOHOL,BOHOL,18,F,C,N,A
2025,1,4,7,BOHOL,BOHOL,18,F,C,N,A
2025,1,4,7,BOHOL,BOHOL,20,F,C,N,A
2025,1,4,7,BOHOL,BOHOL,18,F,C,N,A
2025,1,4,7,BOHOL,BOHOL,20,F,C,N,A
2025,1,4,7,BOHOL,BOHOL,18,F,C,N,A
2025,1,4,7,BOHOL,BOHOL,17,F,C,N,A
2025,1,4,7,BOHOL,BOHOL,18,M,C,N,A
2025,1,4,7,BOHOL,BOHOL,18,M,C,N,A
2025,1,4,7,BOHOL,BOHOL,18,F,C,N,A
2025,1,4,7,BOHOL,BOHOL,17,F,C,N,A
2025,1,4,7,BOHOL,BOHOL,18,F,C,N,A
2025,1,4,7,BOHOL,BOHOL,19,F,C,N,A
2025,1,4,7,BOHOL,BOHOL,18,M,C,N,A
2025,1,4,7,BOHOL,BOHOL,18,F,C,N,A
2025,1,4,7,BOHOL,BOHOL,18,F,C,N,A
2025,1,4,7,BOHOL,BOHOL,18,F,C,Y,A
2025,1,4,7,BOHOL,BOHOL,17,F,C,N,A
2025,1,4,7,BOHOL,BOHOL,17,F,C,N,A
2025,1,4,7,BOHOL,BOHOL,18,F,C,N,A
2025,1,5,4A,CAVITE,CAVITE,5,M,C,N,A
2025,1,5,7,BOHOL,BOHOL,63,F,C,N,A
2025,1,5,7,BOHOL,BOHOL,41,F,C,N,A
2025,1,5,7,BOHOL,BOHOL,53,F,C,N,A
2025,1,5,7,BOHOL,BOHOL,22,M,C,N,A
2025,1,5,7,BOHOL,BOHOL,31,M,C,N,A
2025,2,6,7,BOHOL,BOHOL,50,M,C,N,A
2025,2,6,11,DAVAO DEL SUR,DAVAO CITY,11,F,C,N,A
2025,2,6,7,BOHOL,BOHOL,38,F,C,N,A
2025,2,6,7,BOHOL,BOHOL,55,F,C,N,A
2025,2,6,7,BOHOL,BOHOL,45,F,C,N,A
2025,2,6,7,BOHOL,BOHOL,35,F,C,N,A
2025,2,7,7,CEBU,CEBU,63,F,C,N,A
2025,2,7,NCR,NCR,QUEZON CITY,20,M,C,Y,A
2025,2,7,7,BOHOL,BOHOL,46,M,C,Y,A
2025,2,7,7,BOHOL,BOHOL,4,M,C,Y,A
2025,2,8,7,CEBU,CEBU CITY,41,M,C,N,A
2025,2,8,7,BOHOL,BOHOL,54,F,C,Y,A
2025,2,9,7,BOHOL,BOHOL,64,F,C,N,A
2025,2,9,7,BOHOL,BOHOL,26,F,C,N,A
2025,2,9,7,BOHOL,BOHOL,24,F,C,N,A
2025,2,9,7,BOHOL,BOHOL,23,F,C,N,A
2025,2,9,6,ANTIQUE,ANTIQUE,86,F,C,Y,A
2025,3,9,7,CEBU,CEBU CITY,81,M,C,Y,A
2025,3,10,7,CEBU,CEBU CITY,44,M,C,Y,A
2025,3,10,4A,CAVITE,CAVITE,7,M,C,N,A
2025,3,10,7,BOHOL,BOHOL,14,M,C,N,A
2025,3,10,7,BOHOL,BOHOL,25,F,C,N,A
2025,3,10,7,BOHOL,BOHOL,27,F,C,N,A
2025,3,10,7,BOHOL,BOHOL,24,F,C,N,A
2025,3,10,9,ZAMBOANGA DEL SUR,ZAMBOANGA CITY,23,F,C,Y,A
2025,3,10,8,LEYTE,ORMOC CITY,20,M,C,Y,A
2025,3,11,NCR,NCR,CITY OF MANILA,17,M,C,N,A
2025,3,11,7,CEBU,CEBU,37,F,C,Y,A
2025,3,11,4A,CAVITE,CAVITE,11,M,C,N,A
2025,3,11,7,BOHOL,BOHOL,76,M,C,Y,A
2025,3,11,7,BOHOL,BOHOL,5,M,C,N,A
2025,3,11,7,BOHOL,BOHOL,18,M,C,Y,A
2025,3,11,10,LANAO DEL NORTE,LANAO DEL NORTE,15,M,C,Y,A
2025,3,11,6,NEGROS OCCIDENTAL,NEGROS OCCIDENTAL,29,M,C,Y,A
2025,3,12,NCR,NCR,CITY OF LAS PIÑAS,28,M,C,N,A
2025,3,12,4A,CAVITE,CAVITE,32,M,C,Y,A
2025,3,12,7,BOHOL,BOHOL,46,F,C,Y,A
2025,3,12,7,BOHOL,BOHOL,27,F,C,N,A
2025,3,12,7,BOHOL,BOHOL,47,F,C,N,A
2025,3,13,NCR,NCR,CITY OF MANILA,38,M,C,Y,A
2025,3,13,NCR,NCR,CITY OF PARAÑAQUE,38,F,C,N,A
2025,3,13,7,BOHOL,BOHOL,59,F,C,Y,A
2025,3,13,7,BOHOL,BOHOL,63,M,C,Y,A
2025,4,14,4A,CAVITE,CAVITE,31,F,C,N,A
2025,4,14,11,DAVAO DEL NORTE,DAVAO DEL NORTE,5,F,C,Y,A
2025,4,14,11,DAVAO DEL NORTE,DAVAO DEL NORTE,3,F,C,Y,A
2025,4,14,7,CEBU,LAPU-LAPU CITY (OPON),21,M,C,Y,D
2025,4,15,4A,CAVITE,CAVITE,19,M,C,Y,A
2025,4,16,NCR,NCR,CITY OF MANILA,38,M,C,Y,A
2025,4,16,11,DAVAO DEL NORTE,DAVAO DEL NORTE,38,M,C,Y,A
2025,4,16,12,SOUTH COTABATO,GENERAL SANTOS CITY (DADIANGAS),10,M,C,Y,A
2025,4,17,7,BOHOL,BOHOL,24,M,C,N,A
2025,5,19,10,MISAMIS OCCIDENTAL,MISAMIS OCCIDENTAL,20,M,C,Y,A
2025,5,20,10,MISAMIS OCCIDENTAL,MISAMIS OCCIDENTAL,20,M,C,Y,A
2025,5,21,7,CEBU,MANDAUE CITY,39,F,C,Y,A
2025,5,21,CARAGA,AGUSAN DEL SUR,AGUSAN DEL SUR,33,M,C,Y,A
2025,5,22,7,BOHOL,BOHOL,12,M,C,Y,A
2025,5,22,7,BOHOL,BOHOL,23,M,C,Y,A
2025,5,22,3,PAMPANGA,ANGELES CITY,42,M,C,Y,A
2025,5,22,10,MISAMIS OCCIDENTAL,MISAMIS OCCIDENTAL,29,M,C,Y,A
2025,6,23,8,LEYTE,ORMOC CITY,28,M,C,Y,A
2025,6,24,12,COTABATO (NORTH COTABATO),COTABATO (NORTH COTABATO),26,M,C,Y,A
2025,6,24,4A,RIZAL,RIZAL,24,M,C,Y,A
2025,6,25,NCR,NCR,QUEZON CITY,46,M,C,N,A
2025,6,25,4A,BATANGAS,BATANGAS,58,M,C,Y,A
2025,6,25,3,PAMPANGA,ANGELES CITY,27,F,C,Y,A
2025,6,25,3,PAMPANGA,ANGELES CITY,50,M,C,Y,A
2025,6,26,7,BOHOL,BOHOL,62,M,C,Y,A
2025,6,27,4A,CAVITE,CAVITE,16,M,C,Y,A
2025,7,27,4A,RIZAL,RIZAL,5,M,C,N,A
2025,7,27,3,BULACAN,BULACAN,50,F,C,Y,A
2025,7,28,NCR,NCR,CITY OF MARIKINA,21,M,C,N,A
2025,7,28,11,DAVAO DEL SUR,DAVAO CITY,9,M,C,N,A
2025,7,28,7,CEBU,CEBU,41,M,C,N,A
2025,7,28,8,LEYTE,LEYTE,31,M,C,Y,A
2025,7,29,6,NEGROS OCCIDENTAL,NEGROS OCCIDENTAL,45,M,C,Y,A
2025,7,29,11,DAVAO DEL SUR,DAVAO CITY,17,F,C,N,A
2025,7,29,7,CEBU,CEBU,29,F,C,Y,A
2025,7,29,10,MISAMIS OCCIDENTAL,MISAMIS OCCIDENTAL,26,F,C,Y,A
2025,7,30,7,CEBU,CEBU,59,M,C,Y,A
2025,7,31,4A,CAVITE,CAVITE,48,M,C,Y,A
2025,7,31,4A,CAVITE,CAVITE,46,M,C,Y,D
2025,8,31,NCR,NCR,CITY OF PARAÑAQUE,34,M,C,Y,A
2025,8,31,4A,CAVITE,CAVITE,37,M,C,Y,A
2025,8,31,7,CEBU,LAPU-LAPU CITY (OPON),37,F,C,Y,A
2025,8,32,8,LEYTE,TACLOBAN CITY,50,F,C,Y,A
2025,8,32,7,CEBU,CEBU,43,F,C,Y,A
2025,8,32,CAR,ABRA,ABRA,21,F,C,Y,A
2025,8,33,6,ILOILO,ILOILO,66,M,C,Y,A
2025,8,33,6,ILOILO,ILOILO,58,M,C,Y,A
2025,8,33,6,ILOILO,ILOILO,56,M,C,Y,A
2025,8,33,6,ILOILO,ILOILO CITY,42,M,C,Y,A
2025,8,33,8,LEYTE,LEYTE,19,M,C,Y,A
2025,8,33,NCR,NCR,QUEZON CITY,65,F,C,Y,A
2025,8,34,11,DAVAO DEL NORTE,DAVAO DEL NORTE,22,F,C,Y,A
2025,8,34,10,MISAMIS ORIENTAL,CAGAYAN DE ORO CITY,32,F,C,Y,A
2025,8,35,7,CEBU,CEBU,15,M,C,Y,A
2025,8,35,7,BOHOL,BOHOL,56,M,C,Y,A
2025,8,35,10,LANAO DEL NORTE,LANAO DEL NORTE,43,F,C,Y,A
2025,8,35,6,ANTIQUE,ANTIQUE,60,M,C,Y,A
2025,8,36,4A,CAVITE,CAVITE,51,F,C,Y,A
2025,9,36,7,BOHOL,BOHOL,20,M,C,Y,A
2025,9,37,8,LEYTE,LEYTE,42,M,C,Y,A
2025,9,37,CAR,ABRA,ABRA,22,M,C,N,A
2025,9,38,12,COTABATO (NORTH COTABATO),COTABATO (NORTH COTABATO),46,M,C,Y,A
2025,9,38,7,BOHOL,BOHOL,15,M,C,Y,A
2025,9,38,7,CEBU,MANDAUE CITY,57,M,C,Y,A
2025,9,39,9,ZAMBOANGA DEL NORTE,ZAMBOANGA DEL NORTE,34,F,C,N,A
2025,9,40,3,PAMPANGA,PAMPANGA,14,M,C,Y,A